task_id,cobyla_objective_final,cobyla_G_feas_final,cobyla_p_feas_final,cobyla_p_opt_final,cobyla_runtime_s,nelder_mead_objective_final,nelder_mead_G_feas_final,nelder_mead_p_feas_final,nelder_mead_p_opt_final,nelder_mead_runtime_s,objective_nelder_minus_cobyla,G_nelder_minus_cobyla
task-v2-07b8f456a957,1.3786348177288883,2.2716427566600044,0.0228166989917394,0.0093311101556837,5.926521045155823,1.3158137547357454,2.289196812452828,0.0237578353842123,0.009193817956162,5.889779818244278,-0.06282106299314294,0.017554055792823764
task-v2-095187356858,1.5760613067653573,2.0436956770386185,0.0033747821400627,0.0025510940878667,5.913037495687604,1.6598231371380665,1.8106276570568367,0.0019732300566177,0.0014926175961914,5.8936198418959975,0.08376183037270923,-0.23306801998178184
task-v2-0b71cbcaebc2,1.3727250642647302,1.5701361188867544,0.0017012864497189,0.0002500087447151,6.064244531095028,1.3781473191235487,1.6612161230079254,0.002098251040291,0.0018099205439457,6.305641073733568,0.0054222548588185315,0.09108000412117101
task-v2-0c6c4504c3d3,1.3818848379630095,1.9884373281712988,0.0594315954172992,0.018221719642884,0.7198332641273737,1.352848330330936,2.010250997080663,0.0624929545501957,0.0190248396248587,0.6456863535568118,-0.02903650763207355,0.021813668909364203
task-v2-11173062a501,1.2440000007213836,2.977930601465551,0.0108770702696158,0.0046191706900304,128.61953016091138,1.1678295609892173,1.9859453275936108,0.0011079665788633,0.0004684964475135,127.69263423420487,-0.0761704397321663,-0.9919852738719401
task-v2-2d64318cb7be,1.4122457098897476,1.3660010476402722,0.0453660624894026,0.0291564009038673,0.3473872514441609,1.4619286961896931,1.2286500882736888,0.03306588319715,0.0208130065312337,0.1230806140229106,0.0496829862999455,-0.13735095936658337
task-v2-3cd2eda112d3,1.3100103531321745,1.449013293892386,0.0823824288543792,0.0557221796299239,0.3442851100116968,1.308759434266542,1.4463126265421578,0.0818717219363957,0.0557101433042397,0.1298733670264482,-0.0012509188656324444,-0.0027006673502283363
task-v2-3f11ce371857,1.601944742471454,2.458451678626854,0.0043850217112904,0.0043850217112904,5.912970184348524,1.6737438685866262,0.9833779837761132,0.000146858150046,0.000146858150046,5.883231579326093,0.07179912611517225,-1.4750736948507408
task-v2-3f363bac5736,1.7528666243413893,1.4154432270493689,0.0254181109118392,0.0254181109118392,0.3407156737521291,1.7310546867528729,1.4684586973560658,0.0287183008433036,0.0287183008433036,0.1208456475287675,-0.021811937588516406,0.053015470306696955
task-v2-420d9636beee,1.430296780991104,3.068869596315217,0.0022351139992961,0.0022351139992961,129.3224922819063,1.420515684588674,2.080834662255092,0.0002297548800299,0.0002297548800299,128.05753523483872,-0.009781096402430078,-0.9880349340601251
task-v2-4746dcc3bd93,1.2776703661110784,3.0311866359184845,0.0020493527473411,0.0020493527473411,125.30847038980572,1.2187645896817274,2.4180802091267624,0.0004994710160726,0.0004994710160726,127.68184826057404,-0.05890577642935102,-0.6131064267917221
task-v2-4968f3a685c2,1.35518580831047,1.1425745544973889,0.0016950581864339,0.0016950581864339,0.6990048885345459,1.3710894561164255,-0.5457529182505834,3.474218576539608e-05,3.474218576539608e-05,0.6506065251305699,0.015903647805955545,-1.6883274727479722
task-v2-4d2b9f5eb099,1.518138438970197,0.9501792083246856,0.0087072146676146,0.0087072146676146,0.3517142422497272,1.5103289160643711,1.1756116132946108,0.014632268327251,0.014632268327251,0.1469452194869518,-0.0078095229058259275,0.22543240496992523
task-v2-4e78b3f98433,1.240018148374048,1.2486646727491948,0.1385015721301386,0.1385015721301386,0.2666617929935455,1.4013000083866376,1.1190067754745354,0.1027535430714993,0.1027535430714993,0.0570839056745171,0.1612818600125896,-0.12965789727465937
task-v2-526a936f38d9,1.3860756364316091,2.889378390144994,0.0059138249316307,0.0013836497394781,127.16541846841574,1.315893367958029,1.750184574965597,0.0004292147604386,6.462174772815904e-05,127.44460330810398,-0.07018226847358022,-1.1391938151793968
task-v2-59a464f36e13,1.51181256356806,2.2081271053484057,0.0024640367152609,0.0024640367152609,6.034765142947435,1.4603594335263457,0.2165047456478845,2.512029961547332e-05,2.512029961547332e-05,6.296356785111129,-0.05145313004171426,-1.9916223597005211
task-v2-5acbf653f95a,1.5212758110814677,1.7035788825511513,0.0123372661721066,0.0081940618448052,0.7141276709735394,1.543267028849185,1.6658254106031862,0.0113100744214059,0.0075437191967376,0.5305198282003403,0.021991217767717286,-0.03775347194796508
task-v2-5b0627539151,1.2863288492755005,2.093071952602592,0.0756226711195635,0.0148318833900557,0.7194664292037487,1.2776279327715645,2.111550655611262,0.0789097588763676,0.0186620455659288,0.5316347619518638,-0.008700916503936007,0.01847870300866994
task-v2-5b5a3995de2b,1.3952958462295526,2.34271127221928,0.0167958251921121,0.0054407215128249,6.538932202383876,1.3417630143930523,2.2847116709745987,0.0146960880281267,0.004733250001306,6.40672751981765,-0.05353283183650026,-0.05799960124468129
task-v2-5d31ef4af595,1.3393885841037412,2.427160345771249,0.0163207610533896,0.0052489678182208,6.333889204077423,1.3321768843031936,2.4190582720829013,0.0160191081255004,0.005226754510374,5.971335946582258,-0.0072116998005475885,-0.008102073688347922
task-v2-5de325b6f026,1.51398918308655,1.5923959715971825,0.0143260770529153,0.00933856749265,0.7383273020386696,1.5431112675569207,1.439639740766144,0.0100779233720418,0.0065102673448382,0.647991725243628,0.02912208447037079,-0.1527562308310384
task-v2-5f165c277bb9,1.4748023209062435,2.819844236551775,0.0100777668321826,0.0024098836647729,78.5652565965429,1.478696521663939,2.8108180310938504,0.0098704760819814,0.0023688525871167,127.27266519982368,0.0038942007576954207,-0.00902620545792443
task-v2-606c43f06406,1.5228660704232224,1.981840561660016,0.0058535673869019,0.0016972285199537,5.9253048757091165,1.6088892306463602,1.8299838943466,0.0041263299778128,0.0015124038114274,6.152754230424762,0.08602316022313783,-0.15185666731341607
task-v2-69173fedcdae,1.2105800681757295,1.875993663891235,0.064224652080595,0.0208523482125508,0.7066348968073726,1.2402761638523123,1.729577130383591,0.045844287430329,0.015038405634072,0.5624577375128865,0.029696095676582823,-0.14641653350764394
task-v2-6996479d6302,1.3489138730961896,1.6312308383099596,0.1671055495543222,0.0528834243560825,0.345774264074862,1.3490456764132186,1.6340891422653083,0.1682089798603116,0.0537650326548108,0.1174899181351065,0.00013180331702900006,0.0028583039553486955
task-v2-6e79cb6720c5,1.382891630179395,3.091290740578039,0.0070606076300206,0.0034478280640309,80.73121580667794,1.3272600024518135,1.8356451943760248,0.0003919191923554,0.0002848468630431,129.26687802188098,-0.055631627727581456,-1.2556455462020144
task-v2-7133b996bac7,1.2538385200034343,2.683806029144023,0.0027628503772803,0.001864625133701,128.87962934188545,1.224252038080864,2.09834303412762,0.0007176197311274,0.0005040162299736,127.27868506219238,-0.029586481922570407,-0.5854629950164028
task-v2-73f419868dc6,1.1640335944273337,1.0604523332189524,0.2693789267546866,0.1084377940177412,0.2855452904477715,1.1352362433159642,1.081020129646452,0.2824433895355812,0.1145595789358674,0.0668737646192312,-0.028797351111369496,0.02056779642749973
task-v2-780e1209d403,1.3982465400800916,2.905730047671278,0.0184221950457609,0.0025597972512018,119.02101413160564,1.2901532552983317,3.0710839265319327,0.0269584708897735,0.004296575359576,127.9304167162627,-0.10809328478175995,0.16535387886065456
task-v2-7d4ec5aed494,1.3139421696951634,2.880682870808354,0.0028982974108346,0.0024012400072337,129.71589071583003,1.2237331463194985,2.14565376710792,0.0005334747212416,0.0005257547545621,115.23467755131423,-0.09020902337566494,-0.735029103700434
task-v2-8792ce3c54d5,1.6037100698716134,1.8372654033143552,0.0083921929355916,0.0083921929355916,0.7368224319070578,1.5775238977371593,2.0293627370266454,0.0130608906493591,0.0130608906493591,0.5575733128935099,-0.026186172134454067,0.1920973337122902
task-v2-89b7591232ff,1.2840792248895196,2.407957930052655,0.002927785548743,0.0001238014935514,127.2065844181925,1.2866141409488263,1.8147828149445453,0.000747074904051,0.0001981763911854,115.0487930616364,0.002534916059306669,-0.5931751151081097
task-v2-8c0a098a6f8b,1.2001219614274192,2.00177322156214,0.0857988205831076,0.0143376026781468,0.7286134567111731,1.240299152654721,1.841086286245412,0.0592644669641655,0.0100360493250931,0.5499284425750375,0.04017719122730168,-0.16068693531672817
task-v2-8f4071cbe937,1.532127414646346,1.5560616056678906,0.00878418872176,0.0042411043780332,0.6806348375976086,1.551883229557495,1.4247412275352351,0.0064920413834321,0.0030998580838972,0.5517627745866776,0.019755814911148972,-0.1313203781326555
task-v2-9f1427c2fbd8,1.4484159448785463,2.2865912189664463,0.0177117934411683,0.0083571261952198,5.926360650919378,1.3520620013610367,2.331687435901924,0.0196498281097255,0.0087333840683196,6.163609196431935,-0.09635394351750959,0.04509621693547761
task-v2-a0f813383468,1.4569166913173148,1.414986272462338,0.076174141889041,0.0247643368866644,0.3791613643988967,1.4758040747252517,1.3589337981223215,0.0669506960048279,0.0218503566282369,0.1353735700249672,0.01888738340793683,-0.05605247434001659
task-v2-a2561503b5d0,1.471458518066532,2.2346056953517968,0.0052378826037714,0.0028848647109603,5.999839728698134,1.550571631213005,2.163346579535535,0.0044452546463876,0.0027408533153344,6.1832475354895,0.07911311314647285,-0.07125911581626188
task-v2-ac528a9510be,1.3784627899220805,1.94232049603338,0.0427553576555398,0.0089190471671947,0.735700111836195,1.4683250792540403,1.594527468115308,0.0191954154384605,0.003666216919102,0.575124217197299,0.08986228933195983,-0.3477930279180719
task-v2-b5e00db3fe1a,1.3012890180956682,2.427171195228416,0.0367226297559987,0.0141532945081059,6.192190853878856,1.3005324352395244,2.286463640435998,0.0265598867720882,0.0096286510311527,6.394681642763317,-0.0007565828561437726,-0.14070755479241814
task-v2-b9b3757d64c0,1.3283033902083514,2.77758248676571,0.0045716456476987,0.0023759986078605,129.88830542284995,1.2247561788064345,2.021036080763813,0.0008008038537904,0.0004681165514281,85.88641359191388,-0.10354721140191692,-0.7565464060018972
task-v2-c5ed7c8b71f4,1.2566182888792197,1.9696656500576089,0.0683009834150155,0.0105250055773344,0.7845569243654609,1.2589907864150016,1.8776046465831489,0.055254283714676,0.0092577295235546,0.5475010955706239,0.0023724975357819478,-0.09206100347446
task-v2-c95d7e1ff6e7,1.412615898623212,2.514389269047061,0.004987803532022,0.0017607419266161,126.68837268836796,1.432571652807158,2.3878362725496185,0.0037269738186963,0.0013098839309,110.5222756676376,0.019955754183945906,-0.12655299649744256
task-v2-ce7fc44fc7b5,1.2602882371218822,1.1029459964602044,0.2970689639076634,0.1158993787652253,0.2631901884451508,1.2601116033699384,1.1043074337152097,0.2980016843545126,0.1164468483966929,0.0541697116568684,-0.00017663375194376663,0.00136143725500526
task-v2-cf1a83d8dbf9,1.3330814828014057,2.4488316152812963,0.0257337415569877,0.0078442884425534,6.34944711625576,1.3361075236297006,2.268881515846482,0.0170040680996662,0.0051102166192693,6.384648248553276,0.0030260408282949403,-0.17995009943481444
task-v2-d7382a83ef13,1.3651376944024782,1.099695943039874,0.196569425804615,0.1129773092559736,0.2647293042391538,1.3773227972257975,1.1060106710723991,0.1994484644752041,0.1096694421168411,0.0549721252173185,0.012185102823319305,0.006314728032525085
task-v2-e243a3cd3e64,1.32999934632616,1.963010867638638,0.0112103952248079,0.0028469454871638,6.255147444084287,1.3726761766763351,1.847207363447401,0.0085865246261507,0.0023802242133013,6.268454723060131,0.04267683035017522,-0.11580350419123686
task-v2-e442db508705,1.5648622119105828,1.1049670937671032,0.0994848900082902,0.0994848900082902,0.2767477873712778,1.5848599878719805,1.0757026569441623,0.0930020854816997,0.0930020854816997,0.0477375267073512,0.019997775961397624,-0.029264436822940887
task-v2-e449b07a1126,1.4103711734454836,2.8920105214183405,0.0029748878603969,0.0018910039197715,87.55350290518254,1.358800757495738,1.9266303402377416,0.0003221739474084,0.0002611804604328,106.74952816963196,-0.05157041594974565,-0.9653801811805989
task-v2-eb1005d46905,1.392208428368228,1.9968959806512487,0.0484803814600285,0.0176856339520718,0.7479066913947463,1.3694392513820186,2.014609119730319,0.0504985801539972,0.0185543957367335,0.594687762670219,-0.022769176986209283,0.01771313907907035
task-v2-ef23e17da545,1.4165767151067548,1.889355691256802,0.0283848760656733,0.0137635074674036,0.7003606148064137,1.4898048500363004,1.6070980961018972,0.0148193585978536,0.0076559222348558,0.5939056621864438,0.07322813492954561,-0.2822575951549047
task-v2-f0ef0f25a74e,1.3064991606534662,2.042975375487877,0.0808605483677423,0.0305063915389925,0.7272241795435548,1.2950700883360553,2.036133479965934,0.0795966494196583,0.0300038094306595,0.5666216257959604,-0.01142907231741086,-0.00684189552194292
task-v2-f1a738d52e35,1.4719813714922196,1.4479683269969728,0.0547896297996338,0.028648685181793,0.3489638352766633,1.5014188663438437,1.3302052886078364,0.0417768150642323,0.0211592457597685,0.1255617598071694,0.029437494851624058,-0.11776303838913638
task-v2-f4789f22d2c1,1.4472692712522233,0.5371919345730127,0.0134571151704459,0.00741087249702,0.3606173722073436,1.4470643369865983,0.5434971493849879,0.0136539146595596,0.0075746322846665,0.1242163693532347,-0.00020493426562495642,0.006305214811975213
task-v2-f5c9b9bdeb27,1.3260430211283492,2.646240113858948,0.0084463718304962,0.0025005728602707,126.80698083620518,1.324775683395781,2.685141302385244,0.0092378601819297,0.0027563303240504,79.79335439670831,-0.0012673377325682633,0.03890118852629598
task-v2-f6d986d24578,1.448191028335852,2.4547672420254965,0.0130439332021348,0.0050075181316008,6.021545651368797,1.5430876080258853,2.119645940466112,0.0060295828161867,0.0027562820399149,6.454814601689577,0.0948965796900334,-0.3351213015593846
task-v2-f83834022ee2,1.5389364989001957,0.8727106871650077,0.1165549475247032,0.0504001496250785,0.1592083536088466,1.5389340943685623,0.8730346550793986,0.1166419257207343,0.0504801941590944,0.0640861922875046,-2.404531633359852e-06,0.0003239679143909324
