run_id,task_id,base_graph_id,base_instance_id,size_stratum,stress_level,dilution_score,p_feas,cvar_alpha,cvar_value,cvar_cutoff_energy,cvar_tail_fully_feasible,cvar_tail_feasible_mass,cvar_fractional_cutoff_mass,p_feas_at_least_alpha,cvar_tail_condition_pass
objective-run-9eb5aefb53de2735269e,task-v2-e442db508705,g-548c8c6335dd2a2e,v2-S1-b000-g-548c8c6335dd2a2e,S1,D1,2.1072099696478683,0.1005090369008199,0.1,0.0232558139534883,0.0232558139534883,True,0.1,0.1,True,True
objective-run-551af2c864e43ba7b576,task-v2-d7382a83ef13,g-548c8c6335dd2a2e,v2-S1-b000-g-548c8c6335dd2a2e,S1,D2,1.806179973983887,0.1525829334476858,0.1,0.0232558139534883,0.0232558139534883,True,0.1,0.1,True,True
objective-run-4f07e3fac302b366bf4a,task-v2-ce7fc44fc7b5,g-548c8c6335dd2a2e,v2-S1-b000-g-548c8c6335dd2a2e,S1,D3,1.630088714928206,0.2604066546367299,0.1,0.0232558139534883,0.0232558139534883,True,0.1,0.1,True,True
objective-run-effa3b2fdabeaabbe5d1,task-v2-4e78b3f98433,g-553bb3c5ba0f2136,v2-S1-b001-g-553bb3c5ba0f2136,S1,D1,2.1072099696478683,0.1002946856020147,0.1,0.0697674418604651,0.0697674418604651,True,0.1,0.1,True,True
objective-run-d0178203eb2386a96a0e,task-v2-f83834022ee2,g-553bb3c5ba0f2136,v2-S1-b001-g-553bb3c5ba0f2136,S1,D2,1.806179973983887,0.1229147310215653,0.1,0.0562638149072318,0.0697674418604651,True,0.1,0.0419344041010971,True,True
objective-run-8212d6b055ec10af1469,task-v2-73f419868dc6,g-553bb3c5ba0f2136,v2-S1-b001-g-553bb3c5ba0f2136,S1,D3,1.630088714928206,0.2692989412267525,0.1,0.0465116279069767,0.0465116279069767,True,0.1,0.1,True,True
objective-run-0f1854a4089c7539b781,task-v2-3f363bac5736,g-60667963f6db3f1b,v2-S2-b000-g-60667963f6db3f1b,S2,D1,3.010299956639812,0.0451292256647498,0.1,0.6477297390300665,1.1666666666666667,False,0.0451292256647498,0.0008503067368312,False,True
objective-run-61f4269f3495adadd3d9,task-v2-f1a738d52e35,g-60667963f6db3f1b,v2-S2-b000-g-60667963f6db3f1b,S2,D2,2.709269960975831,0.1108198594209653,0.1,0.0827662655987961,0.1337209302325581,True,0.1,0.0373985548785209,True,True
objective-run-d1b3ffd0e443243ef697,task-v2-a0f813383468,g-60667963f6db3f1b,v2-S2-b000-g-60667963f6db3f1b,S2,D3,2.533178701920149,0.1593461474040166,0.1,0.0657480230390603,0.0872093023255814,True,0.1,0.0384776660453062,True,True
objective-run-acfc411de6ee416c92f7,task-v2-6996479d6302,g-60667963f6db3f1b,v2-S2-b000-g-60667963f6db3f1b,S2,D4,2.4082399653118496,0.1801205095895208,0.1,0.0662052584691196,0.0872093023255814,True,0.1,0.0397884076114763,True,True
objective-run-ccbaa66d655a58b8e54c,task-v2-4d2b9f5eb099,g-6aa6775bed3bc2cc,v2-S2-b001-g-6aa6775bed3bc2cc,S2,D1,3.010299956639812,0.0305413482957717,0.1,0.7971358499334832,1.1196389813094534,False,0.0305413482957717,0.0080550448517703,False,True
objective-run-8768842b285b5139578b,task-v2-2d64318cb7be,g-6aa6775bed3bc2cc,v2-S2-b001-g-6aa6775bed3bc2cc,S2,D2,2.709269960975831,0.0700640126146216,0.1,0.4024103006804189,1.1111111111111112,False,0.0700640126146215,0.0112989244066591,False,True
objective-run-f7d02030f412ba641128,task-v2-3cd2eda112d3,g-6aa6775bed3bc2cc,v2-S2-b001-g-6aa6775bed3bc2cc,S2,D3,2.533178701920149,0.1031378135327585,0.1,0.0933531056109708,0.1337209302325581,True,0.1,0.0305673416508697,True,True
objective-run-820e37cbdbaaec5e5c89,task-v2-f4789f22d2c1,g-6aa6775bed3bc2cc,v2-S2-b001-g-6aa6775bed3bc2cc,S2,D4,2.4082399653118496,0.0830858464542516,0.1,0.2709969342232384,1.1169250645994833,False,0.0830858464542516,0.0061688494846689,False,True
objective-run-20c65409582cbbc3c68f,task-v2-4968f3a685c2,g-8a16a856f5377a40,v2-S3-b000-g-8a16a856f5377a40,S3,D1,3.9133899436317554,0.0149150014151345,0.1,0.9254604767549474,1.0939776548310336,False,0.0149150014151345,4.1120642256045614e-05,False,True
objective-run-3c9f1161165b0d95a0d6,task-v2-8f4071cbe937,g-8a16a856f5377a40,v2-S3-b000-g-8a16a856f5377a40,S3,D2,3.612359947967774,0.043377403443875,0.1,0.6415283853563262,1.072590099507637,False,0.043377403443875,0.0077647921700462,False,True
objective-run-2d67288284104f5ff5d0,task-v2-5de325b6f026,g-8a16a856f5377a40,v2-S3-b000-g-8a16a856f5377a40,S3,D3,3.436268688912093,0.0646689418357218,0.1,0.4339926506914769,1.0547403525411967,False,0.0646689418357217,0.0136608550639365,False,True
objective-run-1a625342f194c0795820,task-v2-eb1005d46905,g-8a16a856f5377a40,v2-S3-b000-g-8a16a856f5377a40,S3,D4,3.311329952303793,0.0767570638525745,0.1,0.30736051123452,1.0697761537667834,False,0.0767570638525745,0.0069504321653996,False,True
objective-run-fa1d32dae2ed95a5aaf4,task-v2-0c6c4504c3d3,g-8a16a856f5377a40,v2-S3-b000-g-8a16a856f5377a40,S3,D5,3.2144199392957367,0.0899421242993366,0.1,0.1754068890655492,1.0666666666666669,False,0.0899421242993366,0.0005655431496006,False,True
objective-run-0496c9efcc31592e5cc0,task-v2-f0ef0f25a74e,g-8a16a856f5377a40,v2-S3-b000-g-8a16a856f5377a40,S3,D6,3.135238693248112,0.1008587213938307,0.1,0.0740798046422092,0.1046511627906976,True,0.1,0.0159368455684479,True,True
objective-run-fafd079a8c4f4af2ea1b,task-v2-69173fedcdae,g-8a16a856f5377a40,v2-S3-b000-g-8a16a856f5377a40,S3,D7,3.0682919036174985,0.1404557784554211,0.1,0.0661685673368394,0.0930232558139534,True,0.1,0.0011203887329133,True,True
objective-run-c002ca762e2be026b417,task-v2-8792ce3c54d5,g-a712031e7959d564,v2-S3-b001-g-a712031e7959d564,S3,D1,3.9133899436317554,0.0274199170435803,0.1,0.7852981597440019,1.0772425249169435,False,0.0274199170435804,0.0067012767545213,False,True
objective-run-9abf1d1445914a2338e5,task-v2-5acbf653f95a,g-a712031e7959d564,v2-S3-b001-g-a712031e7959d564,S3,D2,3.612359947967774,0.0349164064282016,0.1,0.7088957243475349,1.0714285714285714,False,0.0349164064282016,0.0247195557137718,False,True
objective-run-aca415d77deb13098083,task-v2-ef23e17da545,g-a712031e7959d564,v2-S3-b001-g-a712031e7959d564,S3,D3,3.436268688912093,0.0493774238832213,0.1,0.5632157895195744,1.0714285714285714,False,0.0493774238832213,0.0093041320208495,False,True
objective-run-83951d9fc929ab50663c,task-v2-ac528a9510be,g-a712031e7959d564,v2-S3-b001-g-a712031e7959d564,S3,D4,3.311329952303793,0.0658747604732703,0.1,0.3960244320396627,1.0714285714285714,False,0.0658747604732701,0.0041922797717967,False,True
objective-run-ad5ea53744984b64c26e,task-v2-5b0627539151,g-a712031e7959d564,v2-S3-b001-g-a712031e7959d564,S3,D5,3.2144199392957367,0.0920212431323841,0.1,0.1324955101484477,1.0543251964745357,False,0.0920212431323839,0.007978756867616,False,True
objective-run-3ae366b7a35c529deb98,task-v2-c5ed7c8b71f4,g-a712031e7959d564,v2-S3-b001-g-a712031e7959d564,S3,D6,3.135238693248112,0.1111990687945153,0.1,0.0504426730834479,0.0755813953488372,True,0.1,0.0068908325900641,True,True
objective-run-166a81652f928072874e,task-v2-8c0a098a6f8b,g-a712031e7959d564,v2-S3-b001-g-a712031e7959d564,S3,D7,3.0682919036174985,0.105444460863438,0.1,0.0520325808042154,0.0755813953488372,True,0.1,0.0102856947639237,True,True
objective-run-cd61fa2a6b42b719f787,task-v2-3f11ce371857,g-3ff7063ef9ea5cfb,v2-S4-b000-g-3ff7063ef9ea5cfb,S4,D1,4.816479930623699,0.0127592876017221,0.1,0.9307949881921465,1.0687103594080338,False,0.0127592876017221,0.0089521498561844,False,True
objective-run-3abd2fc0d1367c365071,task-v2-095187356858,g-3ff7063ef9ea5cfb,v2-S4-b000-g-3ff7063ef9ea5cfb,S4,D2,4.515449934959718,0.0099016233282736,0.1,0.957851655353296,1.0628964059196615,False,0.0099016233282736,0.0089421267170595,False,True
objective-run-b7c4590fa7e2d639f340,task-v2-0b71cbcaebc2,g-3ff7063ef9ea5cfb,v2-S4-b000-g-3ff7063ef9ea5cfb,S4,D3,4.339358675904037,0.025344556666231,0.1,0.8116785595550761,1.080338266384778,False,0.025344556666231,0.0017582571265654,False,True
objective-run-864724dc3e6865af5660,task-v2-606c43f06406,g-3ff7063ef9ea5cfb,v2-S4-b000-g-3ff7063ef9ea5cfb,S4,D4,4.214419939295737,0.0194551554240503,0.1,0.8654651586151842,1.0628964059196615,False,0.0194551554240503,0.0128147967484131,False,True
objective-run-21ca30371b2c6b79e39d,task-v2-9f1427c2fbd8,g-3ff7063ef9ea5cfb,v2-S4-b000-g-3ff7063ef9ea5cfb,S4,D5,4.038328680240055,0.0332112800028367,0.1,0.7532624717912318,1.1094080338266386,False,0.0332112800028367,0.0020122650090157,False,True
objective-run-64a335ad498520ea2c2d,task-v2-07b8f456a957,g-3ff7063ef9ea5cfb,v2-S4-b000-g-3ff7063ef9ea5cfb,S4,D6,3.9133899436317554,0.0421975537211719,0.1,0.6721613893483863,1.1316067653276956,False,0.0421975537211719,0.0006392194126128,False,True
objective-run-2a87d230fdeb290e548c,task-v2-b5e00db3fe1a,g-3ff7063ef9ea5cfb,v2-S4-b000-g-3ff7063ef9ea5cfb,S4,D7,3.8622374211843744,0.0470417104516686,0.1,0.6108713872358461,1.1094080338266386,False,0.0470417104516685,0.000916754692282,False,True
objective-run-f24e4981e85ddd01146b,task-v2-59a464f36e13,g-bd62d2d752385cc7,v2-S4-b001-g-bd62d2d752385cc7,S4,D1,4.816479930623699,0.0091127435539044,0.1,0.9614543907887446,1.0628964059196615,False,0.0091127435539044,0.0068973964874968,False,True
objective-run-4ba86f3d0081d7302d1b,task-v2-a2561503b5d0,g-bd62d2d752385cc7,v2-S4-b001-g-bd62d2d752385cc7,S4,D2,4.515449934959718,0.013679744846555,0.1,0.9263486370191056,1.074524312896406,False,0.013679744846555,0.0041491272219959,False,True
objective-run-bfa483ed50db0ab5d067,task-v2-f6d986d24578,g-bd62d2d752385cc7,v2-S4-b001-g-bd62d2d752385cc7,S4,D3,4.339358675904037,0.0186770647517475,0.1,0.879197587090567,1.074524312896406,False,0.0186770647517475,0.0008823902268048,False,True
objective-run-0a286800d4656691122a,task-v2-5d31ef4af595,g-bd62d2d752385cc7,v2-S4-b001-g-bd62d2d752385cc7,S4,D4,4.214419939295737,0.0205794523647627,0.1,0.8700794625314943,1.0919661733615222,False,0.0205794523647627,0.0045405613713708,False,True
objective-run-d5f460189f59a6437d4e,task-v2-5b5a3995de2b,g-bd62d2d752385cc7,v2-S4-b001-g-bd62d2d752385cc7,S4,D5,4.11750992628768,0.033405627701848,0.1,0.7636254509288115,1.1210359408033823,False,0.033405627701848,0.0004277976304262,False,True
objective-run-ebc6a69a3b6c1f0d3c24,task-v2-cf1a83d8dbf9,g-bd62d2d752385cc7,v2-S4-b001-g-bd62d2d752385cc7,S4,D6,4.038328680240055,0.0440961046370338,0.1,0.6632291846429426,1.1316067653276956,False,0.0440961046370339,0.0006695875757147,False,True
objective-run-6947f881efd520412cfa,task-v2-e243a3cd3e64,g-bd62d2d752385cc7,v2-S4-b001-g-bd62d2d752385cc7,S4,D7,3.9133899436317554,0.0437790767569482,0.1,0.6447742310701924,1.0919661733615222,False,0.0437790767569483,0.0016404673433062,False,True
objective-run-d0e79bf321c567540279,task-v2-4746dcc3bd93,g-a87f1b9ac089cc45,v2-S5-b000-g-a87f1b9ac089cc45,S5,D1,5.719569917615643,0.0158027004731852,0.1,0.8861942849860468,1.0589700996677742,False,0.0158027004731852,0.0065146911496621,False,True
objective-run-aae383e34b24a3a951f4,task-v2-7d4ec5aed494,g-a87f1b9ac089cc45,v2-S5-b000-g-a87f1b9ac089cc45,S5,D2,5.418539921951662,0.0204749783144732,0.1,0.8458409632002203,1.0647840531561463,False,0.0204749783144732,0.0024617880765274,False,True
objective-run-9719261e7485d26b2f77,task-v2-7133b996bac7,g-a87f1b9ac089cc45,v2-S5-b000-g-a87f1b9ac089cc45,S5,D3,5.24244866289598,0.0290209760885955,0.1,0.762984800482949,1.0589700996677742,False,0.0290209760885955,0.0086187724713598,False,True
objective-run-a4fee466c35c4fa31025,task-v2-b9b3757d64c0,g-a87f1b9ac089cc45,v2-S5-b000-g-a87f1b9ac089cc45,S5,D4,5.11750992628768,0.0348919090283009,0.1,0.7071906977852613,1.0647840531561463,False,0.0348919090283009,0.0005321277775487,False,True
objective-run-b3b7d0422449a27b34aa,task-v2-11173062a501,g-a87f1b9ac089cc45,v2-S5-b000-g-a87f1b9ac089cc45,S5,D5,4.941418667231999,0.0266570666794359,0.1,0.7909206326354209,1.0647840531561463,False,0.0266570666794358,0.0016189043897129,False,True
objective-run-c6b7101e4df3bed2bdda,task-v2-c95d7e1ff6e7,g-a87f1b9ac089cc45,v2-S5-b000-g-a87f1b9ac089cc45,S5,D6,4.816479930623699,0.0171463713559,0.1,0.8772413885498377,1.053156146179402,False,0.0171463713559001,0.0103941969160955,False,True
objective-run-91a2aee078c42623bf19,task-v2-f5c9b9bdeb27,g-a87f1b9ac089cc45,v2-S5-b000-g-a87f1b9ac089cc45,S5,D7,4.719569917615643,0.0210535853442318,0.1,0.8612195525790609,1.100498338870432,False,0.0210535853442318,8.892546759961539e-05,False,True
objective-run-af7c7cedb3895c17da0e,task-v2-420d9636beee,g-e0c69f84d376b633,v2-S5-b001-g-e0c69f84d376b633,S5,D1,5.719569917615643,0.0056470197806504,0.1,0.9917888198859168,1.0533282109957902,False,0.0056470197806504,0.0031665329471536,False,True
objective-run-03914190dba97ae60e54,task-v2-e449b07a1126,g-e0c69f84d376b633,v2-S5-b001-g-e0c69f84d376b633,S5,D2,5.418539921951662,0.0092153414780195,0.1,0.9575436667114652,1.059108527131783,False,0.0092153414780195,0.0002744211249915,False,True
objective-run-703688ef9b7f544bfd4d,task-v2-6e79cb6720c5,g-e0c69f84d376b633,v2-S5-b001-g-e0c69f84d376b633,S5,D3,5.24244866289598,0.0130237121172822,0.1,0.9209524941864272,1.059108527131783,False,0.0130237121172822,0.00285716576176,False,True
objective-run-a5dc6c75c7ce4b75c339,task-v2-526a936f38d9,g-e0c69f84d376b633,v2-S5-b001-g-e0c69f84d376b633,S5,D4,5.11750992628768,0.0187952675355513,0.1,0.8634462955969452,1.059108527131783,False,0.0187952675355513,0.0032953266912331,False,True
objective-run-bfb7ad91a429b3ebdd1e,task-v2-89b7591232ff,g-e0c69f84d376b633,v2-S5-b001-g-e0c69f84d376b633,S5,D5,4.941418667231999,0.0554155068873643,0.1,0.5074554078132494,1.0707364341085273,False,0.0554155068873644,0.0046489442428066,False,True
objective-run-c57f57a6c20d73060de6,task-v2-5f165c277bb9,g-e0c69f84d376b633,v2-S5-b001-g-e0c69f84d376b633,S5,D6,4.816479930623699,0.0281107995372971,0.1,0.773435525832708,1.059108527131783,False,0.0281107995372971,0.0028565232136578,False,True
objective-run-1a26ffc80fcd9e64adfc,task-v2-780e1209d403,g-e0c69f84d376b633,v2-S5-b001-g-e0c69f84d376b633,S5,D7,4.640388671568018,0.0352516691242798,0.1,0.741965262057561,1.12984496124031,False,0.0352516691242797,5.667288269864401e-05,False,True
