run_id,task_id,objective_id,p_feas,expected_total_penalty,penalty_bound_lower_margin,penalty_bound_upper_margin,penalty_bound_pass
objective-run-113bdcd2c5c9cbcb86b9,task-v2-e442db508705,O0,0.0997230459935713,1.4987041698755,0.5984272158690711,2.102403646150215,True
objective-run-d8208e362f8bb90f4f5f,task-v2-e442db508705,O1,0.0998113019968593,1.5006538596756531,0.600465161672513,2.100100932336909,True
objective-run-a272fbab81febace160d,task-v2-e442db508705,O2,0.1325816093153602,1.643002637658503,0.7755842469738627,1.8266709250800568,True
objective-run-9eb5aefb53de2735269e,task-v2-e442db508705,O3,0.1005090369008199,1.5670230098059783,0.6675320467068011,2.0309408425907387,True
objective-run-e603f25baa3db5bb6b85,task-v2-d7382a83ef13,O0,0.2052811670564627,1.2947583238401537,0.5000394908966157,1.884117007933996,True
objective-run-5c182c6d4821770e3beb,task-v2-d7382a83ef13,O1,0.2093414506181197,1.2946808376587784,0.5040222882769012,1.8679533598687383,True
objective-run-f928b883564756fcd4e4,task-v2-d7382a83ef13,O2,0.1903298490342723,1.3380540364607891,0.528383885495062,1.9006265674021208,True
objective-run-551af2c864e43ba7b576,task-v2-d7382a83ef13,O3,0.1525829334476858,1.4241563539548838,0.576739287402569,1.9655119122543736,True
objective-run-d2817bd597a1ac455436,task-v2-ce7fc44fc7b5,O0,0.2976010907628769,1.184031369591574,0.4816324603544519,1.6255642673569164,True
objective-run-41bff35e473d52fce28c,task-v2-ce7fc44fc7b5,O1,0.2987004009338344,1.184030182800668,0.4827305837345017,1.621168213463995,True
objective-run-9bd3b09abc48bad03b86,task-v2-ce7fc44fc7b5,O2,0.3163074767343345,1.1756096270321104,0.491917103766447,1.5591604660305485,True
objective-run-4f07e3fac302b366bf4a,task-v2-ce7fc44fc7b5,O3,0.2604066546367299,1.2690573900543258,0.5294640446910557,1.6893159913987548,True
objective-run-4129178f237c74e1fc62,task-v2-4e78b3f98433,O0,0.1496859295673072,1.1442860432675372,0.293971972834845,2.256970238463233,True
objective-run-22f60d22f1eb48105a0a,task-v2-4e78b3f98433,O1,0.1031041292277914,1.3487641352984914,0.4518682645262828,2.238819347790342,True
objective-run-fadf304d83d2fa9be9be,task-v2-4e78b3f98433,O2,0.1363480288934495,1.3035147042158477,0.4398627331092978,2.151093180210353,True
objective-run-effa3b2fdabeaabbe5d1,task-v2-4e78b3f98433,O3,0.1002946856020147,1.354870423532699,0.4551651091347134,2.2439508340592424,True
objective-run-1116de6f2c8188c0ba93,task-v2-f83834022ee2,O0,0.1165549475247032,1.4644954338487917,0.5810503813734965,2.0692847760523936,True
objective-run-f1457b300346fb0ba71b,task-v2-f83834022ee2,O1,0.1181396841342912,1.464185415150273,0.5823250992845649,2.0632558483125614,True
objective-run-7fe62abf444dd6adef90,task-v2-f83834022ee2,O2,0.1349668443093703,1.4838822039953252,0.6188490483046958,1.9762504187671928,True
objective-run-d0178203eb2386a96a0e,task-v2-f83834022ee2,O3,0.1229147310215653,1.5216062744320222,0.6445210054535876,1.9867348014817163,True
objective-run-7926d3612b425cf12f59,task-v2-73f419868dc6,O0,0.3029750058558684,1.0322925935322826,0.3352675993881487,1.7558073830442475,True
objective-run-dd382602d6900664bc7d,task-v2-73f419868dc6,O1,0.3054185699298715,1.0297546780125684,0.3351732479424419,1.748571042267942,True
objective-run-00ab1ac79642da8bf0f5,task-v2-73f419868dc6,O2,0.3204012917621744,1.054563607203897,0.3749648989660715,1.663831225747405,True
objective-run-8212d6b055ec10af1469,task-v2-73f419868dc6,O3,0.2692989412267525,1.089702160508166,0.3590011017349199,1.8331020745848217,True
objective-run-059121e2d9c6ad020498,task-v2-3f363bac5736,O0,0.0285626067695536,1.6306848417025277,0.6592474484720849,2.255064731219254,True
objective-run-6809b38bd54e82ab23ba,task-v2-3f363bac5736,O1,0.027647178164171,1.6373777651674195,0.6650249433315899,2.252033522175897,True
objective-run-310258aca30343acf5b9,task-v2-3f363bac5736,O2,0.0499136840189029,1.7970575841339116,0.8469712681528141,2.003287679790477,True
objective-run-0f1854a4089c7539b781,task-v2-3f363bac5736,O3,0.0451292256647498,1.7819123926973035,0.8270416183620535,2.0375707046436973,True
objective-run-7d91b6f27ad495948f91,task-v2-f1a738d52e35,O0,0.0709677404945372,1.3793393026644722,0.4503070431590121,2.3367897353573754,True
objective-run-5cb4c293f771cd8f37ca,task-v2-f1a738d52e35,O1,0.0594895413612713,1.399440479644964,0.4589300210062348,2.3626013549099514,True
objective-run-823f47e541eb847ca2bb,task-v2-f1a738d52e35,O2,0.1101467984530276,1.4871550210255262,0.597301819478552,2.0722577851623654,True
objective-run-61f4269f3495adadd3d9,task-v2-f1a738d52e35,O3,0.1108198594209653,1.4960129797503423,0.6068328391713064,2.060707582565798,True
objective-run-05f7e63e01b3405048f7,task-v2-a0f813383468,O0,0.0951604807438198,1.3586860204989777,0.4538465012427982,2.260672056525742,True
objective-run-92662d603c13e62f57a3,task-v2-a0f813383468,O1,0.088573433796346,1.3672225344488014,0.4557959682451477,2.278483730365814,True
objective-run-783ebe350efc441480be,task-v2-a0f813383468,O2,0.1201681925277981,1.4630452447267317,0.5832134372545277,2.0562819851620784,True
objective-run-d1b3ffd0e443243ef697,task-v2-a0f813383468,O3,0.1593461474040166,1.5041656524541924,0.6635117998582132,1.858449757929736,True
objective-run-1317225bc4ac5597558c,task-v2-6996479d6302,O0,0.1808988761819973,1.2149201877129496,0.3958190638949475,2.06148430755906,True
objective-run-d322c95d046bc90d3cdc,task-v2-6996479d6302,O1,0.1779498664906944,1.2185452835911217,0.3964951500818159,2.0696552504461008,True
objective-run-f42e5d1d37443d302322,task-v2-6996479d6302,O2,0.1848263169315107,1.2636107105908885,0.448437027522399,1.9970840216830688,True
objective-run-acfc411de6ee416c92f7,task-v2-6996479d6302,O3,0.1801205095895208,1.294685244993026,0.4748057545825481,1.9848327166488888,True
objective-run-341fda7eb267276214b2,task-v2-4d2b9f5eb099,O0,0.0201278141372789,1.3909354486589751,0.4110632627962567,2.5285532947919065,True
objective-run-b2801a4c5d65806b866b,task-v2-4d2b9f5eb099,O1,0.0231046616490888,1.3833156638085349,0.4064203254576227,2.524265689595111,True
objective-run-c122b56d2050350290dd,task-v2-4d2b9f5eb099,O2,0.0434188393146394,1.6278889594194583,0.6713077987340998,2.1984356833219816,True
objective-run-ccbaa66d655a58b8e54c,task-v2-4d2b9f5eb099,O3,0.0305413482957717,1.5462645409230138,0.5768058892187842,2.3315700658939007,True
objective-run-e36a1f83384799fd757c,task-v2-2d64318cb7be,O0,0.0609591209177778,1.2982238550462235,0.3591829759640018,2.4579396612826647,True
objective-run-c4b041b455d6deddfb2b,task-v2-2d64318cb7be,O1,0.064009951300379,1.292219334431965,0.3562292857323424,2.4517408603665203,True
objective-run-858b129e6eb0064efb07,task-v2-2d64318cb7be,O2,0.052863284002841,1.5521640643560397,0.6050273483588803,2.2363827996325965,True
objective-run-8768842b285b5139578b,task-v2-2d64318cb7be,O3,0.0700640126146216,1.590815161353051,0.6608791739676715,2.128928788188464,True
objective-run-e96a7399f4e5b8ec4f87,task-v2-3cd2eda112d3,O0,0.0822313691186839,1.2147533139679072,0.2969846830865911,2.456321209557357,True
objective-run-843b3ede5d5f6c33882f,task-v2-3cd2eda112d3,O1,0.0860911627654492,1.2141158432895955,0.3002070060550438,2.4415195056486088,True
objective-run-97fdd5a19e363e20bed0,task-v2-3cd2eda112d3,O2,0.0999468819729407,1.2576424375625697,0.3575893195355101,2.342570034545668,True
objective-run-f7d02030f412ba641128,task-v2-3cd2eda112d3,O3,0.1031378135327585,1.2217692968361624,0.3249071103689207,2.365679449032804,True
objective-run-5e006d8837ff80257ec6,task-v2-f4789f22d2c1,O0,0.0134820647217175,1.340532409634689,0.3540144743564055,2.605539331478442,True
objective-run-4616eee1783211625042,task-v2-f4789f22d2c1,O1,0.025104805448016,1.3206964950116444,0.3458013004596608,2.578884283196292,True
objective-run-a9f842ce0d72f23cc0f4,task-v2-f4789f22d2c1,O2,0.1507419829356908,1.1322912628690456,0.2830332458047364,2.264740805388191,True
objective-run-820e37cbdbaaec5e5c89,task-v2-f4789f22d2c1,O3,0.0830858464542516,1.2422325317360938,0.3253183781903463,2.4254240824468987,True
objective-run-7d5b28254448162cae12,task-v2-4968f3a685c2,O0,0.001712038194821,1.2951849776266149,0.2968970158214365,2.6979668695941004,True
objective-run-03c8e7bec26292634f62,task-v2-4968f3a685c2,O1,0.0020861625863867,1.2969212392535718,0.2990074018399563,2.6947341104008835,True
objective-run-d2fdef41c38590907c17,task-v2-4968f3a685c2,O2,0.0147849211259211,1.579227615677114,0.5940125368030361,2.3616326998192005,True
objective-run-20c65409582cbbc3c68f,task-v2-4968f3a685c2,O3,0.0149150014151345,1.8078541307527904,0.8227691321679239,2.1324858635866724,True
objective-run-df08db98fa5699ecc0c1,task-v2-8f4071cbe937,O0,0.0126409893610916,1.4021985755478092,0.4148395649089036,2.5472374670078213,True
objective-run-cdbcd26a21bb7f217014,task-v2-8f4071cbe937,O1,0.0103370856317259,1.413118886364582,0.4234559719963067,2.5455327711085154,True
objective-run-bb5b9a991b08556ceb35,task-v2-8f4071cbe937,O2,0.0434811514678092,1.5712931795785536,0.6147743310463625,2.2547822145502097,True
objective-run-3c9f1161165b0d95a0d6,task-v2-8f4071cbe937,O3,0.043377403443875,1.5740404545457611,0.6174178579896369,2.252449931678738,True
objective-run-cc8418ab38d7a8e9d0ea,task-v2-5de325b6f026,O0,0.0228699675544266,1.3848933954259257,0.4077633629803519,2.5236267343563683,True
objective-run-7c93b8302c994e98b2c1,task-v2-5de325b6f026,O1,0.0324792194644236,1.3603017596596314,0.3927809791240559,2.509781362482673,True
objective-run-35fe49ee5a5dd71307ff,task-v2-5de325b6f026,O2,0.0555960265760112,1.5248091637256067,0.5804051903016172,2.2528067299703496,True
objective-run-2d67288284104f5ff5d0,task-v2-5de325b6f026,O3,0.0646689418357218,1.551293153623213,0.6159620954589335,2.190031079033901,True
objective-run-9ab0bfe11699d8655ea5,task-v2-eb1005d46905,O0,0.0553571983251965,1.278736783815974,0.3340939821411721,2.499834422883238,True
objective-run-028e1e235f462de9c3ed,task-v2-eb1005d46905,O1,0.0494166859740635,1.3028122612410666,0.3522289472151317,2.499520994862677,True
objective-run-6823bfaff9fd53624365,task-v2-eb1005d46905,O2,0.0980049196543551,1.4668877747298823,0.5648926943842371,2.1410925466526973,True
objective-run-1a625342f194c0795820,task-v2-eb1005d46905,O3,0.0767570638525745,1.3337028269972553,0.4104598908498291,2.3592689175924475,True
objective-run-16f37e9f2d8a16406613,task-v2-0c6c4504c3d3,O0,0.0687499477902451,1.2582694985431042,0.3270194463333508,2.4667307102959137,True
objective-run-cae145bd8814e868948b,task-v2-0c6c4504c3d3,O1,0.0685553334302571,1.2755488715929666,0.344104205023223,2.4502297946860057,True
objective-run-3a77dcd99fe222207a72,task-v2-0c6c4504c3d3,O2,0.0930859227484381,1.3594182222693274,0.4525041450177667,2.2682380867369187,True
objective-run-fa1d32dae2ed95a5aaf4,task-v2-0c6c4504c3d3,O3,0.0899421242993366,1.326908903130933,0.41685102743027,2.31332259967172,True
objective-run-31d99af2834f66340abe,task-v2-f0ef0f25a74e,O0,0.0904942450762064,1.1932454167642617,0.2837396618404679,2.4447776029309125,True
objective-run-82ca44f01102de355513,task-v2-f0ef0f25a74e,O1,0.0813916858985003,1.2198529860907272,0.3012446719892261,2.4545802703152733,True
objective-run-2582d4794badbe5fcb4a,task-v2-f0ef0f25a74e,O2,0.1150791463789439,1.2966688362954966,0.4117479826744374,2.243014578188731,True
objective-run-0496c9efcc31592e5cc0,task-v2-f0ef0f25a74e,O3,0.1008587213938307,1.242254995825058,0.3431137172188881,2.35431011859962,True
objective-run-da280433f45a33e13c77,task-v2-69173fedcdae,O0,0.090472892299529,1.1087335236716729,0.1992064159712033,2.529374907130209,True
objective-run-da2c870b7cb2e93c5ff5,task-v2-69173fedcdae,O1,0.0954911439069204,1.1038427744975223,0.199333918404443,2.514192649874796,True
objective-run-34ed6e666cdf2d628df9,task-v2-69173fedcdae,O2,0.134489667017478,1.1460111349757969,0.2805008019932774,2.316030196954288,True
objective-run-fafd079a8c4f4af2ea1b,task-v2-69173fedcdae,O3,0.1404557784554211,1.1195145195478344,0.2599702980032541,2.318662366630483,True
objective-run-953ad88d26359d15bdcc,task-v2-8792ce3c54d5,O0,0.0104371312689123,1.5374652416249994,0.547902372893912,2.420786233299351,True
objective-run-2e0ff31bf3c733bf8b9b,task-v2-8792ce3c54d5,O1,0.0111602739245005,1.5328384941463349,0.5439987680708331,2.422520410155665,True
objective-run-fad391603c2a1cd89252,task-v2-8792ce3c54d5,O2,0.0266544733704847,1.6910682611207617,0.7177227344912473,2.202313845397298,True
objective-run-c002ca762e2be026b417,task-v2-8792ce3c54d5,O3,0.0274199170435803,1.649244761366969,0.6766646784105513,2.241075570458708,True
objective-run-27463e5216b468d5af71,task-v2-5acbf653f95a,O0,0.0254853558713653,1.3986754351465869,0.4241607910179493,2.4993831413679546,True
objective-run-8077b64122adade7d2d8,task-v2-5acbf653f95a,O1,0.0254670669907325,1.409461551277225,0.4349286182679598,2.4886701807598426,True
objective-run-27daba28ca698823a9fe,task-v2-5acbf653f95a,O2,0.0350735980540465,1.5095144672981613,0.5445880653522036,2.3501911404856566,True
objective-run-9abf1d1445914a2338e5,task-v2-5acbf653f95a,O3,0.0349164064282016,1.5051576183043216,0.540074024732522,2.355176755982873,True
objective-run-46825d8834ede4aed58a,task-v2-ef23e17da545,O0,0.0362670575729008,1.3345735703121195,0.3708406278850203,2.520358199396277,True
objective-run-31116427d746657d109c,task-v2-ef23e17da545,O1,0.0379650117141486,1.3299672525823405,0.367932264296487,2.5181727005610672,True
objective-run-f9c99f328304034cb7b2,task-v2-ef23e17da545,O2,0.048195493185137,1.436477636565447,0.4846731297505832,2.3707403906940057,True
objective-run-aca415d77deb13098083,task-v2-ef23e17da545,O3,0.0493774238832213,1.4547138675091982,0.5040912913924193,2.3477764369579166,True
objective-run-74e8fee639190cda8d57,task-v2-ac528a9510be,O0,0.0491003927918695,1.3120050608246168,0.3611054536164835,2.4915933680079085,True
objective-run-fee7fe5803184570c097,task-v2-ac528a9510be,O1,0.0424280734374484,1.3484711246770416,0.39089919811449,2.4818165815731645,True
objective-run-84873631424af7199cb2,task-v2-ac528a9510be,O2,0.064462511000071,1.3942420564985494,0.4587045674986211,2.3479078995011657,True
objective-run-83951d9fc929ab50663c,task-v2-ac528a9510be,O3,0.0658747604732703,1.4196547843127805,0.4855295447860466,2.316846173794143,True
objective-run-915559b308d20165dd13,task-v2-5b0627539151,O0,0.078445727603518,1.2307092897393097,0.3091550173428251,2.4555077998466213,True
objective-run-3a8799fee9012c2441e5,task-v2-5b0627539151,O1,0.0794822501701369,1.229240972539024,0.3087232227091594,2.45283002678043,True
objective-run-df7c623fb9744307df73,task-v2-5b0627539151,O2,0.0848875271377457,1.2431225067969511,0.3280100339346976,2.417327384652065,True
objective-run-ad5ea53744984b64c26e,task-v2-5b0627539151,O3,0.0920212431323841,1.2468470633147015,0.3388683064470827,2.3850679641557653,True
objective-run-6649af143d8ded733545,task-v2-c5ed7c8b71f4,O0,0.0972704600792247,1.134097178252035,0.2313676383312579,2.476820981431068,True
objective-run-61b1d10605bcf2e05038,task-v2-c5ed7c8b71f4,O1,0.1131431130802285,1.1264072104204306,0.2395503235006627,2.4210203372586507,True
objective-run-ee694d718b367750678a,task-v2-c5ed7c8b71f4,O2,0.1310050931394008,1.1509226260833736,0.2819277192227759,2.325057001359021,True
objective-run-3ae366b7a35c529deb98,task-v2-c5ed7c8b71f4,O3,0.1111990687945153,1.1512482657606748,0.2624473345551904,2.4039554590612635,True
objective-run-fe92d0ca869a6fe0945e,task-v2-8c0a098a6f8b,O0,0.119771716779445,1.102277930178793,0.2220496469582386,2.418635202703426,True
objective-run-5a3ef2085ea033329674,task-v2-8c0a098a6f8b,O1,0.1225903398951461,1.0998089157842856,0.2223992556794323,2.409829724635129,True
objective-run-faa067b7d684576fd507,task-v2-8c0a098a6f8b,O2,0.1241424951365562,1.1110849037078965,0.2352273988444524,2.39234511574588,True
objective-run-166a81652f928072874e,task-v2-8c0a098a6f8b,O3,0.105444460863438,1.1536282610909527,0.2590727219543935,2.424593895455291,True
objective-run-0316021ea758e285125e,task-v2-3f11ce371857,O0,0.0045762401687283,1.5199250940134654,0.524501334182194,2.461769945311621,True
objective-run-eb1c37911b2c54c63c31,task-v2-3f11ce371857,O1,0.0046682569015,1.5268068345156096,0.5314750914171141,2.4545201378783856,True
objective-run-3be2354c8b5ffe9b22df,task-v2-3f11ce371857,O2,0.0092316630219668,1.7627713184682396,0.7720029814902103,2.200302029443889,True
objective-run-cd61fa2a6b42b719f787,task-v2-3f11ce371857,O3,0.0127592876017221,1.797607380230113,0.8103666678318366,2.151355469362997,True
objective-run-6e9095cf459c3efd273b,task-v2-095187356858,O0,0.0050555548045714,1.451590469248344,0.4566460240529122,2.5281873115333733,True
objective-run-16a9f876f272466ff982,task-v2-095187356858,O1,0.0047513046540321,1.4633655845896294,0.46811688924366,2.5176291967942435,True
objective-run-ee7f602015a74100e187,task-v2-095187356858,O2,0.0055749500425496,1.595389055490397,0.6009640055329459,2.382311144339405,True
objective-run-3abd2fc0d1367c365071,task-v2-095187356858,O3,0.0099016233282736,1.5331137170685465,0.5430153403968218,2.427279789618357,True
objective-run-c95a37cb46a7fe840a1b,task-v2-0b71cbcaebc2,O0,0.0019741629447588,1.2896830118967026,0.2916571748414603,2.702420336324263,True
objective-run-1984e400bd0426d52d91,task-v2-0b71cbcaebc2,O1,0.0023100449543221,1.28236567915929,0.2846757241136134,2.70839414102342,True
objective-run-0f2c7adf96ed6ff94995,task-v2-0b71cbcaebc2,O2,0.0171775818036128,1.5246151877484166,0.5417927695520264,2.406674485037135,True
objective-run-b7c4590fa7e2d639f340,task-v2-0b71cbcaebc2,O3,0.025344556666231,1.574473975261223,0.5998185319274528,2.324147798073854,True
objective-run-e80d5fae9402f411d426,task-v2-606c43f06406,O0,0.0089848799341612,1.4064919771871969,0.41547685712136,2.557568503076157,True
objective-run-ba1a3724036c3565b5c7,task-v2-606c43f06406,O1,0.0124836917318029,1.3890725670429651,0.4015562587747674,2.560992666029824,True
objective-run-79681059c0528916cc19,task-v2-606c43f06406,O2,0.0339035687919134,1.5749280051773664,0.6088315739692747,2.289457719654985,True
objective-run-864724dc3e6865af5660,task-v2-606c43f06406,O3,0.0194551554240503,1.5017691001626852,0.5212242555867348,2.420410278141114,True
objective-run-33de867aad0c16283a1a,task-v2-9f1427c2fbd8,O0,0.0235648475672959,1.2687990403939375,0.2923638879612359,2.6369415693368765,True
objective-run-f4d729dfed054554ef24,task-v2-9f1427c2fbd8,O1,0.0236101158566857,1.2722675527837723,0.2958776686404547,2.633291983789488,True
objective-run-bc0b1e542ac9d9ed9780,task-v2-9f1427c2fbd8,O2,0.0375132113393359,1.4245713009625398,0.4620845123018757,2.4253758536801167,True
objective-run-21ca30371b2c6b79e39d,task-v2-9f1427c2fbd8,O3,0.0332112800028367,1.2874037707991757,0.3206150508020119,2.579751109189478,True
objective-run-b7317229ae3f627c7f30,task-v2-07b8f456a957,O0,0.0262131587619962,1.2306733140745192,0.2568864728365132,2.664474050877498,True
objective-run-a36c4b2bf213866aea36,task-v2-07b8f456a957,O1,0.0255985600464696,1.2385023168088434,0.2641008768553172,2.659103443005274,True
objective-run-e1fa2c2e2b300ff6ee77,task-v2-07b8f456a957,O2,0.0448416594263438,1.359701271289726,0.4045429307160704,2.460932091004898,True
objective-run-64a335ad498520ea2c2d,task-v2-07b8f456a957,O3,0.0421975537211719,1.362422444623646,0.404619998344815,2.4687873404916694,True
objective-run-161a0a8b1c7a1912f4d7,task-v2-b5e00db3fe1a,O0,0.0369350763450069,1.1785202617044668,0.2154553380494721,2.673739432915508,True
objective-run-d56f8d018c6c85124821,task-v2-b5e00db3fe1a,O1,0.0379684032959162,1.1871802219331216,0.2251486252290362,2.660946164883215,True
objective-run-cb82dd97b572f24b25b8,task-v2-b5e00db3fe1a,O2,0.0441224790571505,1.2990502383055456,0.3431727173626949,2.5244598454658536,True
objective-run-2a87d230fdeb290e548c,task-v2-b5e00db3fe1a,O3,0.0470417104516686,1.202887430024908,0.249929140476574,2.6089457281684205,True
objective-run-032ebf34de545b7a0d95,task-v2-59a464f36e13,O0,0.003685171123071,1.3620246241483074,0.3657097952713735,2.6232346913594133,True
objective-run-51e85235fbfc9a916dc2,task-v2-59a464f36e13,O1,0.0038757071254639,1.3679110612014385,0.3717867683269032,2.616586110296705,True
objective-run-d5264c211495c5e92e89,task-v2-59a464f36e13,O2,0.0154482480605001,1.7553467366532076,0.7707949847137036,2.182860271104796,True
objective-run-f24e4981e85ddd01146b,task-v2-59a464f36e13,O3,0.0091127435539044,1.6413738112670309,0.6504865548209298,2.322175214517357,True
objective-run-d33761fae22a2ea08a45,task-v2-a2561503b5d0,O0,0.0071666276919944,1.3468229674437708,0.3539895951357653,2.624510521788251,True
objective-run-0621ec7897a053a79c7a,task-v2-a2561503b5d0,O1,0.009528070959758,1.349640477169595,0.3591685481293507,2.612247238991375,True
objective-run-5f731631adbbc15155ed,task-v2-a2561503b5d0,O2,0.0138728007512051,1.44767474348674,0.4615475442379421,2.496834053508443,True
objective-run-4ba86f3d0081d7302d1b,task-v2-a2561503b5d0,O3,0.013679744846555,1.4309778794003856,0.4446576242469359,2.514303141213399,True
objective-run-e5332dd5562288238da6,task-v2-f6d986d24578,O0,0.0128372229452574,1.347764418512598,0.3606016414578533,2.6008866897063743,True
objective-run-0133a146d691dc2fe14e,task-v2-f6d986d24578,O1,0.0130280425988799,1.34152729933317,0.3545553419320559,2.606360530271304,True
objective-run-05644d8402df3264b204,task-v2-f6d986d24578,O2,0.0328038848499267,1.5216476042673088,0.5544514891172359,2.347136856332984,True
objective-run-bfa483ed50db0ab5d067,task-v2-f6d986d24578,O3,0.0186770647517475,1.4255964213728685,0.4442734861246185,2.499695319620139,True
objective-run-bee878c43d4d3f20a89f,task-v2-5d31ef4af595,O0,0.0164116958273562,1.241091430028304,0.2575031258556585,2.693261786662273,True
objective-run-b7e4e14140087f62c1d9,task-v2-5d31ef4af595,O1,0.0162326034542247,1.2460529693630753,0.2622855728173018,2.689016616820024,True
objective-run-06e2d24d6a2b0ef7d4db,task-v2-5d31ef4af595,O2,0.0208945925603217,1.2827748724812118,0.303669465041533,2.6336467572775017,True
objective-run-0a286800d4656691122a,task-v2-5d31ef4af595,O3,0.0205794523647627,1.276902755868457,0.2974822082332182,2.6407794346724938,True
objective-run-b2bedce2c6607d4a59a1,task-v2-5b5a3995de2b,O0,0.0204862817280642,1.2362131843016535,0.2566994660297172,2.68184168878609,True
objective-run-b8f92e6ca09c92cb2d6a,task-v2-5b5a3995de2b,O1,0.0214876126387471,1.2326996360103604,0.2541872486491081,2.6813499134346506,True
objective-run-cac493df7f37bc887be1,task-v2-5b5a3995de2b,O2,0.032470823434452,1.4222884089890333,0.4547592324234838,2.44782829727316,True
objective-run-d5f460189f59a6437d4e,task-v2-5b5a3995de2b,O3,0.033405627701848,1.2827803441327228,0.3161859718345735,2.5835971450598825,True
objective-run-91cd2e6b51b98aa41196,task-v2-cf1a83d8dbf9,O0,0.0286275905805867,1.209033632720341,0.2376612233009287,2.676456004957311,True
objective-run-1f8845f472bf3bd4b823,task-v2-cf1a83d8dbf9,O1,0.0191374233526153,1.238419603123969,0.2575570264765852,2.6850307034655687,True
objective-run-46cf4f7ef3c44ef4f667,task-v2-cf1a83d8dbf9,O2,0.0395579556575055,1.409624516847177,0.4491824725046806,2.4321436605228026,True
objective-run-ebc6a69a3b6c1f0d3c24,task-v2-cf1a83d8dbf9,O3,0.0440961046370338,1.3976465187391716,0.4417426233762077,2.4259690627126904,True
objective-run-eeffbbe90d3b3f17ec82,task-v2-e243a3cd3e64,O0,0.0134050965495772,1.2104825610988272,0.2238876576484044,2.735897052702864,True
objective-run-c9090b95d7fb9899a893,task-v2-e243a3cd3e64,O1,0.0247493629411609,1.1922589074934744,0.217008270434636,2.708743640741881,True
objective-run-f5cc253f47a3521e5ee7,task-v2-e243a3cd3e64,O2,0.0286392108527667,1.239586486185118,0.2682256970378815,2.6458566704038184,True
objective-run-6947f881efd520412cfa,task-v2-e243a3cd3e64,O3,0.0437790767569482,1.3136123683112697,0.3573914450682179,2.511271324660937,True
objective-run-c3882d66bf2a10133459,task-v2-4746dcc3bd93,O0,0.0019150671869625,1.205467237506065,0.2073823046930301,2.786872493746082,True
objective-run-b8c5e6183d21c9fc2889,task-v2-4746dcc3bd93,O1,0.0018453566257298,1.1944713805758442,0.1963167372015782,2.798147192921232,True
objective-run-cb3a40793b87c38058ed,task-v2-4746dcc3bd93,O2,0.0164523732237981,1.5636021967161784,0.5800545699399701,2.3705883103886354,True
objective-run-d0e79bf321c567540279,task-v2-4746dcc3bd93,O3,0.0158027004731852,1.5450299201120627,0.5608326205852453,2.391759277995199,True
objective-run-a20d6dc1c5806ffaa742,task-v2-7d4ec5aed494,O0,0.0036786023719629,1.2229171812883832,0.2265957836603459,2.762368409223765,True
objective-run-1391a2250558aabc35e9,task-v2-7d4ec5aed494,O1,0.0038265473458517,1.2085627596120525,0.2123893069579087,2.776131051004536,True
objective-run-6c18da910ae013242a6a,task-v2-7d4ec5aed494,O2,0.0206018207046055,1.5422805765652028,0.5628823972698047,2.375312140616379,True
objective-run-aae383e34b24a3a951f4,task-v2-7d4ec5aed494,O3,0.0204749783144732,1.5242252331053,0.5447002114197717,2.3938748536368086,True
objective-run-08839d205798c2d57d7a,task-v2-7133b996bac7,O0,0.0029960641981112,1.181315834605459,0.1843118988035692,2.8066999086020967,True
objective-run-2634aa16d287121c8ffa,task-v2-7133b996bac7,O1,0.0035356996785542,1.1863497041003512,0.1898854037789032,2.799507497185434,True
objective-run-320df6f0e516a9581d7c,task-v2-7133b996bac7,O2,0.0286690831127282,1.5168914684409829,0.5455605515537109,2.3684321991081045,True
objective-run-9719261e7485d26b2f77,task-v2-7133b996bac7,O3,0.0290209760885955,1.5044712176612522,0.5334921937498514,2.379444877984362,True
objective-run-1c157ae3f4a1d40ccffb,task-v2-b9b3757d64c0,O0,0.0061209624207289,1.2151822075197958,0.2213031699405299,2.760333942797283,True
objective-run-862c915ab77e366849ba,task-v2-b9b3757d64c0,O1,0.0063832460061517,1.1991464622892982,0.2055297082954508,2.775320553686094,True
objective-run-490b31f85b0b80e5cae7,task-v2-b9b3757d64c0,O2,0.0366889474943896,1.5151160095987282,0.5518049570931235,2.338128200423707,True
objective-run-a4fee466c35c4fa31025,task-v2-b9b3757d64c0,O3,0.0348919090283009,1.5206962280381418,0.5555881370664407,2.339736135848656,True
objective-run-68d62f8034615d7f1400,task-v2-11173062a501,O0,0.0096019104079707,1.151509594182401,0.1611115045903703,2.8100827641857173,True
objective-run-c772b10a790f63449f94,task-v2-11173062a501,O1,0.0103354284483942,1.1753056116129863,0.1856410400613823,2.7833526745934347,True
objective-run-c9c8f1d638d36870572b,task-v2-11173062a501,O2,0.0191649443833865,1.3170920585134362,0.3362570028968217,2.6062481639530186,True
objective-run-b3b7d0422449a27b34aa,task-v2-11173062a501,O3,0.0266570666794359,1.3394844784049778,0.366141545084413,2.55388725487728,True
objective-run-2fc4cfdd57ac0b568419,task-v2-c95d7e1ff6e7,O0,0.0072268221624363,1.287948192562463,0.2951750147249011,2.6831445187877896,True
objective-run-320eda4ebc60472813b4,task-v2-c95d7e1ff6e7,O1,0.0044231546520932,1.3236499960595984,0.3280731507116906,2.658657385332029,True
objective-run-7058df7dbe5f85d03e55,task-v2-c95d7e1ff6e7,O2,0.0157549008775865,1.358702440601224,0.3744573414788128,2.5782779558884275,True
objective-run-c6b7101e4df3bed2bdda,task-v2-c95d7e1ff6e7,O3,0.0171463713559,1.349541097135068,0.3666874684909722,2.581873417441328,True
objective-run-cc8fd5553ed2b3c82bbb,task-v2-f5c9b9bdeb27,O0,0.010598155718931,1.2038881167609337,0.2144862724798629,2.753719260363344,True
objective-run-51c1671dfb66ae186317,task-v2-f5c9b9bdeb27,O1,0.0095846045313482,1.2114229922811486,0.221007596812497,2.750238589593458,True
objective-run-9aba4a9a365e1f6aade5,task-v2-f5c9b9bdeb27,O2,0.0170084480343111,1.296528651703818,0.3135370997381289,2.635437556158937,True
objective-run-91a2aee078c42623bf19,task-v2-f5c9b9bdeb27,O3,0.0210535853442318,1.248458697149312,0.2695122824935462,2.6673269614737585,True
objective-run-5ec28ab88b31ae3a29c1,task-v2-420d9636beee,O0,0.0027419387060167,1.3421905329311985,0.3449324716372169,2.6468417122447327,True
objective-run-032b43fa3c74f50c56a5,task-v2-420d9636beee,O1,0.0031859984242534,1.34648048967482,0.3496664880990696,2.64077551662817,True
objective-run-35835e5311c896502f33,task-v2-420d9636beee,O2,0.0067982736912782,1.658020234467934,0.6648185081592094,2.3147866707669555,True
objective-run-af7c7cedb3895c17da0e,task-v2-420d9636beee,O3,0.0056470197806504,1.7213942123683066,0.7270412321489595,2.2560177085090887,True
objective-run-b636ca860629793431f3,task-v2-e449b07a1126,O0,0.0041238800927455,1.3142778364786134,0.3184017165713612,2.6692266431504024,True
objective-run-ead2d5b8326e7b3e9312,task-v2-e449b07a1126,O1,0.0046023521906781,1.3080607517307423,0.3126631039214176,2.673529839506548,True
objective-run-282c4add950c3e31c603,task-v2-e449b07a1126,O2,0.0113024773973758,1.6256892979172808,0.636991775314654,2.329100792493218,True
objective-run-03914190dba97ae60e54,task-v2-e449b07a1126,O3,0.0092153414780195,1.655005719997324,0.6642210614753443,2.3081329140905966,True
objective-run-e9f9f2b42b463bed025b,task-v2-6e79cb6720c5,O0,0.0081670058694931,1.3059784110249064,0.3141454168943982,2.661353565497122,True
objective-run-a5787cd52872e8cae290,task-v2-6e79cb6720c5,O1,0.0084934245898748,1.300184948597511,0.3086783731873864,2.665841353042989,True
objective-run-de148e1abc78d03b3ee6,task-v2-6e79cb6720c5,O2,0.0165982765491345,1.5290849189354765,0.5456831954846068,2.40452197486799,True
objective-run-703688ef9b7f544bfd4d,task-v2-6e79cb6720c5,O3,0.0130237121172822,1.5974449473468688,0.6104686594641497,2.3504602041840035,True
objective-run-0c21331c04e17bd6c06c,task-v2-526a936f38d9,O0,0.0085917784394414,1.2767121953534049,0.2853039737928464,2.688920690888829,True
objective-run-5dd603747e23e7723a69,task-v2-526a936f38d9,O1,0.0087623436685623,1.2757602742472145,0.2845226179157766,2.6891903510785364,True
objective-run-2d1cc87b7a8a2c4bc14e,task-v2-526a936f38d9,O2,0.0201108882033335,1.5267750241745102,0.5468859123778482,2.392781423012151,True
objective-run-a5dc6c75c7ce4b75c339,task-v2-526a936f38d9,O3,0.0187952675355513,1.5853287794366495,0.6041240469721978,2.339490150421148,True
objective-run-f8021788111a5bf071a7,task-v2-89b7591232ff,O0,0.003799750597295,1.219847728967449,0.223647479564742,2.7649532686433727,True
objective-run-d33eb3f25af51c72b2c2,task-v2-89b7591232ff,O1,0.0028725750877097,1.232472401797789,0.2353449768854999,2.7560372978513707,True
objective-run-eebc055a8defdd5946c0,task-v2-89b7591232ff,O2,0.0285003304643355,1.501545358899632,0.5300456893639609,2.3844533192430326,True
objective-run-bfb7ad91a429b3ebdd1e,task-v2-89b7591232ff,O3,0.0554155068873643,1.5412764103409309,0.596691917228299,2.2370615621096075,True
objective-run-7ab81390075aff450fe4,task-v2-5f165c277bb9,O0,0.020188779998005,1.3430946664786063,0.3632834464766129,2.576150213529372,True
objective-run-9214c39539022853e71d,task-v2-5f165c277bb9,O1,0.0164474203389556,1.3348713685536384,0.3513187888925968,2.599338950090536,True
objective-run-9f1487430666ca64e182,task-v2-5f165c277bb9,O2,0.0285803239870196,1.3987029005507503,0.4272832245377721,2.486975803501169,True
objective-run-c57f57a6c20d73060de6,task-v2-5f165c277bb9,O3,0.0281107995372971,1.3944520910238225,0.4225628905611183,2.4931047108269904,True
objective-run-ea3a80232f3fd7d95f81,task-v2-780e1209d403,O0,0.0228961630102509,1.2146522159089983,0.2375483789192486,2.693763132049998,True
objective-run-150e4a8aa80216ef8f9e,task-v2-780e1209d403,O1,0.0194307556818736,1.2322043621436802,0.2516351178255552,2.690072615128824,True
objective-run-573816637f822344fcc8,task-v2-780e1209d403,O2,0.0402727739529543,1.327166406745817,0.3674391806987744,2.511742497442362,True
objective-run-1a26ffc80fcd9e64adfc,task-v2-780e1209d403,O3,0.0352516691242798,1.2803356258982688,0.3155872950225449,2.578657697604616,True
