task_id,base_graph_id,base_instance_id,size_stratum,stress_level,n_edges,state_space_size,budget,edge_resource_min,edge_resource_max,edge_resource_mean,feasible_state_fraction,dilution_score,routing_cost_min,routing_cost_max,routing_cost_mean,routing_cost_p95,flow_penalty_min,flow_penalty_max,flow_penalty_mean,flow_penalty_p95,minimum_positive_flow_penalty,resource_excess_max,resource_penalty_max,resource_penalty_mean,resource_penalty_p95,minimum_positive_resource_penalty,weighted_flow_penalty_p95,weighted_resource_penalty_p95,weighted_total_penalty_p95,total_energy_min,total_energy_max,total_energy_mean,total_energy_p95,total_energy_dynamic_range,energy_span,resource_penalty_raw_to_cost_ratio,flow_penalty_raw_to_cost_ratio,resource_penalty_to_cost_ratio,flow_penalty_to_cost_ratio,total_penalty_to_cost_ratio,flow_penalty_strength,resource_penalty_strength,gamma_initial_min,gamma_initial_median,gamma_initial_max,initial_phase_span_min,initial_phase_span_median,initial_phase_span_max,initial_phase_wraps_at_median_gamma,n_penalty_ground_states,penalty_ground_state_valid,penalty_ground_state_resource_feasible,penalty_ground_state_original_optimal,penalty_ground_state_cost,penalty_ground_state_cost_max,exact_rcsp_cost,ground_state_gap_to_exact
task-v2-e442db508705,g-548c8c6335dd2a2e,v2-S1-b000-g-548c8c6335dd2a2e,S1,D1,7,128,926.0,96.0,707.0,383.0,0.0078125,2.1072099696478683,0.0,34.0,17.0,30.0,0.0,10.0,4.0,8.0,2.0,1755.0,3080025.0,450238.2890625,1701517.5999999996,676.0,400.0,34030351.99999999,34030646.99999999,4.0,61600834.0,9004982.78125,34030673.14999999,61600830.0,61600830.0,56717.25333333332,0.26666666666666666,1134345.0666666664,13.333333333333334,1134354.8999999997,50.0,20.0,1.4361119332668082,3.2295534178963874,4.6766136583430296,88465687.06214,198943171.0717543,288083282.94326705,31662789.070446257,1,True,True,True,4.0,4.0,4.0,0.0
task-v2-d7382a83ef13,g-548c8c6335dd2a2e,v2-S1-b000-g-548c8c6335dd2a2e,S1,D2,7,128,989.0,96.0,707.0,383.0,0.015625,1.806179973983887,0.0,34.0,17.0,30.0,0.0,10.0,4.0,8.0,2.0,1692.0,2862864.0,391242.125,1541132.1999999997,49.0,400.0,30822643.999999993,30822938.999999993,4.0,57257614.0,7825059.5,30822965.149999995,57257610.0,57257610.0,51371.07333333333,0.26666666666666666,1027421.4666666664,13.333333333333334,1027431.2999999997,50.0,20.0,1.4361119332668082,3.2295534178963874,4.6766136583430296,82228336.99133693,184916510.07607836,267771720.97007844,29430376.637910143,1,True,True,True,4.0,4.0,4.0,0.0
task-v2-ce7fc44fc7b5,g-548c8c6335dd2a2e,v2-S1-b000-g-548c8c6335dd2a2e,S1,D3,7,128,1231.0,96.0,707.0,383.0,0.0234375,1.630088714928206,0.0,34.0,17.0,30.0,0.0,10.0,4.0,8.0,2.0,1450.0,2102500.0,215166.609375,998858.5999999997,121.0,400.0,19977171.999999996,19977466.999999996,4.0,42050334.0,4303549.1875,19977493.149999995,42050330.0,42050330.0,33295.28666666666,0.26666666666666666,665905.7333333332,13.333333333333334,665915.5666666665,50.0,20.0,1.4361119332668082,3.2295534178963874,4.6766136583430296,60388980.710807264,135803786.975171,196653147.61583164,21613843.987697218,1,True,True,True,4.0,4.0,4.0,0.0
task-v2-4e78b3f98433,g-553bb3c5ba0f2136,v2-S1-b001-g-553bb3c5ba0f2136,S1,D1,7,128,901.0,26.0,899.0,519.1428571428571,0.0078125,2.1072099696478683,0.0,35.0,17.5,29.64999999999999,0.0,10.0,4.0,8.0,2.0,2733.0,7469289.0,1455619.0546875,4730343.799999999,9.0,400.0,94606875.99999999,94607040.99999999,12.0,149386115.0,29112598.59375,94607067.94999999,149386103.0,149386103.0,159539.41989881956,0.26981450252951106,3190788.3979763915,13.490725126475551,3190793.9629005063,50.0,20.0,1.4361119332668082,3.2295534178963874,4.6766136583430296,214535165.18252453,482450399.52987176,698621089.6564386,76784365.88183892,1,True,True,True,12.0,12.0,12.0,0.0
task-v2-f83834022ee2,g-553bb3c5ba0f2136,v2-S1-b001-g-553bb3c5ba0f2136,S1,D2,7,128,1393.0,26.0,899.0,519.1428571428571,0.015625,1.806179973983887,0.0,35.0,17.5,29.64999999999999,0.0,10.0,4.0,8.0,2.0,2241.0,5022081.0,701325.359375,2832306.1999999993,9.0,400.0,56646123.999999985,56646288.999999985,8.0,100441955.0,14026724.6875,56646315.94999999,100441947.0,100441947.0,95524.6610455312,0.26981450252951106,1910493.220910624,13.490725126475551,1910498.7858347388,50.0,20.0,1.4361119332668082,3.2295534178963874,4.6766136583430296,144245878.68725228,324382633.2340178,469728181.2107667,51627099.53235926,1,True,True,True,8.0,8.0,8.0,0.0
task-v2-73f419868dc6,g-553bb3c5ba0f2136,v2-S1-b001-g-553bb3c5ba0f2136,S1,D3,7,128,2104.0,26.0,899.0,519.1428571428571,0.0234375,1.630088714928206,0.0,35.0,17.5,29.64999999999999,0.0,10.0,4.0,8.0,2.0,1530.0,2340900.0,172314.6484375,944743.3999999996,4.0,400.0,18894867.999999993,18895032.999999993,8.0,46818335.0,3446510.46875,18895059.94999999,46818327.0,46818327.0,31863.183811129842,0.26981450252951106,637263.6762225969,13.490725126475551,637269.2411467115,50.0,20.0,1.4361119332668082,3.2295534178963874,4.6766136583430296,67236358.1002876,151202287.98304072,218951227.50897023,24064591.539305218,1,True,True,True,8.0,8.0,8.0,0.0
task-v2-b9e5059853ca,g-a529fbde22ed09f4,v2-S1-b002-g-a529fbde22ed09f4,S1,D1,7,128,428.0,186.0,765.0,459.85714285714283,0.0078125,2.1072099696478683,0.0,37.0,18.5,31.0,0.0,10.0,4.0,8.0,2.0,2791.0,7789681.0,1880022.4140625,5562324.85,169.0,400.0,111246496.99999999,111246666.99999999,9.0,155793957.0,37600666.78125,111246694.99999999,155793948.0,155793948.0,179429.83387096773,0.25806451612903225,3588596.677419354,12.903225806451612,3588602.161290322,50.0,20.0,1.4361119332668082,3.2295534178963874,4.6766136583430296,223737547.8535486,503144877.25097203,728588105.1039838,80077994.30585712,1,True,True,True,9.0,9.0,9.0,0.0
task-v2-9065c1a0a08c,g-a529fbde22ed09f4,v2-S1-b002-g-a529fbde22ed09f4,S1,D2,7,128,1203.0,186.0,765.0,459.85714285714283,0.015625,1.806179973983887,0.0,37.0,18.5,31.0,0.0,10.0,4.0,8.0,2.0,2016.0,4064256.0,569576.9140625,2507352.3499999996,9.0,400.0,50147046.99999999,50147216.99999999,9.0,81285457.0,11391756.78125,50147244.99999999,81285448.0,81285448.0,80882.33387096773,0.25806451612903225,1617646.6774193547,12.903225806451612,1617652.1612903224,50.0,20.0,1.4361119332668082,3.2295534178963874,4.6766136583430296,116735001.8737386,262515696.41363907,380140636.3413321,41780670.723442,1,True,True,True,9.0,9.0,9.0,0.0
task-v2-07632e755d52,g-a529fbde22ed09f4,v2-S1-b002-g-a529fbde22ed09f4,S1,D3,7,128,1830.0,186.0,765.0,459.85714285714283,0.0234375,1.630088714928206,0.0,37.0,18.5,31.0,0.0,10.0,4.0,8.0,2.0,1389.0,1929321.0,139633.65625,914835.0499999998,784.0,400.0,18296700.999999996,18296870.999999996,9.0,38586757.0,2792891.625,18296898.999999996,38586748.0,38586748.0,29510.808064516124,0.25806451612903225,590216.1612903224,12.903225806451612,590221.6451612902,50.0,20.0,1.4361119332668082,3.2295534178963874,4.6766136583430296,55414889.26875915,124617963.88890658,180455312.72784057,19833564.950966798,1,True,True,True,9.0,9.0,9.0,0.0
task-v2-6dd269836f23,g-c45ecbe0242c6377,v2-S1-b003-g-c45ecbe0242c6377,S1,D1,7,128,939.0,209.0,940.0,501.42857142857144,0.0078125,2.1072099696478683,0.0,49.0,24.5,40.0,0.0,10.0,4.0,8.0,2.0,2571.0,6610041.0,1196504.6171875,4250634.999999998,1.0,400.0,85012699.99999997,85012834.99999997,18.0,132201169.0,23930316.84375,85012873.84999996,132201151.0,132201151.0,106265.87499999996,0.2,2125317.499999999,10.0,2125320.874999999,50.0,20.0,1.4361119332668082,3.2295534178963874,4.6766136583430296,189855650.54270723,426950679.0618864,618253708.4152693,67951311.0291406,1,True,True,True,18.0,18.0,18.0,0.0
task-v2-5e0ea2a0e332,g-c45ecbe0242c6377,v2-S1-b003-g-c45ecbe0242c6377,S1,D2,7,128,1302.0,209.0,940.0,501.42857142857144,0.015625,1.806179973983887,0.0,49.0,24.5,40.0,0.0,10.0,4.0,8.0,2.0,2208.0,4875264.0,673404.625,2885682.3999999985,196.0,400.0,57713647.99999998,57713782.99999998,15.0,97505629.0,13468317.0,57713821.84999997,97505614.0,97505614.0,72142.05999999997,0.2,1442841.1999999995,10.0,1442844.5749999995,50.0,20.0,1.4361119332668082,3.2295534178963874,4.6766136583430296,140028975.82590717,314899588.95778584,455996086.1975233,50117826.16023764,1,True,True,True,15.0,15.0,15.0,0.0
task-v2-8d2ef8b298b4,g-c45ecbe0242c6377,v2-S1-b003-g-c45ecbe0242c6377,S1,D3,7,128,2077.0,209.0,940.0,501.42857142857144,0.0234375,1.630088714928206,0.0,49.0,24.5,40.0,0.0,10.0,4.0,8.0,2.0,1433.0,2053489.0,128739.796875,853477.3999999993,2209.0,400.0,17069547.999999985,17069682.999999985,15.0,41070129.0,2575020.4375,17069721.849999987,41070114.0,41070114.0,21336.934999999983,0.2,426738.6999999996,10.0,426742.0749999996,50.0,20.0,1.4361119332668082,3.2295534178963874,4.6766136583430296,58981280.81602821,132638127.04209428,192069056.08210528,21110013.561200097,1,True,True,True,15.0,15.0,15.0,0.0
task-v2-628efc62dabb,g-e23fad4558949e26,v2-S1-b004-g-e23fad4558949e26,S1,D1,7,128,1021.0,99.0,798.0,475.7142857142857,0.0078125,2.1072099696478683,0.0,28.0,14.0,23.0,0.0,12.0,4.0,8.0,2.0,2309.0,5331481.0,873552.5625,3297725.349999997,961.0,400.0,65954506.99999994,65954706.99999994,17.0,106629848.0,17471265.25,65954732.59999994,106629831.0,106629831.0,143379.36304347814,0.34782608695652173,2867587.2608695626,17.391304347826086,2867595.9565217365,50.0,20.0,1.4361119332668082,3.2295534178963874,4.6766136583430296,153132372.74132302,344366735.15576416,498666524.04140896,54807668.13645744,1,True,True,True,17.0,17.0,17.0,0.0
task-v2-10d8be977e09,g-e23fad4558949e26,v2-S1-b004-g-e23fad4558949e26,S1,D2,7,128,1392.0,99.0,798.0,475.7142857142857,0.015625,1.806179973983887,0.0,28.0,14.0,23.0,0.0,12.0,4.0,8.0,2.0,1938.0,3755844.0,447626.8203125,2088376.6499999976,484.0,400.0,41767532.999999955,41767732.999999955,12.0,75117108.0,8952750.40625,41767758.59999995,75117096.0,75117096.0,90798.98478260859,0.34782608695652173,1815979.695652172,17.391304347826086,1815988.3913043458,50.0,20.0,1.4361119332668082,3.2295534178963874,4.6766136583430296,107876557.95794843,242594674.12925106,351293637.12866455,38610141.55543785,1,True,True,True,12.0,12.0,12.0,0.0
task-v2-a4fc95665697,g-e23fad4558949e26,v2-S1-b004-g-e23fad4558949e26,S1,D3,7,128,2021.0,99.0,798.0,475.7142857142857,0.0234375,1.630088714928206,0.0,28.0,14.0,23.0,0.0,12.0,4.0,8.0,2.0,1309.0,1713481.0,100110.3046875,667025.3499999987,2704.0,400.0,13340506.999999974,13340706.999999974,10.0,34269848.0,2002420.09375,13340732.599999974,34269838.0,34269838.0,29001.102173912986,0.34782608695652173,580022.0434782597,17.391304347826086,580030.7391304336,50.0,20.0,1.4361119332668082,3.2295534178963874,4.6766136583430296,49215323.30292033,110676272.44365549,160266792.46000296,17614675.842393093,1,True,True,True,10.0,10.0,10.0,0.0
task-v2-3f363bac5736,g-60667963f6db3f1b,v2-S2-b000-g-60667963f6db3f1b,S2,D1,10,1024,1727.0,164.0,874.0,597.2,0.0009765625,3.010299956639812,0.0,54.0,27.0,42.0,0.0,12.0,6.0,10.0,2.0,4245.0,18020025.0,2555052.837890625,8584900.0,64.0,500.0,171698000.0,171698555.0,23.0,360400954.0,51101383.7578125,171698598.6,360400931.0,360400931.0,204402.38095238095,0.23809523809523808,4088047.619047619,11.904761904761905,4088060.8333333335,50.0,20.0,1.4361119332668082,3.2295534178963874,4.6766136583430296,517576077.76956755,1163934058.52409,1685455916.3941438,185245858.84712034,1,True,True,True,23.0,23.0,23.0,0.0
task-v2-f1a738d52e35,g-60667963f6db3f1b,v2-S2-b000-g-60667963f6db3f1b,S2,D2,10,1024,1902.0,164.0,874.0,597.2,0.001953125,2.709269960975831,0.0,54.0,27.0,42.0,0.0,12.0,6.0,10.0,2.0,4070.0,16564900.0,2124188.4453125,7590025.0,64.0,500.0,151800500.0,151801055.0,9.0,331298454.0,42484095.90625,151801098.6,331298445.0,331298445.0,180714.88095238095,0.23809523809523808,3614297.619047619,11.904761904761905,3614310.8333333335,50.0,20.0,1.4361119332668082,3.2295534178963874,4.6766136583430296,475781650.3372373,1069946025.3935083,1549354832.874807,170287198.78290343,1,True,True,True,9.0,9.0,9.0,0.0
task-v2-a0f813383468,g-60667963f6db3f1b,v2-S2-b000-g-60667963f6db3f1b,S2,D3,10,1024,1979.0,164.0,874.0,597.2,0.0029296875,2.533178701920149,0.0,54.0,27.0,42.0,0.0,12.0,6.0,10.0,2.0,3993.0,15944049.0,1951361.0068359375,7171684.0,36.0,500.0,143433680.0,143434235.0,9.0,318881434.0,39027547.13671875,143434278.6,318881425.0,318881425.0,170754.38095238095,0.23809523809523808,3415087.619047619,11.904761904761905,3415100.8333333335,50.0,20.0,1.4361119332668082,3.2295534178963874,4.6766136583430296,457949419.7396247,1029844596.0124205,1491285227.5468884,163904858.07185274,1,True,True,True,9.0,9.0,9.0,0.0
task-v2-6996479d6302,g-60667963f6db3f1b,v2-S2-b000-g-60667963f6db3f1b,S2,D4,10,1024,2940.0,164.0,874.0,597.2,0.00390625,2.4082399653118496,0.0,54.0,27.0,42.0,0.0,12.0,6.0,10.0,2.0,3032.0,9193024.0,541652.7216796875,2948089.0,1.0,500.0,58961780.0,58962335.0,9.0,183860934.0,10833381.43359375,58962378.6,183860925.0,183860925.0,70192.59523809524,0.23809523809523808,1403851.9047619049,11.904761904761905,1403865.119047619,50.0,20.0,1.4361119332668082,3.2295534178963874,4.6766136583430296,264044868.45397362,593788678.7513413,859846513.0905833,94504403.37528145,1,True,True,True,9.0,9.0,9.0,0.0
task-v2-4d2b9f5eb099,g-6aa6775bed3bc2cc,v2-S2-b001-g-6aa6775bed3bc2cc,S2,D1,10,1024,1327.0,105.0,849.0,495.0,0.0009765625,3.010299956639812,0.0,51.0,25.5,41.0,0.0,18.0,6.5,14.0,2.0,3623.0,13126129.0,2060343.8017578125,6715427.399999988,169.0,700.0,134308547.99999976,134309002.99999976,13.0,262523131.0,41207226.53515625,134309033.74999976,262523118.0,262523118.0,163790.91219512167,0.34146341463414637,3275818.243902433,17.073170731707318,3275829.341463409,50.0,20.0,1.4361119332668082,3.2295534178963874,4.6766136583430296,377012582.5182104,847832433.0137166,1227719199.2695987,134936722.62776124,1,True,True,True,13.0,13.0,13.0,0.0
task-v2-2d64318cb7be,g-6aa6775bed3bc2cc,v2-S2-b001-g-6aa6775bed3bc2cc,S2,D2,10,1024,1531.0,105.0,849.0,495.0,0.001953125,2.709269960975831,0.0,51.0,25.5,41.0,0.0,18.0,6.5,14.0,2.0,3419.0,11689561.0,1613657.939453125,5699752.19999999,4.0,700.0,113995043.99999979,113995498.99999979,13.0,233791771.0,32273509.2890625,113995529.74999979,233791758.0,233791758.0,139018.34634146316,0.34146341463414637,2780366.926829263,17.073170731707318,2780378.024390239,50.0,20.0,1.4361119332668082,3.2295534178963874,4.6766136583430296,335751133.56322575,755042971.1249051,1093353728.6708283,120168821.10131985,1,True,True,True,13.0,13.0,13.0,0.0
task-v2-3cd2eda112d3,g-6aa6775bed3bc2cc,v2-S2-b001-g-6aa6775bed3bc2cc,S2,D3,10,1024,2366.0,105.0,849.0,495.0,0.0029296875,2.533178701920149,0.0,51.0,25.5,41.0,0.0,18.0,6.5,14.0,2.0,2584.0,6677056.0,465994.7236328125,2410019.199999993,4.0,700.0,48200383.999999866,48200838.999999866,13.0,133541671.0,9320244.97265625,48200869.749999866,133541658.0,133541658.0,58780.95609756081,0.34146341463414637,1175619.1219512161,17.073170731707318,1175630.2195121918,50.0,20.0,1.4361119332668082,3.2295534178963874,4.6766136583430296,191780768.64203492,431279918.02545047,624522741.7605737,68640330.81001785,2,True,True,True,13.0,13.0,13.0,0.0
task-v2-f4789f22d2c1,g-6aa6775bed3bc2cc,v2-S2-b001-g-6aa6775bed3bc2cc,S2,D4,10,1024,2740.0,105.0,849.0,495.0,0.00390625,2.4082399653118496,0.0,51.0,25.5,41.0,0.0,18.0,6.5,14.0,2.0,2210.0,4884100.0,227360.5673828125,1388699.9999999949,1.0,700.0,27773999.9999999,27774454.9999999,13.0,97682551.0,4547561.84765625,27774485.7499999,97682538.0,97682538.0,33870.73170731695,0.34146341463414637,677414.634146339,17.073170731707318,677425.7317073146,50.0,20.0,1.4361119332668082,3.2295534178963874,4.6766136583430296,140283058.49358845,315470974.46669376,456823491.392412,50208764.988391414,2,True,True,True,13.0,13.0,13.0,0.0
task-v2-ff6e67bbbcba,g-0780828b282bb310,v2-S2-b002-g-0780828b282bb310,S2,D1,10,1024,1934.0,261.0,981.0,649.0,0.0009765625,3.010299956639812,0.0,40.0,20.0,32.0,0.0,16.0,6.0,12.0,2.0,4556.0,20757136.0,2867491.07421875,9928195.799999991,16.0,600.0,198563915.99999985,198564300.99999985,12.0,415143160.0,57350141.484375,198564328.54999983,415143148.0,415143148.0,310256.11874999973,0.375,6205122.374999995,18.75,6205134.406249995,50.0,20.0,1.4361119332668082,3.2295534178963874,4.6766136583430296,596192028.8567487,1340726972.5396657,1941464116.1043217,213383325.01631963,1,True,True,True,12.0,12.0,12.0,0.0
task-v2-a9de39f81405,g-0780828b282bb310,v2-S2-b002-g-0780828b282bb310,S2,D2,10,1024,2008.0,261.0,981.0,649.0,0.001953125,2.709269960975831,0.0,40.0,20.0,32.0,0.0,16.0,6.0,12.0,2.0,4482.0,20088324.0,2669312.84765625,9467338.599999992,9.0,600.0,189346771.99999985,189347156.99999985,12.0,401766920.0,53386576.953125,189347184.54999983,401766908.0,401766908.0,295854.33124999976,0.375,5917086.624999995,18.75,5917098.656249995,50.0,20.0,1.4361119332668082,3.2295534178963874,4.6766136583430296,576982250.9705079,1297527690.9290633,1878908609.4230473,206507945.80997345,1,True,True,True,12.0,12.0,12.0,0.0
task-v2-b0f919379fb8,g-0780828b282bb310,v2-S2-b002-g-0780828b282bb310,S2,D3,10,1024,2824.0,261.0,981.0,649.0,0.0029296875,2.533178701920149,0.0,40.0,20.0,32.0,0.0,16.0,6.0,12.0,2.0,3666.0,13439556.0,1069410.369140625,5111693.799999994,25.0,600.0,102233875.99999988,102234260.99999988,12.0,268791560.0,21388527.3828125,102234288.54999988,268791548.0,268791548.0,159740.43124999982,0.375,3194808.6249999963,18.75,3194820.6562499963,50.0,20.0,1.4361119332668082,3.2295534178963874,4.6766136583430296,386014749.64405805,868076662.5450609,1257034224.623966,138158691.8267616,1,True,True,True,12.0,12.0,12.0,0.0
task-v2-d80673ba7cf0,g-0780828b282bb310,v2-S2-b002-g-0780828b282bb310,S2,D4,10,1024,2974.0,261.0,981.0,649.0,0.00390625,2.4082399653118496,0.0,40.0,20.0,32.0,0.0,16.0,6.0,12.0,2.0,3516.0,12362256.0,878545.8828125,4455923.799999994,25.0,600.0,89118475.9999999,89118860.9999999,12.0,247245560.0,17571237.65625,89118888.5499999,247245548.0,247245548.0,139247.61874999982,0.375,2784952.3749999967,18.75,2784964.4062499967,50.0,20.0,1.4361119332668082,3.2295534178963874,4.6766136583430296,355072281.9298914,798492704.6030653,1156271906.741307,127084060.96039444,1,True,True,True,12.0,12.0,12.0,0.0
task-v2-30409dd5a775,g-686fdbb6f8f550f1,v2-S2-b003-g-686fdbb6f8f550f1,S2,D1,10,1024,272.0,16.0,889.0,362.7,0.0009765625,3.010299956639812,0.0,53.0,26.5,41.0,0.0,16.0,6.0,10.0,2.0,3355.0,11256025.0,2911660.7109375,7661824.0,1681.0,500.0,153236480.0,153236950.0,25.0,225120953.0,58233540.71875,153236982.35,225120928.0,225120928.0,186873.75609756098,0.24390243902439024,3737475.1219512196,12.195121951219512,3737486.5853658537,50.0,20.0,1.4361119332668082,3.2295534178963874,4.6766136583430296,323298851.1288979,727040062.4624065,1052803606.6636578,115712019.76673235,1,True,True,True,25.0,25.0,25.0,0.0
task-v2-eed472030dc4,g-686fdbb6f8f550f1,v2-S2-b003-g-686fdbb6f8f550f1,S2,D2,10,1024,743.0,16.0,889.0,362.7,0.001953125,2.709269960975831,0.0,53.0,26.5,41.0,0.0,16.0,6.0,10.0,2.0,2884.0,8317456.0,1672963.3876953125,5276209.0,1.0,500.0,105524180.0,105524650.0,12.0,166349573.0,33459594.25390625,105524682.35,166349561.0,166349561.0,128688.0243902439,0.24390243902439024,2573760.487804878,12.195121951219512,2573771.951219512,50.0,20.0,1.4361119332668082,3.2295534178963874,4.6766136583430296,238896589.64579484,537234793.2931136,777952629.0319669,85503572.95355165,1,True,True,True,12.0,12.0,12.0,0.0
task-v2-4507b50770a7,g-686fdbb6f8f550f1,v2-S2-b003-g-686fdbb6f8f550f1,S2,D3,10,1024,1437.0,16.0,889.0,362.7,0.0029296875,2.533178701920149,0.0,53.0,26.5,41.0,0.0,16.0,6.0,10.0,2.0,2190.0,4796100.0,572480.8203125,2569609.0,25.0,500.0,51392180.0,51392650.0,12.0,95922453.0,11449942.90625,51392682.35,95922441.0,95922441.0,62673.39024390244,0.24390243902439024,1253467.8048780488,12.195121951219512,1253479.268292683,50.0,20.0,1.4361119332668082,3.2295534178963874,4.6766136583430296,137755362.18818134,309786647.1845146,448592197.72220343,49304076.20328048,1,True,True,True,12.0,12.0,12.0,0.0
task-v2-59e59ed3c03f,g-686fdbb6f8f550f1,v2-S2-b003-g-686fdbb6f8f550f1,S2,D4,10,1024,1861.0,16.0,889.0,362.7,0.00390625,2.4082399653118496,0.0,53.0,26.5,41.0,0.0,16.0,6.0,10.0,2.0,1766.0,3118756.0,240695.0927734375,1390041.0,9.0,500.0,27800820.0,27801290.0,12.0,62375573.0,4814228.35546875,27801322.35,62375561.0,62375561.0,33903.439024390245,0.24390243902439024,678068.7804878049,12.195121951219512,678080.243902439,50.0,20.0,1.4361119332668082,3.2295534178963874,4.6766136583430296,89578287.49631172,201445206.2207546,291706400.5194088,32061000.33219932,1,True,True,True,12.0,12.0,12.0,0.0
task-v2-de1e481a2b9a,g-8c950d2bd101a5de,v2-S2-b004-g-8c950d2bd101a5de,S2,D1,10,1024,858.0,75.0,1000.0,378.4,0.0009765625,3.010299956639812,0.0,58.0,29.0,45.0,0.0,12.0,6.0,10.0,2.0,2926.0,8561476.0,1579787.89453125,4890954.549999999,1.0,500.0,97819090.99999997,97819520.99999997,16.0,171229978.0,31596086.890625,97819566.59999998,171229962.0,171229962.0,108687.87888888887,0.2222222222222222,2173757.5777777773,11.11111111111111,2173767.133333333,50.0,20.0,1.4361119332668082,3.2295534178963874,4.6766136583430296,245905391.7610221,552996309.0233685,800776379.006758,88012096.09264238,1,True,True,True,16.0,16.0,16.0,0.0
task-v2-df25fe0d6e36,g-8c950d2bd101a5de,v2-S2-b004-g-8c950d2bd101a5de,S2,D2,10,1024,1083.0,75.0,1000.0,378.4,0.001953125,2.709269960975831,0.0,58.0,29.0,45.0,0.0,12.0,6.0,10.0,2.0,2701.0,7295401.0,1150933.552734375,3946382.049999999,4.0,500.0,78927640.99999999,78928070.99999999,16.0,145908478.0,23019000.0546875,78928116.59999998,145908462.0,145908462.0,87697.37888888887,0.2222222222222222,1753947.5777777773,11.11111111111111,1753957.133333333,50.0,20.0,1.4361119332668082,3.2295534178963874,4.6766136583430296,209540883.44280663,471219172.15210515,682357506.2570249,74996860.52767833,1,True,True,True,16.0,16.0,16.0,0.0
task-v2-0da346e5ae20,g-8c950d2bd101a5de,v2-S2-b004-g-8c950d2bd101a5de,S2,D3,10,1024,1736.0,75.0,1000.0,378.4,0.0029296875,2.533178701920149,0.0,58.0,29.0,45.0,0.0,12.0,6.0,10.0,2.0,2048.0,4194304.0,364675.7265625,1778356.7499999993,4.0,500.0,35567134.999999985,35567564.999999985,16.0,83886538.0,7293843.53125,35567610.59999999,83886522.0,83886522.0,39519.03888888887,0.2222222222222222,790380.7777777774,11.11111111111111,790390.333333333,50.0,20.0,1.4361119332668082,3.2295534178963874,4.6766136583430296,120470435.28444864,270916003.84054047,392304854.53609306,43117621.173924915,1,True,True,True,16.0,16.0,16.0,0.0
task-v2-693f08fcb4be,g-8c950d2bd101a5de,v2-S2-b004-g-8c950d2bd101a5de,S2,D4,10,1024,1829.0,75.0,1000.0,378.4,0.00390625,2.4082399653118496,0.0,58.0,29.0,45.0,0.0,12.0,6.0,10.0,2.0,1955.0,3822025.0,298804.2099609375,1538965.4499999993,9.0,500.0,30779308.999999985,30779738.999999985,16.0,76440958.0,5976413.19921875,30779784.599999987,76440942.0,76440942.0,34199.23222222221,0.2222222222222222,683984.6444444441,11.11111111111111,683994.1999999997,50.0,20.0,1.4361119332668082,3.2295534178963874,4.6766136583430296,109777748.99635595,246870105.5033195,357484753.41380733,39290597.59247101,1,True,True,True,16.0,16.0,16.0,0.0
task-v2-4968f3a685c2,g-8a16a856f5377a40,v2-S3-b000-g-8a16a856f5377a40,S3,D1,13,8192,768.0,80.0,892.0,390.9230769230769,0.0001220703125,3.9133899436317554,0.0,59.0,29.5,44.0,0.0,30.0,10.0,18.0,2.0,4314.0,18610596.0,3827902.94921875,9837318.85,1.0,900.0,196746376.99999997,196746976.99999997,18.0,372213079.0,76558588.484375,196747009.89999998,372213061.0,372213061.0,223575.4284090909,0.4090909090909091,4471508.568181817,20.454545454545453,4471522.204545454,50.0,20.0,1.4361119332668082,3.2295534178963874,4.6766136583430296,534539618.61986643,1202081963.3382266,1740696684.8862672,191317286.46688926,1,True,True,True,18.0,18.0,18.0,0.0
task-v2-8f4071cbe937,g-8a16a856f5377a40,v2-S3-b000-g-8a16a856f5377a40,S3,D2,13,8192,925.0,80.0,892.0,390.9230769230769,0.000244140625,3.612359947967774,0.0,59.0,29.5,44.0,0.0,30.0,10.0,18.0,2.0,4157.0,17280649.0,3294482.8690185547,8877122.549999999,4.0,900.0,177542450.99999997,177543050.99999997,16.0,345614139.0,65890186.880371094,177543083.89999998,345614123.0,345614123.0,201752.7852272727,0.4090909090909091,4035055.7045454537,20.454545454545453,4035069.3409090904,50.0,20.0,1.4361119332668082,3.2295534178963874,4.6766136583430296,496340566.3458424,1116179272.2079124,1616303728.1380477,177645448.54860348,1,True,True,True,16.0,16.0,16.0,0.0
task-v2-5de325b6f026,g-8a16a856f5377a40,v2-S3-b000-g-8a16a856f5377a40,S3,D3,13,8192,933.0,80.0,892.0,390.9230769230769,0.0003662109375,3.436268688912093,0.0,59.0,29.5,44.0,0.0,30.0,10.0,18.0,2.0,4149.0,17214201.0,3268595.837524414,8829515.35,1.0,900.0,176590306.99999997,176590906.99999997,16.0,344285179.0,65372446.25048828,176590939.89999998,344285163.0,344285163.0,200670.8034090909,0.4090909090909091,4013416.0681818174,20.454545454545453,4013429.7045454537,50.0,20.0,1.4361119332668082,3.2295534178963874,4.6766136583430296,494432031.0310082,1111887324.8976648,1610088695.6506562,176962363.91868758,2,True,True,True,16.0,16.0,16.0,0.0
task-v2-eb1005d46905,g-8a16a856f5377a40,v2-S3-b000-g-8a16a856f5377a40,S3,D4,13,8192,1180.0,80.0,892.0,390.9230769230769,0.00048828125,3.311329952303793,0.0,59.0,29.5,44.0,0.0,30.0,10.0,18.0,2.0,3902.0,15225604.0,2530309.1549072266,7422628.049999999,1.0,900.0,148452560.99999997,148453160.99999997,8.0,304513239.0,50606712.59814453,148453193.89999998,304513231.0,304513231.0,168696.0920454545,0.4090909090909091,3373921.8409090904,20.454545454545453,3373935.4772727266,50.0,20.0,1.4361119332668082,3.2295534178963874,4.6766136583430296,437315084.8767322,983441745.9707222,1424090735.240766,156519615.1141645,1,True,True,True,8.0,8.0,8.0,0.0
task-v2-0c6c4504c3d3,g-8a16a856f5377a40,v2-S3-b000-g-8a16a856f5377a40,S3,D5,13,8192,1195.0,80.0,892.0,390.9230769230769,0.0006103515625,3.2144199392957367,0.0,59.0,29.5,44.0,0.0,30.0,10.0,18.0,2.0,3887.0,15108769.0,2489241.083129883,7341119.549999999,4.0,900.0,146822390.99999997,146822990.99999997,8.0,302176539.0,49785351.162597656,146823023.89999998,302176531.0,302176531.0,166843.6261363636,0.4090909090909091,3336872.522727272,20.454545454545453,3336886.1590909082,50.0,20.0,1.4361119332668082,3.2295534178963874,4.6766136583430296,433959322.1222676,975895248.4991237,1413162892.105316,155318552.7385291,1,True,True,True,8.0,8.0,8.0,0.0
task-v2-f0ef0f25a74e,g-8a16a856f5377a40,v2-S3-b000-g-8a16a856f5377a40,S3,D6,13,8192,1394.0,80.0,892.0,390.9230769230769,0.000732421875,3.135238693248112,0.0,59.0,29.5,44.0,0.0,30.0,10.0,18.0,2.0,3688.0,13601344.0,1984327.4338378906,6302359.449999999,1.0,900.0,126047188.99999999,126047788.99999999,8.0,272028039.0,39687078.17675781,126047821.89999998,272028031.0,272028031.0,143235.44204545452,0.4090909090909091,2864708.8409090904,20.454545454545453,2864722.477272727,50.0,20.0,1.4361119332668082,3.2295534178963874,4.6766136583430296,390662701.50217324,878529057.2796744,1272170005.226761,139822242.11592305,2,True,True,True,8.0,8.0,8.0,0.0
task-v2-69173fedcdae,g-8a16a856f5377a40,v2-S3-b000-g-8a16a856f5377a40,S3,D7,13,8192,1737.0,80.0,892.0,390.9230769230769,0.0008544921875,3.0682919036174985,0.0,59.0,29.5,44.0,0.0,30.0,10.0,18.0,2.0,3345.0,11189025.0,1281673.8182373047,4697839.749999999,1.0,900.0,93956794.99999999,93957394.99999999,8.0,223781659.0,25634005.864746094,93957427.89999999,223781651.0,223781651.0,106769.0852272727,0.4090909090909091,2135381.704545454,20.454545454545453,2135395.3409090904,50.0,20.0,1.4361119332668082,3.2295534178963874,4.6766136583430296,321375499.44724816,722714795.8495466,1046540325.553153,115023632.20510533,2,True,True,True,8.0,8.0,8.0,0.0
task-v2-8792ce3c54d5,g-a712031e7959d564,v2-S3-b001-g-a712031e7959d564,S3,D1,13,8192,658.0,7.0,878.0,388.7692307692308,0.0001220703125,3.9133899436317554,0.0,48.0,24.0,36.0,0.0,28.0,11.0,20.0,2.0,4396.0,19324816.0,4212080.744262695,10689303.549999999,4.0,1000.0,213786070.99999997,213786925.99999997,10.0,386497768.0,84242188.8852539,213786961.04999998,386497758.0,386497758.0,296925.09861111105,0.5555555555555556,5938501.972222221,27.77777777777778,5938525.722222221,50.0,20.0,1.4361119332668082,3.2295534178963874,4.6766136583430296,555054042.444667,1248215155.3581908,1807500693.9817588,198659612.01747414,1,True,True,True,10.0,10.0,10.0,0.0
task-v2-5acbf653f95a,g-a712031e7959d564,v2-S3-b001-g-a712031e7959d564,S3,D2,13,8192,839.0,7.0,878.0,388.7692307692308,0.000244140625,3.612359947967774,0.0,48.0,24.0,36.0,0.0,28.0,11.0,20.0,2.0,4215.0,17766225.0,3567019.182373047,9538523.649999999,1.0,1000.0,190770472.99999997,190771327.99999997,10.0,355325948.0,71340957.64746094,190771363.04999998,355325938.0,355325938.0,264958.9902777777,0.5555555555555556,5299179.805555555,27.77777777777778,5299203.555555555,50.0,20.0,1.4361119332668082,3.2295534178963874,4.6766136583430296,510287819.76102203,1147544097.5351398,1661722134.8143485,182637315.53864557,1,True,True,True,10.0,10.0,10.0,0.0
task-v2-ef23e17da545,g-a712031e7959d564,v2-S3-b001-g-a712031e7959d564,S3,D3,13,8192,949.0,7.0,878.0,388.7692307692308,0.0003662109375,3.436268688912093,0.0,48.0,24.0,36.0,0.0,28.0,11.0,20.0,2.0,4105.0,16851025.0,3206347.2202148438,8871164.649999999,9.0,1000.0,177423292.99999997,177424147.99999997,10.0,337021948.0,64127518.404296875,177424183.04999998,337021938.0,337021938.0,246421.24027777775,0.5555555555555556,4928424.805555555,27.77777777777778,4928448.555555555,50.0,20.0,1.4361119332668082,3.2295534178963874,4.6766136583430296,484001226.93450636,1088430351.7739644,1576121398.4120376,173229070.69607693,1,True,True,True,10.0,10.0,10.0,0.0
task-v2-ac528a9510be,g-a712031e7959d564,v2-S3-b001-g-a712031e7959d564,S3,D4,13,8192,1039.0,7.0,878.0,388.7692307692308,0.00048828125,3.311329952303793,0.0,48.0,24.0,36.0,0.0,28.0,11.0,20.0,2.0,4015.0,16120225.0,2928709.8404541016,8343143.6499999985,1.0,1000.0,166862872.99999997,166863727.99999997,8.0,322405948.0,58574770.80908203,166863763.04999998,322405940.0,322405940.0,231753.99027777775,0.5555555555555556,4635079.805555555,27.77777777777778,4635103.555555555,50.0,20.0,1.4361119332668082,3.2295534178963874,4.6766136583430296,463011017.79010254,1041227205.4770976,1507768022.5349233,165716456.6334407,1,True,True,True,8.0,8.0,8.0,0.0
task-v2-5b0627539151,g-a712031e7959d564,v2-S3-b001-g-a712031e7959d564,S3,D5,13,8192,1363.0,7.0,878.0,388.7692307692308,0.0006103515625,3.2144199392957367,0.0,48.0,24.0,36.0,0.0,28.0,11.0,20.0,2.0,3691.0,13623481.0,2056652.1834716797,6576404.049999999,1.0,1000.0,131528080.99999999,131528935.99999999,3.0,272471068.0,41133617.669433594,131528971.04999998,272471065.0,272471065.0,182677.89027777774,0.5555555555555556,3653557.805555555,27.77777777777778,3653581.555555555,50.0,20.0,1.4361119332668082,3.2295534178963874,4.6766136583430296,391298947.91641617,879959859.2486187,1274241904.0822713,140049961.32186615,1,True,True,True,3.0,3.0,3.0,0.0
task-v2-c5ed7c8b71f4,g-a712031e7959d564,v2-S3-b001-g-a712031e7959d564,S3,D6,13,8192,1589.0,7.0,878.0,388.7692307692308,0.000732421875,3.135238693248112,0.0,48.0,24.0,36.0,0.0,28.0,11.0,20.0,2.0,3465.0,12006225.0,1562155.8508300781,5468348.649999999,1.0,1000.0,109366972.99999999,109367827.99999999,3.0,240125948.0,31243691.016601562,109367863.04999998,240125945.0,240125945.0,151898.5736111111,0.5555555555555556,3037971.472222222,27.77777777777778,3037995.222222222,50.0,20.0,1.4361119332668082,3.2295534178963874,4.6766136583430296,344847735.1014693,775499566.40035,1122976274.109527,123424589.3582372,1,True,True,True,3.0,3.0,3.0,0.0
task-v2-8c0a098a6f8b,g-a712031e7959d564,v2-S3-b001-g-a712031e7959d564,S3,D7,13,8192,1678.0,7.0,878.0,388.7692307692308,0.0008544921875,3.0682919036174985,0.0,48.0,24.0,36.0,0.0,28.0,11.0,20.0,2.0,3376.0,11397376.0,1391799.5473632812,5060025.549999999,1.0,1000.0,101200510.99999999,101201365.99999999,3.0,227948968.0,27836564.947265625,101201401.04999998,227948965.0,227948965.0,140556.26527777774,0.5555555555555556,2811125.305555555,27.77777777777778,2811149.055555555,50.0,20.0,1.4361119332668082,3.2295534178963874,4.6766136583430296,327360228.81231797,736173359.021694,1066029243.1241572,117165629.06086713,1,True,True,True,3.0,3.0,3.0,0.0
task-v2-eb747215294a,g-fc8e50acd167f0aa,v2-S3-b002-g-fc8e50acd167f0aa,S3,D1,13,8192,140.0,11.0,928.0,427.0,0.0001220703125,3.9133899436317554,0.0,77.0,38.5,58.0,0.0,32.0,11.5,22.0,2.0,5411.0,29278921.0,7806976.968261719,17272336.0,1089.0,1100.0,345446720.0,345447545.0,19.0,585580097.0,156140152.86523438,345447595.95,585580078.0,585580078.0,297798.8965517241,0.3793103448275862,5955977.931034483,18.96551724137931,5955992.155172414,50.0,20.0,1.4361119332668082,3.2295534178963874,4.6766136583430296,840958537.8991083,1891162142.356933,2738531790.828377,300987803.1443646,1,True,True,True,19.0,19.0,19.0,0.0
task-v2-607a9c50d675,g-fc8e50acd167f0aa,v2-S3-b002-g-fc8e50acd167f0aa,S3,D2,13,8192,680.0,11.0,928.0,427.0,0.000244140625,3.612359947967774,0.0,77.0,38.5,58.0,0.0,32.0,11.5,22.0,2.0,4871.0,23726641.0,5251404.498657227,13075456.0,16.0,1100.0,261509120.0,261509945.0,14.0,474534497.0,105028703.47314453,261509995.95,474534483.0,474534483.0,225438.89655172414,0.3793103448275862,4508777.931034483,18.96551724137931,4508792.155172414,50.0,20.0,1.4361119332668082,3.2295534178963874,4.6766136583430296,681484633.7828953,1532534461.482345,2219214444.552548,243910435.00359112,1,True,True,True,14.0,14.0,14.0,0.0
task-v2-cfa564be8207,g-fc8e50acd167f0aa,v2-S3-b002-g-fc8e50acd167f0aa,S3,D3,13,8192,950.0,11.0,928.0,427.0,0.0003662109375,3.436268688912093,0.0,77.0,38.5,58.0,0.0,32.0,11.5,22.0,2.0,4601.0,21169201.0,4190582.739501953,11195716.0,4.0,1100.0,223914320.0,223915145.0,13.0,423385697.0,83812268.29003906,223915195.95,423385684.0,423385684.0,193029.58620689655,0.3793103448275862,3860591.724137931,18.96551724137931,3860605.9482758623,50.0,20.0,1.4361119332668082,3.2295534178963874,4.6766136583430296,608029233.1667299,1367346682.8505998,1980011272.5413058,217619983.49597907,1,True,True,True,13.0,13.0,13.0,0.0
task-v2-5da0eece9ed4,g-fc8e50acd167f0aa,v2-S3-b002-g-fc8e50acd167f0aa,S3,D4,13,8192,979.0,11.0,928.0,427.0,0.00048828125,3.311329952303793,0.0,77.0,38.5,58.0,0.0,32.0,11.5,22.0,2.0,4572.0,20903184.0,4085145.9478759766,11002489.0,4.0,1100.0,220049780.0,220050605.0,12.0,418065357.0,81703532.45751953,220050655.95,418065345.0,418065345.0,189698.08620689655,0.3793103448275862,3793961.724137931,18.96551724137931,3793975.9482758623,50.0,20.0,1.4361119332668082,3.2295534178963874,4.6766136583430296,600388630.8398051,1350164363.8487823,1955130102.5068908,214885332.49305803,1,True,True,True,12.0,12.0,12.0,0.0
task-v2-cd3aef86a98f,g-fc8e50acd167f0aa,v2-S3-b002-g-fc8e50acd167f0aa,S3,D5,13,8192,1012.0,11.0,928.0,427.0,0.0006103515625,3.2144199392957367,0.0,77.0,38.5,58.0,0.0,32.0,11.5,22.0,2.0,4539.0,20602521.0,3967159.501586914,10784656.0,1.0,1100.0,215693120.0,215693945.0,12.0,412052097.0,79343803.53173828,215693995.95,412052085.0,412052085.0,185942.3448275862,0.3793103448275862,3718846.896551724,18.96551724137931,3718861.120689655,50.0,20.0,1.4361119332668082,3.2295534178963874,4.6766136583430296,591752916.3959692,1330744219.4630828,1927008408.659723,211794520.51851562,1,True,True,True,12.0,12.0,12.0,0.0
task-v2-8029d558b1a1,g-fc8e50acd167f0aa,v2-S3-b002-g-fc8e50acd167f0aa,S3,D6,13,8192,1057.0,11.0,928.0,427.0,0.000732421875,3.135238693248112,0.0,77.0,38.5,58.0,0.0,32.0,11.5,22.0,2.0,4494.0,20196036.0,3809681.264038086,10491121.0,16.0,1100.0,209822420.0,209823245.0,12.0,403922397.0,76194238.78076172,209823295.95,403922385.0,403922385.0,180881.39655172414,0.3793103448275862,3617627.9310344825,18.96551724137931,3617642.1551724137,50.0,20.0,1.4361119332668082,3.2295534178963874,4.6766136583430296,580077757.21209,1304488919.0416105,1888988942.6014917,207615859.67407557,1,True,True,True,12.0,12.0,12.0,0.0
task-v2-147f90045792,g-fc8e50acd167f0aa,v2-S3-b002-g-fc8e50acd167f0aa,S3,D7,13,8192,1424.0,11.0,928.0,427.0,0.0008544921875,3.0682919036174985,0.0,77.0,38.5,58.0,0.0,32.0,11.5,22.0,2.0,4127.0,17032129.0,2670311.127685547,8248384.0,1.0,1100.0,164967680.0,164968505.0,12.0,340644257.0,53406836.05371094,164968555.95,340644245.0,340644245.0,142213.5172413793,0.3793103448275862,2844270.3448275863,18.96551724137931,2844284.5689655175,50.0,20.0,1.4361119332668082,3.2295534178963874,4.6766136583430296,489203265.2431623,1100128785.7264843,1593061528.8029492,175090934.28605452,1,True,True,True,12.0,12.0,12.0,0.0
task-v2-8b88de51ba21,g-f0c91af33253395a,v2-S3-b003-g-f0c91af33253395a,S3,D1,13,8192,196.0,52.0,755.0,368.3076923076923,0.0001220703125,3.9133899436317554,0.0,76.0,38.0,57.0,0.0,34.0,12.0,24.0,2.0,4592.0,21086464.0,5443759.867919922,12180100.0,3721.0,1200.0,243602000.0,243603000.0,7.0,421730956.0,108875835.35839844,243603052.7,421730949.0,421730949.0,213685.9649122807,0.42105263157894735,4273719.298245614,21.05263157894737,4273736.842105263,50.0,20.0,1.4361119332668082,3.2295534178963874,4.6766136583430296,605652848.4868357,1362002627.7756371,1972272716.2393677,216769450.71464345,1,True,True,True,7.0,7.0,7.0,0.0
task-v2-df7a823d7a2b,g-f0c91af33253395a,v2-S3-b003-g-f0c91af33253395a,S3,D2,13,8192,763.0,52.0,755.0,368.3076923076923,0.000244140625,3.612359947967774,0.0,76.0,38.0,57.0,0.0,34.0,12.0,24.0,2.0,4025.0,16200625.0,3271436.9493408203,8543929.0,1.0,1200.0,170878580.0,170879580.0,7.0,324014176.0,65429376.986816406,170879632.7,324014169.0,324014169.0,149893.49122807017,0.42105263157894735,2997869.8245614036,21.05263157894737,2997887.3684210526,50.0,20.0,1.4361119332668082,3.2295534178963874,4.6766136583430296,465320614.6484283,1046421066.9408077,1515289088.2420666,166543085.35912466,1,True,True,True,7.0,7.0,7.0,0.0
task-v2-0ae6410749b4,g-f0c91af33253395a,v2-S3-b003-g-f0c91af33253395a,S3,D3,13,8192,767.0,52.0,755.0,368.3076923076923,0.0003662109375,3.436268688912093,0.0,76.0,38.0,57.0,0.0,34.0,12.0,24.0,2.0,4021.0,16168441.0,3258376.022705078,8520561.0,1.0,1200.0,170411220.0,170412220.0,7.0,323370496.0,65168158.45410156,170412272.7,323370489.0,323370489.0,149483.52631578947,0.42105263157894735,2989670.5263157897,21.05263157894737,2989688.0701754387,50.0,20.0,1.4361119332668082,3.2295534178963874,4.6766136583430296,464396218.1192231,1044342267.9967761,1512278845.5624645,166212234.2314878,1,True,True,True,7.0,7.0,7.0,0.0
task-v2-f12c027474e2,g-f0c91af33253395a,v2-S3-b003-g-f0c91af33253395a,S3,D4,13,8192,1142.0,52.0,755.0,368.3076923076923,0.00048828125,3.311329952303793,0.0,76.0,38.0,57.0,0.0,34.0,12.0,24.0,2.0,3646.0,13293316.0,2172185.735229492,6471936.0,1.0,1200.0,129438720.0,129439720.0,7.0,265867996.0,43444352.704589844,129439772.7,265867989.0,265867989.0,113542.73684210527,0.42105263157894735,2270854.736842105,21.05263157894737,2270872.2807017546,50.0,20.0,1.4361119332668082,3.2295534178963874,4.6766136583430296,381816191.6765485,858634872.5841892,1243361868.6735942,136655984.28285342,1,True,True,True,7.0,7.0,7.0,0.0
task-v2-356d367a6a2c,g-f0c91af33253395a,v2-S3-b003-g-f0c91af33253395a,S3,D5,13,8192,1155.0,52.0,755.0,368.3076923076923,0.0006103515625,3.2144199392957367,0.0,76.0,38.0,57.0,0.0,34.0,12.0,24.0,2.0,3633.0,13198689.0,2139370.8942871094,6405961.0,1.0,1200.0,128119220.0,128120220.0,7.0,263975456.0,42788055.88574219,128120272.7,263975449.0,263975449.0,112385.28070175438,0.42105263157894735,2247705.6140350876,21.05263157894737,2247723.1578947366,50.0,20.0,1.4361119332668082,3.2295534178963874,4.6766136583430296,379098292.3983637,852522813.5586835,1234511190.2606337,135683219.87647477,1,True,True,True,7.0,7.0,7.0,0.0
task-v2-747868754e4a,g-f0c91af33253395a,v2-S3-b003-g-f0c91af33253395a,S3,D6,13,8192,1279.0,52.0,755.0,368.3076923076923,0.000732421875,3.135238693248112,0.0,76.0,38.0,57.0,0.0,34.0,12.0,24.0,2.0,3509.0,12313081.0,1842260.2410888672,5793649.0,1.0,1200.0,115872980.0,115873980.0,7.0,246263296.0,36845842.821777344,115874032.7,246263289.0,246263289.0,101642.9649122807,0.42105263157894735,2032859.298245614,21.05263157894737,2032876.8421052631,50.0,20.0,1.4361119332668082,3.2295534178963874,4.6766136583430296,353661648.0584327,795320446.6923559,1151678260.8858767,126579180.43314268,1,True,True,True,7.0,7.0,7.0,0.0
task-v2-ba2b70f61e3b,g-f0c91af33253395a,v2-S3-b003-g-f0c91af33253395a,S3,D7,13,8192,1674.0,52.0,755.0,368.3076923076923,0.0008544921875,3.0682919036174985,0.0,76.0,38.0,57.0,0.0,34.0,12.0,24.0,2.0,3114.0,9696996.0,1079989.2349853516,4048144.0,1.0,1200.0,80962880.0,80963880.0,7.0,193941596.0,21600422.69970703,80963932.7,193941589.0,193941589.0,71020.0701754386,0.42105263157894735,1420401.403508772,21.05263157894737,1420418.9473684211,50.0,20.0,1.4361119332668082,3.2295534178963874,4.6766136583430296,278521830.31962675,626344721.6272064,906989884.0381503,99685858.52648707,1,True,True,True,7.0,7.0,7.0,0.0
task-v2-59fd840ba77c,g-64377640089a831f,v2-S3-b004-g-64377640089a831f,S3,D1,13,8192,1378.0,48.0,992.0,522.1538461538462,0.0001220703125,3.9133899436317554,0.0,70.0,35.0,52.0,0.0,32.0,10.5,20.0,2.0,5410.0,29268100.0,5282177.132080078,14799409.0,4.0,1000.0,295988180.0,295989205.0,15.0,585363270.0,105644102.64160156,295989257.65,585363255.0,585363255.0,284604.01923076925,0.38461538461538464,5692080.384615385,19.23076923076923,5692100.096153846,50.0,20.0,1.4361119332668082,3.2295534178963874,4.6766136583430296,840647155.8014016,1890461900.8962045,2737517793.4251337,300876356.25453174,1,True,True,True,15.0,15.0,15.0,0.0
task-v2-87f0030ee4db,g-64377640089a831f,v2-S3-b004-g-64377640089a831f,S3,D2,13,8192,1391.0,48.0,992.0,522.1538461538462,0.000244140625,3.612359947967774,0.0,70.0,35.0,52.0,0.0,32.0,10.5,20.0,2.0,5397.0,29127609.0,5229604.064819336,14699556.0,4.0,1000.0,293991120.0,293992145.0,15.0,582553450.0,104592641.29638672,293992197.65,582553435.0,582553435.0,282683.76923076925,0.38461538461538464,5653675.384615385,19.23076923076923,5653695.096153846,50.0,20.0,1.4361119332668082,3.2295534178963874,4.6766136583430296,836611939.7690699,1881387437.111531,2724377350.835648,299432110.4872925,1,True,True,True,15.0,15.0,15.0,0.0
task-v2-835da0eb601e,g-64377640089a831f,v2-S3-b004-g-64377640089a831f,S3,D3,13,8192,1534.0,48.0,992.0,522.1538461538462,0.0003662109375,3.436268688912093,0.0,70.0,35.0,52.0,0.0,32.0,10.5,20.0,2.0,5254.0,27604516.0,4672751.193603516,13623481.0,1.0,1000.0,272469620.0,272470645.0,15.0,552091590.0,93455583.87207031,272470697.65,552091575.0,552091575.0,261990.01923076922,0.38461538461538464,5239800.384615385,19.23076923076923,5239820.096153846,50.0,20.0,1.4361119332668082,3.2295534178963874,4.6766136583430296,792865299.113567,1783009233.0330496,2581919000.301115,283774733.01569897,1,True,True,True,15.0,15.0,15.0,0.0
task-v2-404bfd76cc2e,g-64377640089a831f,v2-S3-b004-g-64377640089a831f,S3,D4,13,8192,1542.0,48.0,992.0,522.1538461538462,0.00048828125,3.311329952303793,0.0,70.0,35.0,52.0,0.0,32.0,10.5,20.0,2.0,5246.0,27520516.0,4642754.734375,13564489.0,1.0,1000.0,271289780.0,271290805.0,15.0,550411590.0,92855654.6875,271290857.65,550411575.0,550411575.0,260855.5576923077,0.38461538461538464,5217111.153846154,19.23076923076923,5217130.865384615,50.0,20.0,1.4361119332668082,3.2295534178963874,4.6766136583430296,790452631.0656788,1777583583.2909837,2574062289.3550987,282911214.0397639,1,True,True,True,15.0,15.0,15.0,0.0
task-v2-e1d0a1367c62,g-64377640089a831f,v2-S3-b004-g-64377640089a831f,S3,D5,13,8192,1563.0,48.0,992.0,522.1538461538462,0.0006103515625,3.2144199392957367,0.0,70.0,35.0,52.0,0.0,32.0,10.5,20.0,2.0,5225.0,27300625.0,4564593.689453125,13410244.0,4.0,1000.0,268204880.0,268205905.0,15.0,546013770.0,91292433.7890625,268205957.65,546013755.0,546013755.0,257889.3076923077,0.38461538461538464,5157786.153846154,19.23076923076923,5157805.865384615,50.0,20.0,1.4361119332668082,3.2295534178963874,4.6766136583430296,784136869.2833194,1763380588.6786907,2553495384.2761645,280650737.2405099,1,True,True,True,15.0,15.0,15.0,0.0
task-v2-7eefc621bd20,g-64377640089a831f,v2-S3-b004-g-64377640089a831f,S3,D6,13,8192,1676.0,48.0,992.0,522.1538461538462,0.000732421875,3.135238693248112,0.0,70.0,35.0,52.0,0.0,32.0,10.5,20.0,2.0,5112.0,26132544.0,4158348.8986816406,12595401.0,9.0,1000.0,251908020.0,251909045.0,15.0,522652150.0,83167537.97363281,251909097.65,522652135.0,522652135.0,242219.25,0.38461538461538464,4844385.0,19.23076923076923,4844404.711538462,50.0,20.0,1.4361119332668082,3.2295534178963874,4.6766136583430296,750586968.0208749,1687932988.960094,2444242113.103145,268642878.80087656,1,True,True,True,15.0,15.0,15.0,0.0
task-v2-8d35df6592f7,g-64377640089a831f,v2-S3-b004-g-64377640089a831f,S3,D7,13,8192,1880.0,48.0,992.0,522.1538461538462,0.0008544921875,3.0682919036174985,0.0,70.0,35.0,52.0,0.0,32.0,10.5,20.0,2.0,4908.0,24088464.0,3485348.881225586,11189025.0,1.0,1000.0,223780500.0,223781525.0,15.0,481770550.0,69707537.62451172,223781577.65,481770535.0,481770535.0,215173.5576923077,0.38461538461538464,4303471.153846154,19.23076923076923,4303490.865384615,50.0,20.0,1.4361119332668082,3.2295534178963874,4.6766136583430296,691876414.4098345,1555903677.9510212,2253054664.1682286,247629761.32076544,1,True,True,True,15.0,15.0,15.0,0.0
task-v2-3f11ce371857,g-3ff7063ef9ea5cfb,v2-S4-b000-g-3ff7063ef9ea5cfb,S4,D1,16,65536,920.0,20.0,966.0,511.625,1.52587890625e-05,4.816479930623699,0.0,80.0,40.0,58.0,0.0,44.0,14.0,26.0,2.0,7266.0,52794756.0,11368822.518005371,25553025.0,49.0,1300.0,511060500.0,511061150.0,16.0,1055896700.0,227377190.36010742,511061203.5,1055896684.0,1055896684.0,440569.3965517241,0.4482758620689655,8811387.931034483,22.413793103448278,8811399.137931034,50.0,20.0,1.4361119332668082,3.2295534178963874,4.6766136583430296,1516385828.1892521,3410074744.757662,4938020854.193514,542730251.9410152,1,True,True,True,16.0,16.0,16.0,0.0
task-v2-095187356858,g-3ff7063ef9ea5cfb,v2-S4-b000-g-3ff7063ef9ea5cfb,S4,D2,16,65536,1463.0,20.0,966.0,511.625,3.0517578125e-05,4.515449934959718,0.0,80.0,40.0,58.0,0.0,44.0,14.0,26.0,2.0,6723.0,45198729.0,8216391.8999938965,20358144.0,1.0,1300.0,407162880.0,407163530.0,16.0,903976160.0,164328577.99987793,407163583.5,903976144.0,903976144.0,351002.4827586207,0.4482758620689655,7020049.655172414,22.413793103448278,7020060.862068965,50.0,20.0,1.4361119332668082,3.2295534178963874,4.6766136583430296,1298210927.7869146,2919439245.5519967,4227547181.8466654,464643186.9860739,1,True,True,True,16.0,16.0,16.0,0.0
task-v2-0b71cbcaebc2,g-3ff7063ef9ea5cfb,v2-S4-b000-g-3ff7063ef9ea5cfb,S4,D3,16,65536,1570.0,20.0,966.0,511.625,4.57763671875e-05,4.339358675904037,0.0,80.0,40.0,58.0,0.0,44.0,14.0,26.0,2.0,6616.0,43771456.0,7664296.332611084,19404025.0,1.0,1300.0,388080500.0,388081150.0,8.0,875430700.0,153286666.65222168,388081203.5,875430692.0,875430692.0,334552.1551724138,0.4482758620689655,6691043.1034482755,22.413793103448278,6691054.310344827,50.0,20.0,1.4361119332668082,3.2295534178963874,4.6766136583430296,1257216463.5292196,2827250183.4799995,4094051131.1398897,449970842.05831,1,True,True,True,8.0,8.0,8.0,0.0
task-v2-606c43f06406,g-3ff7063ef9ea5cfb,v2-S4-b000-g-3ff7063ef9ea5cfb,S4,D4,16,65536,1605.0,20.0,966.0,511.625,6.103515625e-05,4.214419939295737,0.0,80.0,40.0,58.0,0.0,44.0,14.0,26.0,2.0,6581.0,43309561.0,7488617.75592041,19096900.0,1.0,1300.0,381938000.0,381938650.0,8.0,866192800.0,149773095.1184082,381938703.5,866192792.0,866192792.0,329256.8965517241,0.4482758620689655,6585137.931034483,22.413793103448278,6585149.137931035,50.0,20.0,1.4361119332668082,3.2295534178963874,4.6766136583430296,1243949805.1008942,2797415891.9608145,4050849041.825483,445222567.08938706,1,True,True,True,8.0,8.0,8.0,0.0
task-v2-9f1427c2fbd8,g-3ff7063ef9ea5cfb,v2-S4-b000-g-3ff7063ef9ea5cfb,S4,D5,16,65536,2235.0,20.0,966.0,511.625,9.1552734375e-05,4.038328680240055,0.0,80.0,40.0,58.0,0.0,44.0,14.0,26.0,2.0,5951.0,35414401.0,4735985.698852539,13987600.0,1.0,1300.0,279752000.0,279752650.0,8.0,708289600.0,94720453.97705078,279752703.5,708289592.0,708289592.0,241165.5172413793,0.4482758620689655,4823310.344827586,22.413793103448278,4823321.551724138,50.0,20.0,1.4361119332668082,3.2295534178963874,4.6766136583430296,1017183135.2798789,2287459072.7040377,3312396780.009412,364060418.5412508,2,True,True,True,8.0,8.0,8.0,0.0
task-v2-07b8f456a957,g-3ff7063ef9ea5cfb,v2-S4-b000-g-3ff7063ef9ea5cfb,S4,D6,16,65536,2479.0,20.0,966.0,511.625,0.0001220703125,3.9133899436317554,0.0,80.0,40.0,58.0,0.0,44.0,14.0,26.0,2.0,5707.0,32569849.0,3874018.444961548,12222016.0,1.0,1300.0,244440320.0,244440970.0,8.0,651398560.0,77481108.89923096,244441023.5,651398552.0,651398552.0,210724.41379310345,0.4482758620689655,4214488.275862069,22.413793103448278,4214499.482758621,50.0,20.0,1.4361119332668082,3.2295534178963874,4.6766136583430296,935481233.8399194,2103726420.0243576,3046339365.308072,334818458.65989333,2,True,True,True,8.0,8.0,8.0,0.0
task-v2-b5e00db3fe1a,g-3ff7063ef9ea5cfb,v2-S4-b000-g-3ff7063ef9ea5cfb,S4,D7,16,65536,2582.0,20.0,966.0,511.625,0.0001373291015625,3.8622374211843744,0.0,80.0,40.0,58.0,0.0,44.0,14.0,26.0,2.0,5604.0,31404816.0,3543223.9115448,11512449.0,1.0,1300.0,230248980.0,230249630.0,8.0,628097900.0,70865218.230896,230249683.5,628097892.0,628097892.0,198490.5,0.4482758620689655,3969810.0,22.413793103448278,3969821.206896552,50.0,20.0,1.4361119332668082,3.2295534178963874,4.6766136583430296,902018877.9609269,2028475693.882116,2937371180.503665,322841933.6231011,2,True,True,True,8.0,8.0,8.0,0.0
task-v2-59a464f36e13,g-bd62d2d752385cc7,v2-S4-b001-g-bd62d2d752385cc7,S4,D1,16,65536,1327.0,238.0,972.0,627.375,1.52587890625e-05,4.816479930623699,0.0,90.0,45.0,65.0,0.0,44.0,14.0,26.0,2.0,8711.0,75881521.0,15370439.482849121,34409956.0,1.0,1300.0,688199120.0,688200045.0,19.0,1517632010.0,307409534.6569824,688200107.0,1517631991.0,1517631991.0,529383.9384615384,0.4,10587678.76923077,20.0,10587693.0,50.0,20.0,1.4361119332668082,3.2295534178963874,4.6766136583430296,2179489412.5825653,4901273583.642949,7097378497.448926,780061918.2825035,1,True,True,True,19.0,19.0,19.0,0.0
task-v2-a2561503b5d0,g-bd62d2d752385cc7,v2-S4-b001-g-bd62d2d752385cc7,S4,D2,16,65536,2065.0,238.0,972.0,627.375,3.0517578125e-05,4.515449934959718,0.0,90.0,45.0,65.0,0.0,44.0,14.0,26.0,2.0,7973.0,63568729.0,10462865.906967163,26296384.0,4.0,1300.0,525927680.0,525928605.0,13.0,1271376170.0,209258063.13934326,525928667.0,1271376157.0,1271376157.0,404559.75384615385,0.4,8091195.076923077,20.0,8091209.307692308,50.0,20.0,1.4361119332668082,3.2295534178963874,4.6766136583430296,1825838470.738595,4105977213.271324,5945735100.717872,653486569.7148166,1,True,True,True,13.0,13.0,13.0,0.0
task-v2-f6d986d24578,g-bd62d2d752385cc7,v2-S4-b001-g-bd62d2d752385cc7,S4,D3,16,65536,2103.0,238.0,972.0,627.375,4.57763671875e-05,4.339358675904037,0.0,90.0,45.0,65.0,0.0,44.0,14.0,26.0,2.0,7935.0,62964225.0,10239449.210784912,25908100.0,1.0,1300.0,518162000.0,518162925.0,13.0,1259286090.0,204789729.21569824,518162987.0,1259286077.0,1259286077.0,398586.1538461539,0.4,7971723.076923077,20.0,7971737.307692308,50.0,20.0,1.4361119332668082,3.2295534178963874,4.6766136583430296,1808475762.5764446,4066931654.0846834,5889194467.459412,647272275.9644756,1,True,True,True,13.0,13.0,13.0,0.0
task-v2-5d31ef4af595,g-bd62d2d752385cc7,v2-S4-b001-g-bd62d2d752385cc7,S4,D4,16,65536,2706.0,238.0,972.0,627.375,6.103515625e-05,4.214419939295737,0.0,90.0,45.0,65.0,0.0,44.0,14.0,26.0,2.0,7332.0,53758224.0,7073351.807800293,20133169.0,1.0,1300.0,402663380.0,402664305.0,13.0,1075166070.0,141467781.15600586,402664367.0,1075166057.0,1075166057.0,309741.06153846154,0.4,6194821.230769231,20.0,6194835.461538462,50.0,20.0,1.4361119332668082,3.2295534178963874,4.6766136583430296,1544058804.7011213,3472306214.190532,5028136267.15302,552634697.9171287,1,True,True,True,13.0,13.0,13.0,0.0
task-v2-5b5a3995de2b,g-bd62d2d752385cc7,v2-S4-b001-g-bd62d2d752385cc7,S4,D5,16,65536,2785.0,238.0,972.0,627.375,7.62939453125e-05,4.11750992628768,0.0,90.0,45.0,65.0,0.0,44.0,14.0,26.0,2.0,7253.0,52606009.0,6710819.3349609375,19430464.0,1.0,1300.0,388609280.0,388610205.0,13.0,1052121770.0,134217131.69921875,388610267.0,1052121757.0,1052121757.0,298930.2153846154,0.4,5978604.307692308,20.0,5978618.538461538,50.0,20.0,1.4361119332668082,3.2295534178963874,4.6766136583430296,1510964610.477341,3397883416.3625026,4920366979.026066,540789941.7640691,1,True,True,True,13.0,13.0,13.0,0.0
task-v2-cf1a83d8dbf9,g-bd62d2d752385cc7,v2-S4-b001-g-bd62d2d752385cc7,S4,D6,16,65536,2814.0,238.0,972.0,627.375,9.1552734375e-05,4.038328680240055,0.0,90.0,45.0,65.0,0.0,44.0,14.0,26.0,2.0,7224.0,52186176.0,6580731.543014526,19175641.0,1.0,1300.0,383512820.0,383513745.0,13.0,1043725110.0,131615375.86029053,383513807.0,1043725097.0,1043725097.0,295009.8615384615,0.4,5900197.230769231,20.0,5900211.461538462,50.0,20.0,1.4361119332668082,3.2295534178963874,4.6766136583430296,1498906066.8517568,3370765954.3605886,4881099044.185603,536474063.64235777,1,True,True,True,13.0,13.0,13.0,0.0
task-v2-e243a3cd3e64,g-bd62d2d752385cc7,v2-S4-b001-g-bd62d2d752385cc7,S4,D7,16,65536,3134.0,238.0,972.0,627.375,0.0001220703125,3.9133899436317554,0.0,90.0,45.0,65.0,0.0,44.0,14.0,26.0,2.0,6904.0,47665216.0,5250708.992202759,16475481.0,1.0,1300.0,329509620.0,329510545.0,13.0,953305910.0,105014924.84405518,329510607.0,953305897.0,953305897.0,253468.93846153846,0.4,5069378.769230769,20.0,5069393.0,50.0,20.0,1.4361119332668082,3.2295534178963874,4.6766136583430296,1369053974.7353187,3078752317.9571314,4458243378.489153,489998649.95850813,1,True,True,True,13.0,13.0,13.0,0.0
task-v2-00b7b12999ba,g-28cd30a80498cca2,v2-S4-b002-g-28cd30a80498cca2,S4,D1,16,65536,1404.0,4.0,867.0,408.0625,1.52587890625e-05,4.816479930623699,0.0,97.0,48.5,70.0,0.0,38.0,13.5,24.0,2.0,5125.0,26265625.0,4436392.74118042,12215025.0,1.0,1200.0,244300500.0,244301250.0,23.0,525313997.0,88728578.3236084,244301319.0,525313974.0,525313974.0,174500.35714285713,0.34285714285714286,3490007.1428571427,17.142857142857142,3490017.8571428573,50.0,20.0,1.4361119332668082,3.2295534178963874,4.6766136583430296,754409666.7732098,1696529540.200434,2456690505.7268553,270011062.42431945,1,True,True,True,23.0,23.0,23.0,0.0
task-v2-26d674ac9727,g-28cd30a80498cca2,v2-S4-b002-g-28cd30a80498cca2,S4,D2,16,65536,1480.0,4.0,867.0,408.0625,3.0517578125e-05,4.515449934959718,0.0,97.0,48.5,70.0,0.0,38.0,13.5,24.0,2.0,5049.0,25492401.0,4157741.844177246,11689561.0,1.0,1200.0,233791220.0,233791970.0,23.0,509849517.0,83155560.38354492,233792039.0,509849494.0,509849494.0,166993.72857142857,0.34285714285714286,3339874.5714285714,17.142857142857142,3339885.285714286,50.0,20.0,1.4361119332668082,3.2295534178963874,4.6766136583430296,732200942.503444,1646586175.9604437,2384369107.3396826,262062329.130886,1,True,True,True,23.0,23.0,23.0,0.0
task-v2-d4d85eef1fda,g-28cd30a80498cca2,v2-S4-b002-g-28cd30a80498cca2,S4,D3,16,65536,1637.0,4.0,867.0,408.0625,4.57763671875e-05,4.339358675904037,0.0,97.0,48.5,70.0,0.0,38.0,13.5,24.0,2.0,4892.0,23931664.0,3617300.532104492,10640644.0,1.0,1200.0,212812880.0,212813630.0,22.0,478634777.0,72346734.14208984,212813699.0,478634755.0,478634755.0,152009.2,0.34285714285714286,3040184.0,17.142857142857142,3040194.714285714,50.0,20.0,1.4361119332668082,3.2295534178963874,4.6766136583430296,687373083.3317351,1545776508.9342499,2238389832.5906696,246017972.3122192,1,True,True,True,22.0,22.0,22.0,0.0
task-v2-45bf90adfb6d,g-28cd30a80498cca2,v2-S4-b002-g-28cd30a80498cca2,S4,D4,16,65536,1879.0,4.0,867.0,408.0625,6.103515625e-05,4.214419939295737,0.0,97.0,48.5,70.0,0.0,38.0,13.5,24.0,2.0,4650.0,21622500.0,2875548.005996704,9120400.0,1.0,1200.0,182408000.0,182408750.0,18.0,432451497.0,57511683.61993408,182408819.0,432451479.0,432451479.0,130291.42857142857,0.34285714285714286,2605828.5714285714,17.142857142857142,2605839.285714286,50.0,20.0,1.4361119332668082,3.2295534178963874,4.6766136583430296,621048729.5507805,1396625152.0787978,2022408493.2620437,222279796.59981075,1,True,True,True,18.0,18.0,18.0,0.0
task-v2-980575647e27,g-28cd30a80498cca2,v2-S4-b002-g-28cd30a80498cca2,S4,D5,16,65536,1896.0,4.0,867.0,408.0625,7.62939453125e-05,4.11750992628768,0.0,97.0,48.5,70.0,0.0,38.0,13.5,24.0,2.0,4633.0,21464689.0,2827525.547027588,9018009.0,1.0,1200.0,180360180.0,180360930.0,14.0,429295277.0,56551234.44055176,180360999.0,429295263.0,429295263.0,128828.7,0.34285714285714286,2576574.0,17.142857142857142,2576584.714285714,50.0,20.0,1.4361119332668082,3.2295534178963874,4.6766136583430296,616516050.0892129,1386431983.9083786,2007648090.407763,220657503.49972156,1,True,True,True,14.0,14.0,14.0,0.0
task-v2-36c69f7819b3,g-28cd30a80498cca2,v2-S4-b002-g-28cd30a80498cca2,S4,D6,16,65536,2198.0,4.0,867.0,408.0625,9.1552734375e-05,4.038328680240055,0.0,97.0,48.5,70.0,0.0,38.0,13.5,24.0,2.0,4331.0,18757561.0,2060802.6710357666,7295401.0,1.0,1200.0,145908020.0,145908770.0,14.0,375152717.0,41216776.92071533,145908839.0,375152703.0,375152703.0,104220.0142857143,0.34285714285714286,2084400.2857142857,17.142857142857142,2084411.0,50.0,20.0,1.4361119332668082,3.2295534178963874,4.6766136583430296,538761273.5755987,1211575694.2067182,1754444254.814106,192828260.66299382,1,True,True,True,14.0,14.0,14.0,0.0
task-v2-05a98ad7eaff,g-28cd30a80498cca2,v2-S4-b002-g-28cd30a80498cca2,S4,D7,16,65536,2440.0,4.0,867.0,408.0625,0.0001220703125,3.9133899436317554,0.0,97.0,48.5,70.0,0.0,38.0,13.5,24.0,2.0,4089.0,16719921.0,1559284.5090637207,6046681.0,1.0,1200.0,120933620.0,120934370.0,14.0,334399917.0,31186413.681274414,120934439.0,334399903.0,334399903.0,86381.15714285715,0.34285714285714286,1727623.142857143,17.142857142857142,1727633.857142857,50.0,20.0,1.4361119332668082,3.2295534178963874,4.6766136583430296,480235691.18156314,1079962349.6778705,1563859153.7183843,171881346.30437106,1,True,True,True,14.0,14.0,14.0,0.0
task-v2-9e1a55247e55,g-f6afb3a3727100d3,v2-S4-b003-g-f6afb3a3727100d3,S4,D1,16,65536,663.0,29.0,974.0,367.625,1.52587890625e-05,4.816479930623699,0.0,89.0,44.5,64.0,0.0,36.0,12.5,22.0,2.0,5219.0,27237961.0,6068939.241394043,14663155.75,1.0,1100.0,293263115.0,293264115.0,8.0,544760709.0,121379454.32788086,293264173.0,544760701.0,544760701.0,229111.80859375,0.34375,4582236.171875,17.1875,4582251.796875,50.0,20.0,1.4361119332668082,3.2295534178963874,4.6766136583430296,782337343.4808917,1759333783.850182,2547635334.8251233,280006668.24832463,1,True,True,True,8.0,8.0,8.0,0.0
task-v2-eb5609efbad0,g-f6afb3a3727100d3,v2-S4-b003-g-f6afb3a3727100d3,S4,D2,16,65536,679.0,29.0,974.0,367.625,3.0517578125e-05,4.515449934959718,0.0,89.0,44.5,64.0,0.0,36.0,12.5,22.0,2.0,5203.0,27071209.0,5996266.397537231,14540875.75,1.0,1100.0,290817515.0,290818515.0,8.0,541425669.0,119925997.45074463,290818573.0,541425661.0,541425661.0,227201.18359375,0.34375,4544023.671875,17.1875,4544039.296875,50.0,20.0,1.4361119332668082,3.2295534178963874,4.6766136583430296,777547852.7389696,1748563094.0193608,2532038641.210003,278292459.7212398,1,True,True,True,8.0,8.0,8.0,0.0
task-v2-41fa72c23442,g-f6afb3a3727100d3,v2-S4-b003-g-f6afb3a3727100d3,S4,D3,16,65536,785.0,29.0,974.0,367.625,4.57763671875e-05,4.339358675904037,0.0,89.0,44.5,64.0,0.0,36.0,12.5,22.0,2.0,5097.0,25979409.0,5527657.689971924,13743702.75,1.0,1100.0,274874055.0,274875055.0,8.0,519589669.0,110553823.29943848,274875113.0,519589661.0,519589661.0,214745.35546875,0.34375,4294907.109375,17.1875,4294922.734375,50.0,20.0,1.4361119332668082,3.2295534178963874,4.6766136583430296,746188912.5641555,1678042565.5861752,2429920105.3664246,267068769.03164577,1,True,True,True,8.0,8.0,8.0,0.0
task-v2-e6a20043db41,g-f6afb3a3727100d3,v2-S4-b003-g-f6afb3a3727100d3,S4,D4,16,65536,794.0,29.0,974.0,367.625,6.103515625e-05,4.214419939295737,0.0,89.0,44.5,64.0,0.0,36.0,12.5,22.0,2.0,5088.0,25887744.0,5488897.327758789,13677053.25,4.0,1100.0,273541065.0,273542065.0,8.0,517756369.0,109778616.05517578,273542123.0,517756361.0,517756361.0,213703.95703125,0.34375,4274079.140625,17.1875,4274094.765625,50.0,20.0,1.4361119332668082,3.2295534178963874,4.6766136583430296,743556088.5568974,1672121825.3051457,2421346469.546584,266126453.94915664,1,True,True,True,8.0,8.0,8.0,0.0
task-v2-db534d0b262a,g-f6afb3a3727100d3,v2-S4-b003-g-f6afb3a3727100d3,S4,D5,16,65536,975.0,29.0,974.0,367.625,9.1552734375e-05,4.038328680240055,0.0,89.0,44.5,64.0,0.0,36.0,12.5,22.0,2.0,4907.0,24078649.0,4743420.745193481,12371047.75,1.0,1100.0,247420955.0,247421955.0,8.0,481574469.0,94869084.40386963,247422013.0,481574461.0,481574461.0,193297.62109375,0.34375,3865952.421875,17.1875,3865968.046875,50.0,20.0,1.4361119332668082,3.2295534178963874,4.6766136583430296,691594830.1986312,1555270446.4941604,2252137701.8217826,247528979.40428475,1,True,True,True,8.0,8.0,8.0,0.0
task-v2-6372d6a2314d,g-f6afb3a3727100d3,v2-S4-b003-g-f6afb3a3727100d3,S4,D6,16,65536,1253.0,29.0,974.0,367.625,0.0001220703125,3.9133899436317554,0.0,89.0,44.5,64.0,0.0,36.0,12.5,22.0,2.0,4629.0,21427641.0,3723730.0204162598,10492740.75,1.0,1100.0,209854815.0,209855815.0,8.0,428554309.0,74475269.9083252,209855873.0,428554301.0,428554301.0,163949.07421875,0.34375,3278981.484375,17.1875,3278997.109375,50.0,20.0,1.4361119332668082,3.2295534178963874,4.6766136583430296,615451945.7189156,1384039007.5487473,2004182897.3982499,220276649.4833842,1,True,True,True,8.0,8.0,8.0,0.0
task-v2-cb6317a18cf3,g-f6afb3a3727100d3,v2-S4-b003-g-f6afb3a3727100d3,S4,D7,16,65536,2064.0,29.0,974.0,367.625,0.000152587890625,3.816479930623699,0.0,89.0,44.5,64.0,0.0,36.0,12.5,22.0,2.0,3818.0,14577124.0,1578768.3172454834,5896398.25,1.0,1100.0,117927965.0,117928965.0,8.0,291543969.0,31576035.844909668,117929023.0,291543961.0,291543961.0,92131.22265625,0.34375,1842624.453125,17.1875,1842640.078125,50.0,20.0,1.4361119332668082,3.2295534178963874,4.6766136583430296,418689761.4639729,941556795.714601,1363438470.0200276,149853418.23974466,1,True,True,True,8.0,8.0,8.0,0.0
task-v2-9bb6197d70f9,g-2fa0de1665fa7816,v2-S4-b004-g-2fa0de1665fa7816,S4,D1,16,65536,1177.0,57.0,867.0,436.125,1.52587890625e-05,4.816479930623699,0.0,82.0,41.0,60.0,0.0,38.0,13.0,22.0,2.0,5801.0,33651601.0,6409382.441314697,16144324.0,1.0,1100.0,322886480.0,322887105.0,24.0,673033402.0,128188339.82629395,322887146.5,673033378.0,673033378.0,269072.06666666665,0.36666666666666664,5381441.333333333,18.333333333333332,5381451.75,50.0,20.0,1.4361119332668082,3.2295534178963874,4.6766136583430296,966551265.6326705,2173597246.278251,3147517088.075547,345938746.03611547,1,True,True,True,24.0,24.0,24.0,0.0
task-v2-d50991f4f8ba,g-2fa0de1665fa7816,v2-S4-b004-g-2fa0de1665fa7816,S4,D2,16,65536,1327.0,57.0,867.0,436.125,3.0517578125e-05,4.515449934959718,0.0,82.0,41.0,60.0,0.0,38.0,13.0,22.0,2.0,5651.0,31933801.0,5737101.03137207,14961424.0,1.0,1100.0,299228480.0,299229105.0,15.0,638677402.0,114742711.6274414,299229146.5,638677387.0,638677387.0,249357.06666666668,0.36666666666666664,4987141.333333333,18.333333333333332,4987151.75,50.0,20.0,1.4361119332668082,3.2295534178963874,4.6766136583430296,917212216.9783634,2062642738.1189837,2986847391.319037,328279787.60423803,1,True,True,True,15.0,15.0,15.0,0.0
task-v2-51e0b98b7ef5,g-2fa0de1665fa7816,v2-S4-b004-g-2fa0de1665fa7816,S4,D3,16,65536,1391.0,57.0,867.0,436.125,4.57763671875e-05,4.339358675904037,0.0,82.0,41.0,60.0,0.0,38.0,13.0,22.0,2.0,5587.0,31214569.0,5463746.641372681,14470416.0,1.0,1100.0,289408320.0,289408945.0,9.0,624292762.0,109275623.82745361,289408986.5,624292753.0,624292753.0,241173.6,0.36666666666666664,4823472.0,18.333333333333332,4823482.416666667,50.0,20.0,1.4361119332668082,3.2295534178963874,4.6766136583430296,896554272.435288,2016186794.2190952,2919576015.484371,320886094.496571,1,True,True,True,9.0,9.0,9.0,0.0
task-v2-41f38ee1e3c2,g-2fa0de1665fa7816,v2-S4-b004-g-2fa0de1665fa7816,S4,D4,16,65536,1451.0,57.0,867.0,436.125,6.103515625e-05,4.214419939295737,0.0,82.0,41.0,60.0,0.0,38.0,13.0,22.0,2.0,5527.0,30547729.0,5214769.927642822,14017536.0,1.0,1100.0,280350720.0,280351345.0,9.0,610955962.0,104296089.55285645,280351386.5,610955953.0,610955953.0,233625.6,0.36666666666666664,4672512.0,18.333333333333332,4672522.416666667,50.0,20.0,1.4361119332668082,3.2295534178963874,4.6766136583430296,877401134.8036952,1973114886.1952946,2857204954.445782,314030987.42618364,1,True,True,True,9.0,9.0,9.0,0.0
task-v2-7a2c20a84cd2,g-2fa0de1665fa7816,v2-S4-b004-g-2fa0de1665fa7816,S4,D5,16,65536,1915.0,57.0,867.0,436.125,7.62939453125e-05,4.11750992628768,0.0,82.0,41.0,60.0,0.0,38.0,13.0,22.0,2.0,5063.0,25633969.0,3524473.43598938,10758400.0,1.0,1100.0,215168000.0,215168625.0,9.0,512680762.0,70490159.7197876,215168666.5,512680753.0,512680753.0,179306.66666666666,0.36666666666666664,3586133.3333333335,18.333333333333332,3586143.75,50.0,20.0,1.4361119332668082,3.2295534178963874,4.6766136583430296,736266947.339513,1655729878.1408436,2397609811.849389,263517594.5310568,1,True,True,True,9.0,9.0,9.0,0.0
task-v2-c4754bf838d1,g-2fa0de1665fa7816,v2-S4-b004-g-2fa0de1665fa7816,S4,D6,16,65536,1916.0,57.0,867.0,436.125,9.1552734375e-05,4.038328680240055,0.0,82.0,41.0,60.0,0.0,38.0,13.0,22.0,2.0,5062.0,25623844.0,3521273.0218658447,10751841.0,1.0,1100.0,215036820.0,215037445.0,9.0,512478262.0,70426151.4373169,215037486.5,512478253.0,512478253.0,179197.35,0.36666666666666664,3583947.0,18.333333333333332,3583957.4166666665,50.0,20.0,1.4361119332668082,3.2295534178963874,4.6766136583430296,735976134.6730264,1655075893.5737195,2396662797.583575,263413509.65449315,1,True,True,True,9.0,9.0,9.0,0.0
task-v2-aefa943bb0f9,g-2fa0de1665fa7816,v2-S4-b004-g-2fa0de1665fa7816,S4,D7,16,65536,2463.0,57.0,867.0,436.125,0.0001220703125,3.9133899436317554,0.0,82.0,41.0,60.0,0.0,38.0,13.0,22.0,2.0,4515.0,20385225.0,2042374.6077728271,7463824.0,1.0,1100.0,149276480.0,149277105.0,9.0,407705882.0,40848183.15545654,149277146.5,407705873.0,407705873.0,124397.06666666667,0.36666666666666664,2487941.3333333335,18.333333333333332,2487951.75,50.0,20.0,1.4361119332668082,3.2295534178963874,4.6766136583430296,585511269.4782618,1316707895.6435804,1906682854.2584686,209560570.19980332,1,True,True,True,9.0,9.0,9.0,0.0
task-v2-4746dcc3bd93,g-a87f1b9ac089cc45,v2-S5-b000-g-a87f1b9ac089cc45,S5,D1,19,524288,1017.0,28.0,978.0,423.94736842105266,1.9073486328125e-06,5.719569917615643,0.0,86.0,43.0,63.0,0.0,56.0,16.5,30.0,2.0,7038.0,49533444.0,10226162.069145203,22924944.0,1.0,1500.0,458498880.0,458499580.0,5.0,990670666.0,204524109.38290405,458499635.45,990670661.0,990670661.0,363888.0,0.47619047619047616,7277760.0,23.80952380952381,7277771.111111111,50.0,20.0,1.4361119332668082,3.2295534178963874,4.6766136583430296,1422713958.1994169,3199423819.2422233,4632983944.152317,509204115.8783505,1,True,True,True,5.0,5.0,5.0,0.0
task-v2-7d4ec5aed494,g-a87f1b9ac089cc45,v2-S5-b000-g-a87f1b9ac089cc45,S5,D2,19,524288,1144.0,28.0,978.0,423.94736842105266,3.814697265625e-06,5.418539921951662,0.0,86.0,43.0,63.0,0.0,56.0,16.5,30.0,2.0,6911.0,47761921.0,9477501.998771667,21724921.0,1.0,1500.0,434498420.0,434499120.0,5.0,955240206.0,189550907.97543335,434499175.45,955240201.0,955240201.0,344840.01587301586,0.47619047619047616,6896800.317460317,23.80952380952381,6896811.428571428,50.0,20.0,1.4361119332668082,3.2295534178963874,4.6766136583430296,1371831851.7922845,3084999256.051582,4467289370.994941,490992881.035429,1,True,True,True,5.0,5.0,5.0,0.0
task-v2-7133b996bac7,g-a87f1b9ac089cc45,v2-S5-b000-g-a87f1b9ac089cc45,S5,D3,19,524288,1150.0,28.0,978.0,423.94736842105266,5.7220458984375e-06,5.24244866289598,0.0,86.0,43.0,63.0,0.0,56.0,16.5,30.0,2.0,6905.0,47679025.0,9442928.480319977,21669025.0,1.0,1500.0,433380500.0,433381200.0,5.0,953582286.0,188859437.60639954,433381255.45,953582281.0,953582281.0,343952.77777777775,0.47619047619047616,6879055.555555556,23.80952380952381,6879066.666666667,50.0,20.0,1.4361119332668082,3.2295534178963874,4.6766136583430296,1369450893.0958827,3079644914.8489833,4459535919.678501,490140711.1660348,1,True,True,True,5.0,5.0,5.0,0.0
task-v2-b9b3757d64c0,g-a87f1b9ac089cc45,v2-S5-b000-g-a87f1b9ac089cc45,S5,D4,19,524288,1171.0,28.0,978.0,423.94736842105266,7.62939453125e-06,5.11750992628768,0.0,86.0,43.0,63.0,0.0,56.0,16.5,30.0,2.0,6884.0,47389456.0,9322486.657522202,21473956.0,1.0,1500.0,429479120.0,429479820.0,5.0,947790906.0,186450601.15044403,429479875.45,947790901.0,947790901.0,340856.44444444444,0.47619047619047616,6817128.888888889,23.80952380952381,6817140.0,50.0,20.0,1.4361119332668082,3.2295534178963874,4.6766136583430296,1361133823.1678,3060941343.7756467,4432451872.869846,487163945.3762427,1,True,True,True,5.0,5.0,5.0,0.0
task-v2-11173062a501,g-a87f1b9ac089cc45,v2-S5-b000-g-a87f1b9ac089cc45,S5,D5,19,524288,1902.0,28.0,978.0,423.94736842105266,1.1444091796875e-05,4.941418667231999,0.0,86.0,43.0,63.0,0.0,56.0,16.5,30.0,2.0,6153.0,37859409.0,5675882.384334564,15233409.0,1.0,1500.0,304668180.0,304668880.0,5.0,757189966.0,113518515.68669128,304668935.45,757189961.0,757189961.0,241800.14285714287,0.47619047619047616,4836002.857142857,23.80952380952381,4836013.968253968,50.0,20.0,1.4361119332668082,3.2295534178963874,4.6766136583430296,1087409538.741929,2445385426.544382,3541084913.572826,389195178.39942133,1,True,True,True,5.0,5.0,5.0,0.0
task-v2-c95d7e1ff6e7,g-a87f1b9ac089cc45,v2-S5-b000-g-a87f1b9ac089cc45,S5,D6,19,524288,2459.0,28.0,978.0,423.94736842105266,1.52587890625e-05,4.816479930623699,0.0,86.0,43.0,63.0,0.0,56.0,16.5,30.0,2.0,5596.0,31315216.0,3597716.7680282593,11195716.0,1.0,1500.0,223914320.0,223915020.0,5.0,626306106.0,71955203.36056519,223915075.45,626306101.0,626306101.0,177709.77777777778,0.47619047619047616,3554195.5555555555,23.80952380952381,3554206.6666666665,50.0,20.0,1.4361119332668082,3.2295534178963874,4.6766136583430296,899445665.5239068,2022689009.13391,2928991666.240169,321920954.1413096,1,True,True,True,5.0,5.0,5.0,0.0
task-v2-f5c9b9bdeb27,g-a87f1b9ac089cc45,v2-S5-b000-g-a87f1b9ac089cc45,S5,D7,19,524288,2806.0,28.0,978.0,423.94736842105266,1.9073486328125e-05,4.719569917615643,0.0,86.0,43.0,63.0,0.0,56.0,16.5,30.0,2.0,5249.0,27552001.0,2595274.4030685425,8994001.0,1.0,1500.0,179880020.0,179880720.0,5.0,551041806.0,51906356.06137085,179880775.45,551041801.0,551041801.0,142761.92063492062,0.47619047619047616,2855238.412698413,23.80952380952381,2855249.523809524,50.0,20.0,1.4361119332668082,3.2295534178963874,4.6766136583430296,791357706.1449338,1779618931.8233309,2577009612.8745418,283235149.8196018,1,True,True,True,5.0,5.0,5.0,0.0
task-v2-420d9636beee,g-e0c69f84d376b633,v2-S5-b001-g-e0c69f84d376b633,S5,D1,19,524288,414.0,34.0,764.0,337.42105263157896,1.9073486328125e-06,5.719569917615643,0.0,103.0,51.5,73.0,0.0,48.0,17.5,30.0,2.0,5997.0,35964009.0,8570469.851184845,18037009.0,4.0,1500.0,360740180.0,360741280.0,11.0,719282483.0,171410323.5236969,360741349.65,719282472.0,719282472.0,247082.31506849316,0.410958904109589,4941646.301369863,20.54794520547945,4941661.369863014,50.0,20.0,1.4361119332668082,3.2295534178963874,4.6766136583430296,1032970141.4288489,2322961165.880563,3363806232.7619376,369710752.16040385,1,True,True,True,11.0,11.0,11.0,0.0
task-v2-e449b07a1126,g-e0c69f84d376b633,v2-S5-b001-g-e0c69f84d376b633,S5,D2,19,524288,508.0,34.0,764.0,337.42105263157896,3.814697265625e-06,5.418539921951662,0.0,103.0,51.5,73.0,0.0,48.0,17.5,30.0,2.0,5903.0,34845409.0,8054497.935285568,17247409.0,1.0,1500.0,344948180.0,344949280.0,11.0,696910483.0,161090885.20571136,344949349.65,696910472.0,696910472.0,236265.87671232875,0.410958904109589,4725317.534246575,20.54794520547945,4725332.602739726,50.0,20.0,1.4361119332668082,3.2295534178963874,4.6766136583430296,1000841445.2578038,2250709596.8153844,3259181031.9974875,358211557.79753524,1,True,True,True,11.0,11.0,11.0,0.0
task-v2-6e79cb6720c5,g-e0c69f84d376b633,v2-S5-b001-g-e0c69f84d376b633,S5,D3,19,524288,592.0,34.0,764.0,337.42105263157896,5.7220458984375e-06,5.24244866289598,0.0,103.0,51.5,73.0,0.0,48.0,17.5,30.0,2.0,5819.0,33860761.0,7608363.095825195,16556761.0,1.0,1500.0,331135220.0,331136320.0,11.0,677217523.0,152168188.4165039,331136389.65,677217512.0,677217512.0,226804.94520547945,0.410958904109589,4536098.904109589,20.54794520547945,4536113.97260274,50.0,20.0,1.4361119332668082,3.2295534178963874,4.6766136583430296,972560150.4004579,2187110130.538888,3167084666.2882843,348089388.3616245,1,True,True,True,11.0,11.0,11.0,0.0
task-v2-526a936f38d9,g-e0c69f84d376b633,v2-S5-b001-g-e0c69f84d376b633,S5,D4,19,524288,617.0,34.0,764.0,337.42105263157896,7.62939453125e-06,5.11750992628768,0.0,103.0,51.5,73.0,0.0,48.0,17.5,30.0,2.0,5794.0,33570436.0,7478308.350257874,16353936.0,1.0,1500.0,327078720.0,327079820.0,9.0,671411023.0,149567093.50515747,327079889.65,671411014.0,671411014.0,224026.5205479452,0.410958904109589,4480530.410958904,20.54794520547945,4480545.479452055,50.0,20.0,1.4361119332668082,3.2295534178963874,4.6766136583430296,964221369.332168,2168357735.076979,3139929918.434343,345104851.9290477,1,True,True,True,9.0,9.0,9.0,0.0
task-v2-89b7591232ff,g-e0c69f84d376b633,v2-S5-b001-g-e0c69f84d376b633,S5,D5,19,524288,711.0,34.0,764.0,337.42105263157896,1.1444091796875e-05,4.941418667231999,0.0,103.0,51.5,73.0,0.0,48.0,17.5,30.0,2.0,5700.0,32490000.0,7000479.1911792755,15602500.0,1.0,1500.0,312050000.0,312051100.0,8.0,649802303.0,140010510.3235855,312051169.65,649802295.0,649802295.0,213732.87671232875,0.410958904109589,4274657.534246575,20.54794520547945,4274672.602739726,50.0,20.0,1.4361119332668082,3.2295534178963874,4.6766136583430296,933188830.1136588,2098571222.7741666,3038874288.0196466,333997983.5349117,1,True,True,True,8.0,8.0,8.0,0.0
task-v2-5f165c277bb9,g-e0c69f84d376b633,v2-S5-b001-g-e0c69f84d376b633,S5,D6,19,524288,1002.0,34.0,764.0,337.42105263157896,1.52587890625e-05,4.816479930623699,0.0,103.0,51.5,73.0,0.0,48.0,17.5,30.0,2.0,5409.0,29257281.0,5633076.44862175,13388281.0,1.0,1500.0,267765620.0,267766720.0,8.0,585147923.0,112662455.472435,267766789.65,585147915.0,585147915.0,183401.1095890411,0.410958904109589,3668022.191780822,20.54794520547945,3668037.2602739725,50.0,20.0,1.4361119332668082,3.2295534178963874,4.6766136583430296,840337903.4576919,1889766448.8631947,2736510731.439946,300765671.6257949,1,True,True,True,8.0,8.0,8.0,0.0
task-v2-780e1209d403,g-e0c69f84d376b633,v2-S5-b001-g-e0c69f84d376b633,S5,D7,19,524288,1631.0,34.0,764.0,337.42105263157896,2.288818359375e-05,4.640388671568018,0.0,103.0,51.5,73.0,0.0,48.0,17.5,30.0,2.0,4780.0,22848400.0,3251025.7204437256,9180900.0,1.0,1500.0,183618000.0,183619100.0,8.0,456970303.0,65021440.90887451,183619169.65,456970295.0,456970295.0,125765.75342465754,0.410958904109589,2515315.0684931506,20.54794520547945,2515330.1369863013,50.0,20.0,1.4361119332668082,3.2295534178963874,4.6766136583430296,656260493.7979536,1475809978.0943704,2137073523.0540435,234882453.07806084,1,True,True,True,8.0,8.0,8.0,0.0
task-v2-5ae92cb9d249,g-4a80ed839b63ddd7,v2-S5-b002-g-4a80ed839b63ddd7,S5,D1,19,524288,885.0,219.0,951.0,549.2105263157895,1.9073486328125e-06,5.719569917615643,0.0,83.0,41.5,60.0,0.0,44.0,15.5,26.0,2.0,9550.0,91202500.0,20454256.133975983,41886784.0,1.0,1300.0,837735680.0,837736680.0,10.0,1824051783.0,409085939.17951965,837736731.65,1824051773.0,1824051773.0,698113.0666666667,0.43333333333333335,13962261.333333334,21.666666666666668,13962278.0,50.0,20.0,1.4361119332668082,3.2295534178963874,4.6766136583430296,2619542518.101779,5890872637.912115,8530385435.13662,937561499.4485061,1,True,True,True,10.0,10.0,10.0,0.0
task-v2-dcffea5b9a3e,g-4a80ed839b63ddd7,v2-S5-b002-g-4a80ed839b63ddd7,S5,D2,19,524288,1072.0,219.0,951.0,549.2105263157895,3.814697265625e-06,5.418539921951662,0.0,83.0,41.5,60.0,0.0,44.0,15.5,26.0,2.0,9363.0,87665769.0,18868852.536382675,39501225.0,1.0,1300.0,790024500.0,790025500.0,10.0,1753317163.0,377377867.2276535,790025551.65,1753317153.0,1753317153.0,658353.75,0.43333333333333335,13167075.0,21.666666666666668,13167091.666666666,50.0,20.0,1.4361119332668082,3.2295534178963874,4.6766136583430296,2517959686.224686,5662431404.127513,8199586945.126915,901203947.8856753,1,True,True,True,10.0,10.0,10.0,0.0
task-v2-004cf44adcd0,g-4a80ed839b63ddd7,v2-S5-b002-g-4a80ed839b63ddd7,S5,D3,19,524288,1285.0,219.0,951.0,549.2105263157895,5.7220458984375e-06,5.24244866289598,0.0,83.0,41.5,60.0,0.0,44.0,15.5,26.0,2.0,9150.0,83722500.0,17148190.676750183,36869184.0,1.0,1300.0,737383680.0,737384680.0,10.0,1674451783.0,342964630.03500366,737384731.65,1674451773.0,1674451773.0,614486.4,0.43333333333333335,12289728.0,21.666666666666668,12289744.666666666,50.0,20.0,1.4361119332668082,3.2295534178963874,4.6766136583430296,2404700172.8850646,5407731446.594816,7830764031.848502,860667190.6390508,1,True,True,True,10.0,10.0,10.0,0.0
task-v2-676c7042f456,g-4a80ed839b63ddd7,v2-S5-b002-g-4a80ed839b63ddd7,S5,D4,19,524288,1385.0,219.0,951.0,549.2105263157895,7.62939453125e-06,5.11750992628768,0.0,83.0,41.5,60.0,0.0,44.0,15.5,26.0,2.0,9050.0,81902500.0,16371649.820079803,35664784.0,1.0,1300.0,713295680.0,713296680.0,5.0,1638051783.0,327433812.90159607,713296731.65,1638051778.0,1638051778.0,594413.0666666667,0.43333333333333335,11888261.333333334,21.666666666666668,11888278.0,50.0,20.0,1.4361119332668082,3.2295534178963874,4.6766136583430296,2352425705.6947126,5290175718.331155,7660535318.067884,841957615.3971215,1,True,True,True,5.0,5.0,5.0,0.0
task-v2-d5cf4ef0cd21,g-4a80ed839b63ddd7,v2-S5-b002-g-4a80ed839b63ddd7,S5,D5,19,524288,1754.0,219.0,951.0,549.2105263157895,1.1444091796875e-05,4.941418667231999,0.0,83.0,41.5,60.0,0.0,44.0,15.5,26.0,2.0,8681.0,75359761.0,13679052.731233597,31393609.0,1.0,1300.0,627872180.0,627873180.0,5.0,1507197003.0,273581871.12467194,627873231.65,1507196998.0,1507196998.0,523226.81666666665,0.43333333333333335,10464536.333333334,21.666666666666668,10464553.0,50.0,20.0,1.4361119332668082,3.2295534178963874,4.6766136583430296,2164503594.6117096,4867573216.334075,7048578066.660412,774698338.2412837,1,True,True,True,5.0,5.0,5.0,0.0
task-v2-6bb369c86974,g-4a80ed839b63ddd7,v2-S5-b002-g-4a80ed839b63ddd7,S5,D6,19,524288,1824.0,219.0,951.0,549.2105263157895,1.52587890625e-05,4.816479930623699,0.0,83.0,41.5,60.0,0.0,44.0,15.5,26.0,2.0,8611.0,74149321.0,13198924.694164276,30614089.0,1.0,1300.0,612281780.0,612282780.0,5.0,1482988203.0,263979310.38328552,612282831.65,1482988198.0,1482988198.0,510234.81666666665,0.43333333333333335,10204696.333333334,21.666666666666668,10204713.0,50.0,20.0,1.4361119332668082,3.2295534178963874,4.6766136583430296,2129737048.04164,4789389603.550904,6935362861.928317,762255029.7980593,1,True,True,True,5.0,5.0,5.0,0.0
task-v2-8ea177161d6a,g-4a80ed839b63ddd7,v2-S5-b002-g-4a80ed839b63ddd7,S5,D7,19,524288,2920.0,219.0,951.0,549.2105263157895,2.288818359375e-05,4.640388671568018,0.0,83.0,41.5,60.0,0.0,44.0,15.5,26.0,2.0,7515.0,56475225.0,6947128.338527679,19686969.0,1.0,1300.0,393739380.0,393740380.0,5.0,1129506283.0,138943383.2705536,393740431.65,1129506278.0,1129506278.0,328116.15,0.43333333333333335,6562323.0,21.666666666666668,6562339.666666667,50.0,20.0,1.4361119332668082,3.2295534178963874,4.6766136583430296,1622097444.5355768,3647800860.650327,5282264486.878999,580565538.3873696,1,True,True,True,5.0,5.0,5.0,0.0
task-v2-0880cdc8b47d,g-b9a8415aa1799cc5,v2-S5-b003-g-b9a8415aa1799cc5,S5,D1,19,524288,454.0,13.0,1000.0,428.10526315789474,1.9073486328125e-06,5.719569917615643,0.0,73.0,36.5,53.0,0.0,60.0,18.0,32.0,2.0,7680.0,58982400.0,14425803.829423904,30769209.0,1.0,1600.0,615384180.0,615385245.0,12.0,1179650073.0,288517013.0884781,615385286.2,1179650061.0,1179650061.0,580551.1132075472,0.6037735849056604,11611022.264150944,30.18867924528302,11611042.358490566,50.0,20.0,1.4361119332668082,3.2295534178963874,4.6766136583430296,1694109529.681018,3809742886.424232,5516767587.337788,606339412.2836018,1,True,True,True,12.0,12.0,12.0,0.0
task-v2-8ac52cd83f67,g-b9a8415aa1799cc5,v2-S5-b003-g-b9a8415aa1799cc5,S5,D2,19,524288,637.0,13.0,1000.0,428.10526315789474,3.814697265625e-06,5.418539921951662,0.0,73.0,36.5,53.0,0.0,60.0,18.0,32.0,2.0,7497.0,56205009.0,13136910.495141983,28772496.0,4.0,1600.0,575449920.0,575450985.0,12.0,1124102253.0,262739146.40283966,575451026.2,1124102241.0,1124102241.0,542877.283018868,0.6037735849056604,10857545.660377359,30.18867924528302,10857565.754716981,50.0,20.0,1.4361119332668082,3.2295534178963874,4.6766136583430296,1614336642.5120616,3630348234.4865384,5256991893.634608,577787866.6634678,1,True,True,True,12.0,12.0,12.0,0.0
task-v2-e0ae4ea7992e,g-b9a8415aa1799cc5,v2-S5-b003-g-b9a8415aa1799cc5,S5,D3,19,524288,1014.0,13.0,1000.0,428.10526315789474,5.7220458984375e-06,5.24244866289598,0.0,73.0,36.5,53.0,0.0,60.0,18.0,32.0,2.0,7120.0,50694400.0,10692564.998031616,24870169.0,1.0,1600.0,497403380.0,497404445.0,12.0,1013890073.0,213852236.46063232,497404486.2,1013890061.0,1013890061.0,469248.4716981132,0.6037735849056604,9384969.433962265,30.18867924528302,9384989.528301887,50.0,20.0,1.4361119332668082,3.2295534178963874,4.6766136583430296,1456059615.6227121,3274412111.873727,4741572107.330848,521138873.32467586,1,True,True,True,12.0,12.0,12.0,0.0
task-v2-f09582cc278a,g-b9a8415aa1799cc5,v2-S5-b003-g-b9a8415aa1799cc5,S5,D4,19,524288,1093.0,13.0,1000.0,428.10526315789474,7.62939453125e-06,5.11750992628768,0.0,73.0,36.5,53.0,0.0,60.0,18.0,32.0,2.0,7041.0,49575681.0,10216301.131019592,24088464.0,1.0,1600.0,481769280.0,481770345.0,8.0,991515693.0,204326959.12039185,481770386.2,991515685.0,991515685.0,454499.320754717,0.6037735849056604,9089986.41509434,30.18867924528302,9090006.509433962,50.0,20.0,1.4361119332668082,3.2295534178963874,4.6766136583430296,1423927507.2497137,3202152869.389628,4636935794.932345,509638457.6992556,1,True,True,True,8.0,8.0,8.0,0.0
task-v2-d6122c14c280,g-b9a8415aa1799cc5,v2-S5-b003-g-b9a8415aa1799cc5,S5,D5,19,524288,1787.0,13.0,1000.0,428.10526315789474,1.1444091796875e-05,4.941418667231999,0.0,73.0,36.5,53.0,0.0,60.0,18.0,32.0,2.0,6347.0,40284409.0,6564626.508024216,17757796.0,1.0,1600.0,355155920.0,355156985.0,8.0,805690253.0,131293466.66048431,355157026.2,805690245.0,805690245.0,335052.75471698114,0.6037735849056604,6701055.094339622,30.18867924528302,6701075.188679245,50.0,20.0,1.4361119332668082,3.2295534178963874,4.6766136583430296,1157061375.3611584,2602019684.505528,3767902004.160742,414124294.8114688,1,True,True,True,8.0,8.0,8.0,0.0
task-v2-0ec069828687,g-b9a8415aa1799cc5,v2-S5-b003-g-b9a8415aa1799cc5,S5,D6,19,524288,2089.0,13.0,1000.0,428.10526315789474,1.52587890625e-05,4.816479930623699,0.0,73.0,36.5,53.0,0.0,60.0,18.0,32.0,2.0,6045.0,36542025.0,5270350.465423584,15303744.0,1.0,1600.0,306074880.0,306075945.0,8.0,730842573.0,105407945.80847168,306075986.2,730842565.0,730842565.0,288749.88679245283,0.6037735849056604,5774997.735849056,30.18867924528302,5775017.8301886795,50.0,20.0,1.4361119332668082,3.2295534178963874,4.6766136583430296,1049571728.935823,2360295103.7399125,3417868321.577453,375652632.915805,1,True,True,True,8.0,8.0,8.0,0.0
task-v2-66ecfca58e61,g-b9a8415aa1799cc5,v2-S5-b003-g-b9a8415aa1799cc5,S5,D7,19,524288,2287.0,13.0,1000.0,428.10526315789474,1.9073486328125e-05,4.719569917615643,0.0,73.0,36.5,53.0,0.0,60.0,18.0,32.0,2.0,5847.0,34187409.0,4516465.125764847,13793796.0,1.0,1600.0,275875920.0,275876985.0,8.0,683750253.0,90330239.01529694,275877026.2,683750245.0,683750245.0,260260.30188679244,0.6037735849056604,5205206.037735849,30.18867924528302,5205226.132075472,50.0,20.0,1.4361119332668082,3.2295534178963874,4.6766136583430296,981941886.2186037,2208207940.7272425,3197635734.6623926,351447209.1415157,1,True,True,True,8.0,8.0,8.0,0.0
task-v2-0b36d078e255,g-ad76642cd3b9f76c,v2-S5-b004-g-ad76642cd3b9f76c,S5,D1,19,524288,799.0,2.0,807.0,375.05263157894734,1.9073486328125e-06,5.719569917615643,0.0,81.0,40.5,58.0,0.0,46.0,15.0,26.0,2.0,6327.0,40030929.0,8612948.43722725,19289664.0,1.0,1300.0,385793280.0,385794380.0,16.0,800620161.0,172259759.24454498,385794439.3,800620145.0,800620145.0,332580.4137931034,0.4482758620689655,6651608.275862069,22.413793103448278,6651627.24137931,50.0,20.0,1.4361119332668082,3.2295534178963874,4.6766136583430296,1149780144.2483022,2585645525.7214513,3744191105.251577,411518266.5020114,1,True,True,True,16.0,16.0,16.0,0.0
task-v2-f27d61c02d71,g-ad76642cd3b9f76c,v2-S5-b004-g-ad76642cd3b9f76c,S5,D2,19,524288,888.0,2.0,807.0,375.05263157894734,3.814697265625e-06,5.418539921951662,0.0,81.0,40.5,58.0,0.0,46.0,15.0,26.0,2.0,6238.0,38912644.0,8128811.837694168,18515809.0,1.0,1300.0,370316180.0,370317280.0,16.0,778254461.0,162577027.25388336,370317339.3,778254445.0,778254445.0,319238.0862068966,0.4482758620689655,6384761.724137931,22.413793103448278,6384780.689655173,50.0,20.0,1.4361119332668082,3.2295534178963874,4.6766136583430296,1117660495.5824368,2513414302.842806,3639595367.153174,400022310.3353026,2,True,True,True,16.0,16.0,16.0,0.0
task-v2-6ee4e9bb2f23,g-ad76642cd3b9f76c,v2-S5-b004-g-ad76642cd3b9f76c,S5,D3,19,524288,1211.0,2.0,807.0,375.05263157894734,5.7220458984375e-06,5.24244866289598,0.0,81.0,40.5,58.0,0.0,46.0,15.0,26.0,2.0,5915.0,34987225.0,6504440.6046772,15840400.0,1.0,1300.0,316808000.0,316809100.0,13.0,699746081.0,130089602.593544,316809159.3,699746068.0,699746068.0,273110.3448275862,0.4482758620689655,5462206.8965517245,22.413793103448278,5462225.862068965,50.0,20.0,1.4361119332668082,3.2295534178963874,4.6766136583430296,1004913678.5113274,2259867305.568958,3272442018.9806304,359669052.41306233,1,True,True,True,13.0,13.0,13.0,0.0
task-v2-a11d89c8c060,g-ad76642cd3b9f76c,v2-S5-b004-g-ad76642cd3b9f76c,S5,D4,19,524288,1240.0,2.0,807.0,375.05263157894734,7.62939453125e-06,5.11750992628768,0.0,81.0,40.5,58.0,0.0,46.0,15.0,26.0,2.0,5886.0,34644996.0,6368753.745555878,15610401.0,1.0,1300.0,312208020.0,312209120.0,13.0,692901501.0,127375865.41111755,312209179.3,692901488.0,692901488.0,269144.8448275862,0.4482758620689655,5382896.8965517245,22.413793103448278,5382915.862068965,50.0,20.0,1.4361119332668082,3.2295534178963874,4.6766136583430296,995084095.4951282,2237762368.8358927,3240432562.667009,356150942.4652614,2,True,True,True,13.0,13.0,13.0,0.0
task-v2-01f33dead804,g-ad76642cd3b9f76c,v2-S5-b004-g-ad76642cd3b9f76c,S5,D5,19,524288,1472.0,2.0,807.0,375.05263157894734,1.1444091796875e-05,4.941418667231999,0.0,81.0,40.5,58.0,0.0,46.0,15.0,26.0,2.0,5654.0,31967716.0,5343221.823707581,13830961.0,1.0,1300.0,276619220.0,276620320.0,13.0,639355901.0,106865226.97415161,276620379.3,639355888.0,639355888.0,238464.8448275862,0.4482758620689655,4769296.8965517245,22.413793103448278,4769315.862068965,50.0,20.0,1.4361119332668082,3.2295534178963874,4.6766136583430296,918186620.3611969,2064833993.3425798,2990020478.3628364,328628536.7046493,3,True,True,True,13.0,13.0,13.0,0.0
task-v2-2bbd08239dbd,g-ad76642cd3b9f76c,v2-S5-b004-g-ad76642cd3b9f76c,S5,D6,19,524288,1710.0,2.0,807.0,375.05263157894734,1.52587890625e-05,4.816479930623699,0.0,81.0,40.5,58.0,0.0,46.0,15.0,26.0,2.0,5416.0,29333056.0,4401211.5104904175,12117361.0,1.0,1300.0,242347220.0,242348320.0,10.0,586662701.0,88025020.70980835,242348379.3,586662691.0,586662691.0,208920.0172413793,0.4482758620689655,4178400.3448275863,22.413793103448278,4178419.3103448274,50.0,20.0,1.4361119332668082,3.2295534178963874,4.6766136583430296,842513291.3475181,1894658498.8713422,2743594753.570876,301544265.56644434,1,True,True,True,10.0,10.0,10.0,0.0
task-v2-110f51ef504a,g-ad76642cd3b9f76c,v2-S5-b004-g-ad76642cd3b9f76c,S5,D7,19,524288,2489.0,2.0,807.0,375.05263157894734,2.288818359375e-05,4.640388671568018,0.0,81.0,40.5,58.0,0.0,46.0,15.0,26.0,2.0,4637.0,21501769.0,2071012.8929843903,7300804.0,1.0,1300.0,146016080.0,146017180.0,10.0,430036961.0,41421048.359687805,146017239.3,430036951.0,430036951.0,125875.93103448275,0.4482758620689655,2517518.620689655,22.413793103448278,2517537.5862068967,50.0,20.0,1.4361119332668082,3.2295534178963874,4.6766136583430296,617581197.0767736,1388827304.9237912,2011116678.638792,221038730.67961636,1,True,True,True,10.0,10.0,10.0,0.0
