task_id,base_graph_id,base_instance_id,size_stratum,stress_level,n_edges,feasible_state_fraction,dilution_score,current_energy_span,current_total_energy_p95,current_resource_penalty_to_cost_ratio,current_flow_penalty_to_cost_ratio,current_ground_state_original_optimal,controlled_flow_scale,controlled_resource_scale,controlled_flow_penalty_strength,controlled_resource_penalty_strength,controlled_flow_classification_unchanged,controlled_resource_classification_unchanged,controlled_flow_penalty_max,controlled_resource_penalty_max,controlled_flow_penalty_p95,controlled_resource_penalty_p95,controlled_total_energy_min,controlled_total_energy_max,controlled_total_energy_mean,controlled_total_energy_p95,controlled_energy_span,controlled_resource_penalty_to_cost_ratio,controlled_flow_penalty_to_cost_ratio,controlled_total_penalty_to_cost_ratio,controlled_initial_phase_span_min,controlled_initial_phase_span_median,controlled_initial_phase_span_max,controlled_n_ground_states,controlled_ground_state_valid,controlled_ground_state_resource_feasible,controlled_ground_state_original_optimal,controlled_ground_state_cost,controlled_ground_state_gap_to_exact
task-v2-e442db508705,g-548c8c6335dd2a2e,v2-S1-b000-g-548c8c6335dd2a2e,S1,D1,7,0.0078125,2.1072099696478683,61600830.0,34030673.14999999,1134345.0666666664,13.333333333333334,True,10.0,2681.0,172.0,172.0,True,True,2.0,1.4285096569015026,1.8,1.2367242872989237,4.0,580.1148505076894,393.542756776067,536.4554187750538,576.1148505076894,7.09055258051383,10.32,17.104252917517236,827.365411746316,1860.5936845579747,2694.266578658513,1,True,True,True,4.0,0.0
task-v2-d7382a83ef13,g-548c8c6335dd2a2e,v2-S1-b000-g-548c8c6335dd2a2e,S1,D2,7,0.015625,1.806179973983887,57257610.0,30822965.149999995,1027421.4666666664,13.333333333333334,True,10.0,2681.0,172.0,172.0,True,True,2.0,1.3982970496653966,1.8,1.2144106071417788,4.0,576.6097673531438,386.7560041845785,534.4566675770102,572.6097673531438,6.962620814279532,10.32,16.96304454957067,822.3317200009806,1849.2738312762006,2677.8746589043367,1,True,True,True,4.0,0.0
task-v2-ce7fc44fc7b5,g-548c8c6335dd2a2e,v2-S1-b000-g-548c8c6335dd2a2e,S1,D3,7,0.0234375,1.630088714928206,42050330.0,19977493.149999995,665905.7333333332,13.333333333333334,True,10.0,2681.0,172.0,172.0,True,True,2.0,1.2925111171615193,1.8,1.1389665850047044,4.0,564.9120383941536,355.66759354286404,523.5760423586704,560.9120383941536,6.530075087360306,10.32,16.479499812899544,805.532471850854,1811.4953907350684,2623.1688998831282,1,True,True,True,4.0,0.0
task-v2-4e78b3f98433,g-553bb3c5ba0f2136,v2-S1-b001-g-553bb3c5ba0f2136,S1,D1,7,0.0078125,2.1072099696478683,149386103.0,94607067.94999999,3190788.3979763915,13.490725126475551,True,10.0,3634.0,172.0,172.0,True,True,2.0,1.5656000216871842,1.8,1.3581977556187526,12.0,579.4832037301957,418.352353027774,545.7120795253292,567.4832037301957,7.878921213032901,10.441821247892078,17.73762869335645,814.9694008054133,1832.7173202056454,2653.8997014448933,1,True,True,True,12.0,0.0
task-v2-f83834022ee2,g-553bb3c5ba0f2136,v2-S1-b001-g-553bb3c5ba0f2136,S1,D2,7,0.015625,1.806179973983887,100441947.0,56646315.94999999,1910493.220910624,13.490725126475551,True,10.0,3634.0,172.0,172.0,True,True,2.0,1.3802890907708614,1.8,1.2144718792035956,8.0,547.6097236125881,382.9968604213508,524.0831828911136,539.6097236125881,7.045165707353069,10.441821247892078,16.9134294398352,774.939963386842,1742.698427223159,2523.546203621337,1,True,True,True,8.0,0.0
task-v2-73f419868dc6,g-553bb3c5ba0f2136,v2-S1-b001-g-553bb3c5ba0f2136,S1,D3,7,0.0234375,1.630088714928206,46818327.0,18895059.94999999,637263.6762225969,13.490725126475551,True,10.0,3634.0,172.0,172.0,True,True,2.0,1.1772609268121141,1.8,1.0715391903471432,8.0,520.2421602495117,319.66929943059404,478.6471094103297,512.2421602495117,6.216011492064374,10.441821247892078,15.270486691436796,735.6370790566924,1654.3134194244394,2395.558683002005,1,True,True,True,8.0,0.0
task-v2-b9e5059853ca,g-a529fbde22ed09f4,v2-S1-b002-g-a529fbde22ed09f4,S1,D1,7,0.0078125,2.1072099696478683,155793948.0,111246694.99999999,3588596.677419354,12.903225806451612,True,10.0,3219.0,172.0,172.0,True,True,2.0,1.7517574134857292,1.8,1.5368023340369648,9.0,620.4514937471779,449.06932033243993,567.6085927470679,611.4514937471779,8.526774240463158,9.98709677419355,17.361845657867143,878.1127867841374,1974.71526150905,2859.5224070722998,1,True,True,True,9.0,0.0
task-v2-9065c1a0a08c,g-a529fbde22ed09f4,v2-S1-b002-g-a529fbde22ed09f4,S1,D2,7,0.015625,1.806179973983887,81285448.0,50147244.99999999,1617646.6774193547,12.903225806451612,True,10.0,3219.0,172.0,172.0,True,True,2.0,1.392228459458591,1.8,1.2419766248878952,9.0,564.8388640528564,384.31700665359097,534.2409255921731,555.8388640528564,6.89096708002316,9.98709677419355,16.170675019102358,798.2468256397741,1795.1113032015478,2599.4436234674627,1,True,True,True,9.0,0.0
task-v2-07632e755d52,g-a529fbde22ed09f4,v2-S1-b002-g-a529fbde22ed09f4,S1,D3,7,0.0234375,1.630088714928206,38586748.0,18296898.999999996,590216.1612903224,12.903225806451612,True,10.0,3219.0,172.0,172.0,True,True,2.0,1.18619265214374,1.8,1.0882878298808496,9.0,546.4222179566203,324.7740534423214,506.5273898734033,537.4222179566203,6.038242152887295,9.98709677419355,15.5483997690548,771.798460410218,1735.6337608552603,2513.3160847929353,1,True,True,True,9.0,0.0
task-v2-6dd269836f23,g-c45ecbe0242c6377,v2-S1-b003-g-c45ecbe0242c6377,S1,D1,7,0.0078125,2.1072099696478683,132201151.0,85012873.84999996,2125317.499999999,10.0,True,10.0,3510.0,172.0,172.0,True,True,2.0,1.5365249470377673,1.8,1.3450162742185532,18.0,588.8844496392076,425.78556199066975,554.0714121638621,570.8844496392076,5.783569979139779,7.74,12.928741898604716,819.8539706433202,1843.701825556201,2669.8060145183613,1,True,True,True,18.0,0.0
task-v2-5e0ea2a0e332,g-c45ecbe0242c6377,v2-S1-b003-g-c45ecbe0242c6377,S1,D2,7,0.015625,1.806179973983887,97505614.0,57713821.84999997,1442841.1999999995,10.0,True,10.0,3510.0,172.0,172.0,True,True,2.0,1.3957162685367814,1.8,1.2342255663509223,15.0,569.662223520913,391.6076018964944,538.0282329526545,554.662223520913,5.307169935308966,7.74,12.473512656147271,796.5570381306849,1791.3112797499746,2593.940930284816,1,True,True,True,15.0,0.0
task-v2-8d2ef8b298b4,g-c45ecbe0242c6377,v2-S1-b003-g-c45ecbe0242c6377,S1,D3,7,0.0234375,1.630088714928206,41070114.0,17069721.849999987,426738.6999999996,10.0,True,10.0,3510.0,172.0,172.0,True,True,2.0,1.1666779490426213,1.8,1.0692752006883062,15.0,555.2432551683834,319.50357673131714,508.088151394875,540.2432551683834,4.597883362959716,7.74,11.820601767436951,775.8497856142207,1744.7444512245227,2526.50898594816,1,True,True,True,15.0,0.0
task-v2-628efc62dabb,g-e23fad4558949e26,v2-S1-b004-g-e23fad4558949e26,S1,D1,7,0.0078125,2.1072099696478683,106629831.0,65954732.59999994,2867587.2608695626,17.391304347826086,True,12.0,3330.0,172.0,172.0,True,True,2.0,1.4807943980016052,1.6666666666666665,1.2973897636375111,17.0,526.8142293644996,392.6017628101074,502.55917816916013,509.8142293644996,9.702219101984866,12.463768115942027,21.02116342743056,732.1502985395796,1646.4722869363325,2384.204188263645,1,True,True,True,17.0,0.0
task-v2-10d8be977e09,g-e23fad4558949e26,v2-S1-b004-g-e23fad4558949e26,S1,D2,7,0.015625,1.806179973983887,75117096.0,41767758.59999995,1815979.695652172,17.391304347826086,True,12.0,3330.0,172.0,172.0,True,True,2.0,1.338703027351676,1.6666666666666665,1.1883303709114517,12.0,508.712766820875,355.088975853669,485.75432221410597,496.712766820875,8.88664451290303,12.463768115942027,20.319730963238992,713.3351318374321,1604.1604137991283,2322.9337095878604,1,True,True,True,12.0,0.0
task-v2-a4fc95665697,g-e23fad4558949e26,v2-S1-b004-g-e23fad4558949e26,S1,D3,7,0.0234375,1.630088714928206,34269838.0,13340732.599999974,580022.0434782597,17.391304347826086,True,12.0,3330.0,172.0,172.0,True,True,2.0,1.1545221798374952,1.6666666666666665,1.060152526400274,10.0,500.5076150023898,293.2611449202581,459.40688508328145,490.5076150023898,7.928097153949876,12.463768115942027,19.123734372837383,704.4238392631732,1584.1205445351732,2293.9146118414405,1,True,True,True,10.0,0.0
task-v2-3f363bac5736,g-60667963f6db3f1b,v2-S2-b000-g-60667963f6db3f1b,S2,D1,10,0.0009765625,3.010299956639812,360400931.0,171698598.6,4088047.619047619,11.904761904761905,True,12.0,5972.0,172.0,172.0,True,True,2.0,1.5052610160207336,1.8333333333333335,1.2407108367738888,23.0,604.1195838823343,449.66986989686205,558.8837977316783,581.1195838823343,5.081006283931164,7.507936507936509,12.494189265198207,834.5527690684622,1876.756738333719,2717.671783114742,1,True,True,True,23.0,0.0
task-v2-f1a738d52e35,g-60667963f6db3f1b,v2-S2-b000-g-60667963f6db3f1b,S2,D2,10,0.001953125,2.709269960975831,331298445.0,151801098.6,3614297.619047619,11.904761904761905,True,12.0,5972.0,172.0,172.0,True,True,2.0,1.4644609651918823,1.8333333333333335,1.2128156727375665,9.0,597.8463564880509,441.20913438116577,555.9273047609092,588.8463564880509,4.966768945496701,7.507936507936509,12.39390723313267,845.6492794131709,1901.7107632118193,2753.8069134175475,1,True,True,True,9.0,0.0
task-v2-a0f813383468,g-60667963f6db3f1b,v2-S2-b000-g-60667963f6db3f1b,S2,D3,10,0.0029296875,2.533178701920149,318881425.0,143434278.6,3415087.619047619,11.904761904761905,True,12.0,5972.0,172.0,172.0,True,True,2.0,1.44705300892892,1.8333333333333335,1.201085866663317,9.0,595.223812038228,437.6881421772604,555.0315422406595,586.223812038228,4.9187325968116795,7.507936507936509,12.358597533482978,841.8830120332575,1893.2411158203083,2741.542286223894,1,True,True,True,9.0,0.0
task-v2-6996479d6302,g-60667963f6db3f1b,v2-S2-b000-g-60667963f6db3f1b,S2,D4,10,0.00390625,2.4082399653118496,183860925.0,58962378.6,1403851.9047619049,11.904761904761905,True,12.0,5972.0,172.0,172.0,True,True,2.0,1.2577619424247741,1.8333333333333335,1.0826610642027161,9.0,573.2177030428672,376.1317514201518,540.37908463243,564.2177030428672,4.433754834353981,7.507936507936509,11.884273792944384,810.27977630025,1822.171211299741,2638.6282163292044,1,True,True,True,9.0,0.0
task-v2-4d2b9f5eb099,g-6aa6775bed3bc2cc,v2-S2-b001-g-6aa6775bed3bc2cc,S2,D1,10,0.0009765625,3.010299956639812,262523118.0,134309033.74999976,3275818.243902433,17.073170731707318,True,18.0,4950.0,172.0,172.0,True,True,2.0,1.535705703499643,1.7777777777777777,1.2740711111111107,13.0,613.6102809101112,428.1014334919587,536.7050641852871,600.6102809101112,5.344883685636855,7.457994579945799,12.198199885029153,862.5435916577405,1939.702985536959,2808.82224304547,1,True,True,True,13.0,0.0
task-v2-2d64318cb7be,g-6aa6775bed3bc2cc,v2-S2-b001-g-6aa6775bed3bc2cc,S2,D2,10,0.001953125,2.709269960975831,233791758.0,113995529.74999979,2780366.926829263,17.073170731707318,True,18.0,4950.0,172.0,172.0,True,True,2.0,1.4770762575247423,1.7777777777777777,1.2326192102846645,13.0,605.072594714825,416.90333637670903,531.1199928170594,592.072594714825,5.170987906560055,7.457994579945799,12.078817731789437,850.2825186302027,1912.1300719040455,2768.8947831739474,1,True,True,True,13.0,0.0
task-v2-3cd2eda112d3,g-6aa6775bed3bc2cc,v2-S2-b001-g-6aa6775bed3bc2cc,S2,D3,10,0.0029296875,2.533178701920149,133541658.0,48200869.749999866,1175619.1219512161,17.073170731707318,True,18.0,4950.0,172.0,172.0,True,True,2.0,1.2725050913172127,1.7777777777777777,1.0983580940720332,13.0,577.3824896235078,356.10490673320965,512.2492170594837,564.3824896235078,4.607746150741212,7.457994579945799,11.665570252114641,810.5164282751501,1822.703398364472,2639.3988595029396,2,True,True,True,13.0,0.0
task-v2-f4789f22d2c1,g-6aa6775bed3bc2cc,v2-S2-b001-g-6aa6775bed3bc2cc,S2,D4,10,0.00390625,2.4082399653118496,97682538.0,27774485.7499999,677414.634146339,17.073170731707318,True,18.0,4950.0,172.0,172.0,True,True,2.0,1.1993306805428017,1.7777777777777777,1.056675849403122,13.0,569.4171329456178,326.88289348711226,505.61377634935184,556.4171329456178,4.432884051154561,7.457994579945799,11.330377636926045,799.0772844973059,1796.9788534806287,2602.147963669546,2,True,True,True,13.0,0.0
task-v2-ff6e67bbbcba,g-0780828b282bb310,v2-S2-b002-g-0780828b282bb310,S2,D1,10,0.0009765625,3.010299956639812,415143148.0,198564328.54999983,6205122.374999995,18.75,True,16.0,6490.0,172.0,172.0,True,True,2.0,1.4928083266658911,1.75,1.2357115913779881,12.0,590.97262095769,418.8775436267364,517.2461273002675,578.97262095769,6.6419498036566855,9.40625,15.248327266851216,831.469489992099,1869.8230068823373,2707.6312669773947,1,True,True,True,12.0,0.0
task-v2-a9de39f81405,g-0780828b282bb310,v2-S2-b002-g-0780828b282bb310,S2,D2,10,0.001953125,2.709269960975831,401766908.0,189347184.54999983,5917086.624999995,18.75,True,16.0,6490.0,172.0,172.0,True,True,2.0,1.4769296369191907,1.75,1.2247700883901034,12.0,589.0573818200812,414.7088957387625,515.6072628555012,577.0573818200812,6.583139225096805,9.40625,15.195342905836524,828.7189922115195,1863.637639779384,2698.6744334674604,1,True,True,True,12.0,0.0
task-v2-b0f919379fb8,g-0780828b282bb310,v2-S2-b002-g-0780828b282bb310,S2,D3,10,0.0029296875,2.533178701920149,268791548.0,102234288.54999988,3194808.6249999963,18.75,True,16.0,6490.0,172.0,172.0,True,True,2.0,1.3190770202349946,1.75,1.12135996353285,12.0,570.903633467157,372.062315035421,501.08393735295016,558.903633467157,6.027309803989069,9.40625,14.830701796766864,802.6481775683624,1805.0091397385665,2613.7763659700527,1,True,True,True,12.0,0.0
task-v2-d80673ba7cf0,g-0780828b282bb310,v2-S2-b002-g-0780828b282bb310,S2,D4,10,0.00390625,2.4082399653118496,247245548.0,89118888.5499999,2784952.3749999967,18.75,True,16.0,6490.0,172.0,172.0,True,True,2.0,1.2935001578818663,1.75,1.1057909121773215,12.0,568.1582553697641,360.02900200223587,499.0789329108905,556.1582553697641,5.943626152953103,9.40625,14.803546753806376,798.7055073213671,1796.1427945207136,2600.937293262469,1,True,True,True,12.0,0.0
task-v2-30409dd5a775,g-686fdbb6f8f550f1,v2-S2-b003-g-686fdbb6f8f550f1,S2,D1,10,0.0009765625,3.010299956639812,225120928.0,153236982.35,3737475.1219512196,12.195121951219512,True,16.0,3627.0,172.0,172.0,True,True,2.0,1.8556377516328422,1.625,1.5824210465743058,25.0,662.3465751267054,469.70985581341506,570.376053959638,637.3465751267054,6.6384492685556244,6.817073170731708,13.06992157694798,915.3010221661918,2058.344810085008,2980.623698335702,1,True,True,True,25.0,0.0
task-v2-eed472030dc4,g-686fdbb6f8f550f1,v2-S2-b003-g-686fdbb6f8f550f1,S2,D2,10,0.001953125,2.709269960975831,166349561.0,105524682.35,2573760.487804878,12.195121951219512,True,16.0,3627.0,172.0,172.0,True,True,2.0,1.6322595544293028,1.625,1.4010761886105412,12.0,626.7336673399402,442.93216889195367,544.8306870727,614.7336673399402,5.8776854741710505,6.817073170731708,12.425659449967402,882.8263554477564,1985.3152164536848,2874.8718649252646,1,True,True,True,12.0,0.0
task-v2-4507b50770a7,g-686fdbb6f8f550f1,v2-S2-b003-g-686fdbb6f8f550f1,S2,D3,10,0.0029296875,2.533178701920149,95922441.0,51392682.35,1253467.8048780488,12.195121951219512,True,16.0,3627.0,172.0,172.0,True,True,2.0,1.3645802333067203,1.625,1.195331341866735,12.0,584.8305112401406,388.06316760914126,516.1762825206807,572.8305112401406,5.014560751245815,6.817073170731708,11.705215544335339,822.6487329312924,1849.986735450931,2678.906992781262,1,True,True,True,12.0,0.0
task-v2-59e59ed3c03f,g-686fdbb6f8f550f1,v2-S2-b003-g-686fdbb6f8f550f1,S2,D4,10,0.00390625,2.4082399653118496,62375561.0,27801322.35,678068.7804878049,12.195121951219512,True,16.0,3627.0,172.0,172.0,True,True,2.0,1.2370752882772946,1.625,1.105665326428954,12.0,565.4275848226193,346.9399964953783,502.5411113832483,553.4275848226193,4.638400881604392,6.817073170731708,11.41965633754694,794.7839587627923,1787.323948122033,2588.167002085257,1,True,True,True,12.0,0.0
task-v2-de1e481a2b9a,g-8c950d2bd101a5de,v2-S2-b004-g-8c950d2bd101a5de,S2,D1,10,0.0009765625,3.010299956639812,171229962.0,97819566.59999998,2173757.5777777773,11.11111111111111,True,12.0,3784.0,172.0,172.0,True,True,2.0,1.597924553812872,1.8333333333333335,1.3415791642735184,16.0,643.0383552758024,463.0276683167313,574.5737417115126,627.0383552758024,5.127813694556559,7.007407407407408,11.889856350680875,900.4972646275722,2025.0538634330967,2932.4161365877662,1,True,True,True,16.0,0.0
task-v2-df25fe0d6e36,g-8c950d2bd101a5de,v2-S2-b004-g-8c950d2bd101a5de,S2,D2,10,0.001953125,2.709269960975831,145908462.0,78928116.59999998,1753947.5777777773,11.11111111111111,True,12.0,3784.0,172.0,172.0,True,True,2.0,1.5095031963893817,1.8333333333333335,1.2756112061076121,16.0,629.3488372093024,447.12614105124896,563.2524423009162,613.3488372093024,4.875669498900207,7.007407407407408,11.691494953054152,880.8375843716001,1980.8428335720773,2868.395549421839,1,True,True,True,16.0,0.0
task-v2-0da346e5ae20,g-8c950d2bd101a5de,v2-S2-b004-g-8c950d2bd101a5de,S2,D3,10,0.0029296875,2.533178701920149,83886522.0,35567610.59999999,790380.7777777774,11.11111111111111,True,12.0,3784.0,172.0,172.0,True,True,2.0,1.2929258165012136,1.8333333333333335,1.124198580509232,16.0,596.5058740149914,389.9782506974642,544.536491967775,580.5058740149914,4.296936796613065,7.007407407407408,11.290843939749855,833.6714130044074,1874.774729534045,2714.8016991668665,1,True,True,True,16.0,0.0
task-v2-693f08fcb4be,g-8c950d2bd101a5de,v2-S2-b004-g-8c950d2bd101a5de,S2,D4,10,0.00390625,2.4082399653118496,76440942.0,30779784.599999987,683984.6444444441,11.11111111111111,True,12.0,3784.0,172.0,172.0,True,True,2.0,1.2669262394459369,1.8333333333333335,1.1074797418137567,16.0,592.6617816644243,380.7885447393443,540.9507073243001,576.6617816644243,4.23303367982147,7.007407407407408,11.134835782952855,828.1508661071784,1862.3600279445618,2696.824364376273,1,True,True,True,16.0,0.0
task-v2-4968f3a685c2,g-8a16a856f5377a40,v2-S3-b000-g-8a16a856f5377a40,S3,D1,13,0.0001220703125,3.9133899436317554,372213061.0,196747009.89999998,4471508.568181817,20.454545454545453,True,30.0,5082.0,172.0,172.0,True,True,2.0,1.72059452836527,1.6,1.3808968899810907,18.0,653.0755922121598,453.7857530341107,542.4005953987814,635.0755922121598,5.398051479016991,6.254545454545454,11.39554254408587,912.0396365023679,2051.010549451353,2970.003188619675,1,True,True,True,18.0,0.0
task-v2-8f4071cbe937,g-8a16a856f5377a40,v2-S3-b000-g-8a16a856f5377a40,S3,D2,13,0.000244140625,3.612359947967774,345614123.0,177543083.89999998,4035055.7045454537,20.454545454545453,True,30.0,5082.0,172.0,172.0,True,True,2.0,1.66909953426536,1.6,1.3437184890348461,16.0,644.2184532269753,448.5956035352248,536.4296085589485,628.2184532269753,5.25271772986349,6.254545454545454,11.265509518956199,902.1920173776754,2028.8650528047597,2937.9349987844043,1,True,True,True,16.0,0.0
task-v2-5de325b6f026,g-8a16a856f5377a40,v2-S3-b000-g-8a16a856f5377a40,S3,D3,13,0.0003662109375,3.436268688912093,344285163.0,176590939.89999998,4013416.0681818174,20.454545454545453,True,30.0,5082.0,172.0,172.0,True,True,2.0,1.6665266953718172,1.6,1.3418751580727002,16.0,643.7759249372859,448.2972253387819,536.1052610869269,627.7759249372859,5.245511981556919,6.254545454545454,11.259235782531443,901.5564972200443,2027.4358840542777,2935.86546494064,2,True,True,True,16.0,0.0
task-v2-eb1005d46905,g-8a16a856f5377a40,v2-S3-b000-g-8a16a856f5377a40,S3,D4,13,0.00048828125,3.311329952303793,304513231.0,148453193.89999998,3373921.8409090904,20.454545454545453,True,30.0,5082.0,172.0,172.0,True,True,2.0,1.589529047509084,1.6,1.287401067591848,8.0,630.5323295048958,438.86624687409466,526.8487603228346,622.5323295048958,5.032567809677224,6.254545454545454,11.072654957674496,894.0261072463655,2010.5014125035361,2911.343194922699,1,True,True,True,8.0,0.0
task-v2-0c6c4504c3d3,g-8a16a856f5377a40,v2-S3-b000-g-8a16a856f5377a40,S3,D5,13,0.0006103515625,3.2144199392957367,302176531.0,146823023.89999998,3336872.522727272,20.454545454545453,True,30.0,5082.0,172.0,172.0,True,True,2.0,1.5850052449547993,1.6,1.2842450924089326,8.0,629.7542354655588,438.1308289655125,526.3130951258083,621.7542354655588,5.020230815780374,6.254545454545454,11.063751286282168,892.90867711127,2007.988516239351,2907.7043497108607,1,True,True,True,8.0,0.0
task-v2-f0ef0f25a74e,g-8a16a856f5377a40,v2-S3-b000-g-8a16a856f5377a40,S3,D6,13,0.000732421875,3.135238693248112,272028031.0,126047821.89999998,2864708.8409090904,20.454545454545453,True,30.0,5082.0,172.0,172.0,True,True,2.0,1.5266383765900777,1.6,1.2440247338377102,8.0,619.7151341068267,429.0572835064766,519.6533168403395,611.7151341068267,4.863005777729231,6.254545454545454,10.915928492588458,878.4914038507197,1975.566702133649,2860.7553511791234,2,True,True,True,8.0,0.0
task-v2-69173fedcdae,g-8a16a856f5377a40,v2-S3-b000-g-8a16a856f5377a40,S3,D7,13,0.0008544921875,3.0682919036174985,223781651.0,93957427.89999999,2135381.704545454,20.454545454545453,True,30.0,5082.0,172.0,172.0,True,True,2.0,1.4332343893093062,1.6,1.1818983991155827,8.0,603.649648294534,409.57552707749005,510.5311803076534,595.649648294534,4.620148287451823,6.254545454545454,10.698562576570616,855.4195679619576,1923.6823575183935,2785.6232808014397,2,True,True,True,8.0,0.0
task-v2-8792ce3c54d5,g-a712031e7959d564,v2-S3-b001-g-a712031e7959d564,S3,D1,13,0.0001220703125,3.9133899436317554,386497758.0,213786961.04999998,5938501.972222221,27.77777777777778,True,28.0,5054.0,172.0,172.0,True,True,2.0,1.7565626414775823,1.7142857142857144,1.4184840740188003,10.0,694.1287743341442,461.9609586810156,561.4295497193821,684.1287743341442,6.777201686978712,8.190476190476192,14.669556788052091,982.4854967124597,2209.4304214321014,3199.4059701165347,1,True,True,True,10.0,0.0
task-v2-5acbf653f95a,g-a712031e7959d564,v2-S3-b001-g-a712031e7959d564,S3,D2,13,0.000244140625,3.612359947967774,355325938.0,190771363.04999998,5299179.805555555,27.77777777777778,True,28.0,5054.0,172.0,172.0,True,True,2.0,1.6955441187685854,1.7142857142857144,1.373431273469325,10.0,683.6335884281966,455.62263664885074,554.5538869876877,673.6335884281966,6.561949417686776,8.190476190476192,14.46529371500802,967.4132349910749,2175.5356579180907,3150.324040361931,1,True,True,True,10.0,0.0
task-v2-ef23e17da545,g-a712031e7959d564,v2-S3-b001-g-a712031e7959d564,S3,D3,13,0.0003662109375,3.436268688912093,337021938.0,177424183.04999998,4928424.805555555,27.77777777777778,True,28.0,5054.0,172.0,172.0,True,True,2.0,1.6597142237010059,1.7142857142857144,1.347304303471068,10.0,677.470846476573,451.7032336692105,550.2676218956362,667.470846476573,6.437120561028437,8.190476190476192,14.338005584405474,958.5628477327042,2155.6327535846112,3121.503277178125,1,True,True,True,10.0,0.0
task-v2-ac528a9510be,g-a712031e7959d564,v2-S3-b001-g-a712031e7959d564,S3,D4,13,0.00048828125,3.311329952303793,322405940.0,166863763.04999998,4635079.805555555,27.77777777777778,True,28.0,5054.0,172.0,172.0,True,True,2.0,1.6311035513721297,1.7142857142857144,1.3266323880170925,8.0,672.5498108360064,448.46894263709686,546.8850779292387,664.5498108360064,6.33835474274833,8.190476190476192,14.238911607299128,954.3679135917888,2146.199112947822,3107.842722004944,1,True,True,True,8.0,0.0
task-v2-5b0627539151,g-a712031e7959d564,v2-S3-b001-g-a712031e7959d564,S3,D5,13,0.0006103515625,3.2144199392957367,272471065.0,131528971.04999998,3653557.805555555,27.77777777777778,True,28.0,5054.0,172.0,172.0,True,True,2.0,1.533356528283615,1.7142857142857144,1.2574648896782183,3.0,655.7373228647818,434.0932931266945,535.8780995247371,652.7373228647818,6.007887806240376,8.190476190476192,13.94815156143053,937.4038586547426,2108.050052046494,3052.6002794197025,1,True,True,True,3.0,0.0
task-v2-c5ed7c8b71f4,g-a712031e7959d564,v2-S3-b001-g-a712031e7959d564,S3,D6,13,0.000732421875,3.135238693248112,240125945.0,109367863.04999998,3037971.472222222,27.77777777777778,True,28.0,5054.0,172.0,172.0,True,True,2.0,1.4700412826789235,1.7142857142857144,1.2140847446704988,3.0,644.8471006207749,421.29423262724686,529.3971202269937,641.8471006207749,5.800627113425716,8.190476190476192,13.77846733621869,921.7642805341966,2072.87949757671,3001.6709173309887,1,True,True,True,3.0,0.0
task-v2-8c0a098a6f8b,g-a712031e7959d564,v2-S3-b001-g-a712031e7959d564,S3,D7,13,0.0008544921875,3.0682919036174985,227948965.0,101201401.04999998,2811125.305555555,27.77777777777778,True,28.0,5054.0,172.0,172.0,True,True,2.0,1.4462049673576816,1.7142857142857144,1.198098977814436,3.0,640.7472543855213,416.0948471780572,527.0602504271634,637.7472543855213,5.724250671780083,8.190476190476192,13.719850078110806,915.8764424311898,2059.638825154797,2982.4975204300954,1,True,True,True,3.0,0.0
task-v2-eb747215294a,g-fc8e50acd167f0aa,v2-S3-b002-g-fc8e50acd167f0aa,S3,D1,13,0.0001220703125,3.9133899436317554,585580078.0,345447595.95,5955977.931034483,18.96551724137931,True,32.0,5551.0,172.0,172.0,True,True,2.0,1.9501947208312327,1.6875,1.560542599354097,19.0,756.4334919829721,487.5757187231362,603.6150813536042,737.4334919829721,4.62781598429146,5.004310344827586,9.47672310464628,1059.0370378273594,2381.580854504876,3448.691540727162,1,True,True,True,19.0,0.0
task-v2-607a9c50d675,g-fc8e50acd167f0aa,v2-S3-b002-g-fc8e50acd167f0aa,S3,D2,13,0.000244140625,3.612359947967774,474534483.0,261509995.95,4508777.931034483,18.96551724137931,True,32.0,5551.0,172.0,172.0,True,True,2.0,1.7700054596020764,1.6875,1.4243404073415502,14.0,725.4409390515572,471.8409127636526,581.36424882676,711.4409390515572,4.223906035564597,5.004310344827586,9.08587425306257,1021.7088223864852,2297.636516345372,3327.134412672903,1,True,True,True,14.0,0.0
task-v2-cfa564be8207,g-fc8e50acd167f0aa,v2-S3-b002-g-fc8e50acd167f0aa,S3,D3,13,0.0003662109375,3.436268688912093,423385684.0,223915195.95,3860591.724137931,18.96551724137931,True,32.0,5551.0,172.0,172.0,True,True,2.0,1.6870083441399788,1.6875,1.3633368264877577,13.0,711.1654351920763,463.3999268101045,570.9109844626728,698.1654351920763,4.0429988647567985,5.004310344827586,8.907331512638605,1002.6437128737551,2254.7625674816886,3265.050010002269,1,True,True,True,13.0,0.0
task-v2-5da0eece9ed4,g-fc8e50acd167f0aa,v2-S3-b002-g-fc8e50acd167f0aa,S3,D4,13,0.00048828125,3.311329952303793,418065345.0,220050655.95,3793961.724137931,18.96551724137931,True,32.0,5551.0,172.0,172.0,True,True,2.0,1.678375240855491,1.6875,1.357065991735273,12.0,709.6805414271445,462.5594307180014,569.8392664362727,697.6805414271445,4.024402596180464,5.004310344827586,8.888807610623822,1001.9473511515699,2253.1965771658365,3262.7823491983436,1,True,True,True,12.0,0.0
task-v2-cd3aef86a98f,g-fc8e50acd167f0aa,v2-S3-b002-g-fc8e50acd167f0aa,S3,D5,13,0.0006103515625,3.2144199392957367,412052085.0,215693995.95,3718846.896551724,18.96551724137931,True,32.0,5551.0,172.0,172.0,True,True,2.0,1.6686177639543005,1.6875,1.349996613508431,12.0,708.0022554001397,461.5858947916978,568.62766743207,696.0022554001397,4.003438233162933,5.004310344827586,8.86952311339751,999.5371445607534,2247.7764627911156,3254.933653841847,1,True,True,True,12.0,0.0
task-v2-8029d558b1a1,g-fc8e50acd167f0aa,v2-S3-b002-g-fc8e50acd167f0aa,S3,D6,13,0.000732421875,3.135238693248112,403922385.0,209823295.95,3617627.9310344825,18.96551724137931,True,32.0,5551.0,172.0,172.0,True,True,2.0,1.6554260243715104,1.6875,1.340470463027025,12.0,705.7332761918998,460.11896841691976,566.9823674332968,693.7332761918998,3.9751882696663503,5.004310344827586,8.841136956320202,996.2786364434658,2240.4486732340083,3244.322514686096,1,True,True,True,12.0,0.0
task-v2-147f90045792,g-fc8e50acd167f0aa,v2-S3-b002-g-fc8e50acd167f0aa,S3,D7,13,0.0008544921875,3.0682919036174985,340644245.0,164968555.95,2844270.3448275863,18.96551724137931,True,32.0,5551.0,172.0,172.0,True,True,2.0,1.5527471131984867,1.6875,1.2676864674141786,12.0,688.0725034701397,446.0115019548022,555.2794188575201,676.0725034701397,3.7593460757799777,5.004310344827586,8.629445533715945,970.9157899870332,2183.412264327757,3161.729903758621,1,True,True,True,12.0,0.0
task-v2-8b88de51ba21,g-f0c91af33253395a,v2-S3-b003-g-f0c91af33253395a,S3,D1,13,0.0001220703125,3.9133899436317554,421730949.0,243603052.7,4273719.298245614,21.05263157894737,True,34.0,4788.0,172.0,172.0,True,True,2.0,1.9198043842549843,1.7058823529411766,1.5313033698141205,7.0,740.0887070330338,483.19208875910687,593.3812181243688,733.0887070330338,4.620775080842609,5.147574819401445,9.453051598812566,1052.7974403132748,2367.5491394197775,3428.3726600877176,1,True,True,True,7.0,0.0
task-v2-df7a823d7a2b,g-f0c91af33253395a,v2-S3-b003-g-f0c91af33253395a,S3,D2,13,0.000244140625,3.612359947967774,324014169.0,170879632.7,2997869.8245614036,21.05263157894737,True,34.0,4788.0,172.0,172.0,True,True,2.0,1.7066811155569237,1.7058823529411766,1.372691379311548,7.0,704.0075472376291,464.31118516220306,567.6767131044477,697.0075472376291,4.142156442834847,5.147574819401445,9.002016275237315,1000.9808561649876,2251.0231064808627,3259.6350153796707,1,True,True,True,7.0,0.0
task-v2-0ae6410749b4,g-f0c91af33253395a,v2-S3-b003-g-f0c91af33253395a,S3,D3,13,0.0003662109375,3.436268688912093,323370489.0,170412272.7,2989670.5263157897,21.05263157894737,True,34.0,4788.0,172.0,172.0,True,True,2.0,1.7052772299029388,1.7058823529411766,1.371672052939366,7.0,703.7747220669328,464.1082118965525,567.5240112439765,696.7747220669328,4.13908058079949,5.147574819401445,9.000125608372795,1000.6464931589858,2250.271185155068,3258.546182006386,1,True,True,True,7.0,0.0
task-v2-f12c027474e2,g-f0c91af33253395a,v2-S3-b003-g-f0c91af33253395a,S3,D4,13,0.00048828125,3.311329952303793,265867989.0,129439772.7,2270854.736842105,21.05263157894737,True,34.0,4788.0,172.0,172.0,True,True,2.0,1.5798625287808772,1.7058823529411766,1.2823097844862783,7.0,683.0136898916744,449.3450340419583,553.5986611819243,676.0136898916744,3.869426016344559,5.147574819401445,8.761176725401013,970.8313271051611,2183.2223227344057,3161.454855374274,1,True,True,True,7.0,0.0
task-v2-356d367a6a2c,g-f0c91af33253395a,v2-S3-b003-g-f0c91af33253395a,S3,D5,13,0.0006103515625,3.2144199392957367,263975449.0,128120272.7,2247705.6140350876,21.05263157894737,True,34.0,4788.0,172.0,172.0,True,True,2.0,1.5757348414896892,1.7058823529411766,1.2794319148609479,7.0,682.3318179534049,448.59492642099354,553.1536747621999,675.3318179534049,3.8607419185277725,5.147574819401445,8.753916306280495,969.8520826776524,2181.0201808855995,3158.2660037545215,1,True,True,True,7.0,0.0
task-v2-747868754e4a,g-f0c91af33253395a,v2-S3-b003-g-f0c91af33253395a,S3,D6,13,0.000732421875,3.135238693248112,246263289.0,115874032.7,2032859.298245614,21.05263157894737,True,34.0,4788.0,172.0,172.0,True,True,2.0,1.537104081911825,1.7058823529411766,1.252722493018958,7.0,675.9552653214769,442.6074802882828,548.8857753201825,668.9552653214769,3.7801450666536978,5.147574819401445,8.67944941200072,960.6946393498367,2160.4267635387605,3128.445330622904,1,True,True,True,7.0,0.0
task-v2-ba2b70f61e3b,g-f0c91af33253395a,v2-S3-b003-g-f0c91af33253395a,S3,D7,13,0.0008544921875,3.0682919036174985,193941589.0,80963932.7,1420401.403508772,21.05263157894737,True,34.0,4788.0,172.0,172.0,True,True,2.0,1.4229888631352818,1.7058823529411766,1.1765825033204007,7.0,657.1809599185934,418.45378529439625,537.7509070084378,650.1809599185934,3.5503893082650686,5.147574819401445,8.469108927429794,933.7326353219603,2099.7941413562476,3040.645157549876,1,True,True,True,7.0,0.0
task-v2-59fd840ba77c,g-64377640089a831f,v2-S3-b004-g-64377640089a831f,S3,D1,13,0.0001220703125,3.9133899436317554,585363255.0,295989257.65,5692080.384615385,19.23076923076923,True,32.0,6788.0,172.0,172.0,True,True,2.0,1.6352005462862294,1.625,1.3211890311128274,15.0,652.2544939612314,449.1083924525848,542.251529997302,637.2544939612314,4.370086795219352,5.375,9.464741193640059,915.1687833056257,2058.0474290423276,2980.1930702995705,1,True,True,True,15.0,0.0
task-v2-87f0030ee4db,g-64377640089a831f,v2-S3-b004-g-64377640089a831f,S3,D2,13,0.000244140625,3.612359947967774,582553435.0,293992197.65,5653675.384615385,19.23076923076923,True,32.0,6788.0,172.0,172.0,True,True,2.0,1.6321514942484034,1.625,1.319021938607734,15.0,651.7300570107254,448.78616659957527,541.8870756011944,636.7300570107254,4.362918720010197,5.375,9.45713655736036,914.4156331427579,2056.35373189635,2977.7404812938944,1,True,True,True,15.0,0.0
task-v2-835da0eb601e,g-64377640089a831f,v2-S3-b004-g-64377640089a831f,S3,D3,13,0.0003662109375,3.436268688912093,552091575.0,272470697.65,5239800.384615385,19.23076923076923,True,32.0,6788.0,172.0,172.0,True,True,2.0,1.599096068523989,1.625,1.2956680677433816,15.0,646.0445237861261,444.607888685943,537.7023418523589,631.0445237861261,4.28567130099734,5.375,9.395655020170008,906.2505710319259,2037.9919986382818,2951.15143896077,1,True,True,True,15.0,0.0
task-v2-404bfd76cc2e,g-64377640089a831f,v2-S3-b004-g-64377640089a831f,S3,D4,13,0.00048828125,3.311329952303793,550411575.0,271290857.65,5217111.153846154,19.23076923076923,True,32.0,6788.0,172.0,172.0,True,True,2.0,1.5972730309544834,1.625,1.2943877745017118,15.0,645.7309613241712,444.43292702843553,537.4730082403034,630.7309613241712,4.2814364848902775,5.375,9.391351346665164,905.8002602384879,2036.9793319175512,2949.685028468448,1,True,True,True,15.0,0.0
task-v2-e1d0a1367c62,g-64377640089a831f,v2-S3-b004-g-64377640089a831f,S3,D5,13,0.0006103515625,3.2144199392957367,546013755.0,268205957.65,5157786.153846154,19.23076923076923,True,32.0,6788.0,172.0,172.0,True,True,2.0,1.5925007743569104,1.625,1.2910402217647072,15.0,644.9101331893886,443.70024275403466,536.873006764511,629.9101331893886,4.270363810452493,5.375,9.380097921558205,904.6214591589655,2034.3284236093587,2945.846332402172,1,True,True,True,15.0,0.0
task-v2-7eefc621bd20,g-64377640089a831f,v2-S3-b004-g-64377640089a831f,S3,D6,13,0.000732421875,3.135238693248112,522652135.0,251909097.65,4844385.0,19.23076923076923,True,32.0,6788.0,172.0,172.0,True,True,2.0,1.5671501130804162,1.625,1.2733558241188911,15.0,640.5498194498316,440.1471559846814,533.9558313980199,625.5498194498316,4.211869264393256,5.375,9.331334278258892,898.3595605648005,2020.2465574686717,2925.454829613099,1,True,True,True,15.0,0.0
task-v2-8d35df6592f7,g-64377640089a831f,v2-S3-b004-g-64377640089a831f,S3,D7,13,0.0008544921875,3.0682919036174985,481770535.0,223781577.65,4303471.153846154,19.23076923076923,True,32.0,6788.0,172.0,172.0,True,True,2.0,1.5227877959961929,1.625,1.2428334873944764,15.0,632.9195009113452,433.0157827124285,528.6036951756175,617.9195009113452,4.110910765997114,5.375,9.239411874006628,887.4015690570532,1995.6040361530645,2889.7707777185046,1,True,True,True,15.0,0.0
task-v2-3f11ce371857,g-3ff7063ef9ea5cfb,v2-S4-b000-g-3ff7063ef9ea5cfb,S4,D1,16,1.52587890625e-05,4.816479930623699,1055896684.0,511061203.5,8811387.931034483,22.413793103448278,True,44.0,8186.0,172.0,172.0,True,True,2.0,1.787856833865498,1.5909090909090908,1.3813281260772552,16.0,678.8594505588612,467.6012238266254,554.9849376887419,662.8594505588612,4.096352373884274,4.717868338557993,8.636160039006423,951.9403670262604,2140.7400041372916,3099.9375600453263,1,True,True,True,16.0,0.0
task-v2-095187356858,g-3ff7063ef9ea5cfb,v2-S4-b000-g-3ff7063ef9ea5cfb,S4,D2,16,3.0517578125e-05,4.515449934959718,903976144.0,407163583.5,7020049.655172414,22.413793103448278,True,44.0,8186.0,172.0,172.0,True,True,2.0,1.6745012236572259,1.5909090909090908,1.303804849012237,16.0,661.5922851690771,458.2210612820505,542.653507562785,645.5922851690771,3.866455759139737,4.717868338557993,8.424545899135227,927.1427847562998,2084.974771135332,3019.185698542594,1,True,True,True,16.0,0.0
task-v2-0b71cbcaebc2,g-3ff7063ef9ea5cfb,v2-S4-b000-g-3ff7063ef9ea5cfb,S4,D3,16,4.57763671875e-05,4.339358675904037,875430692.0,388081203.5,6691043.1034482755,22.413793103448278,True,44.0,8186.0,172.0,172.0,True,True,2.0,1.653202010022415,1.5909090909090908,1.2895665187039973,8.0,658.3682494359821,456.2869366220806,540.4463958587303,650.3682494359821,3.824231745122199,4.717868338557993,8.386261475825354,934.0016040328579,2100.399002857266,3041.52103826496,1,True,True,True,8.0,0.0
task-v2-606c43f06406,g-3ff7063ef9ea5cfb,v2-S4-b000-g-3ff7063ef9ea5cfb,S4,D4,16,6.103515625e-05,4.214419939295737,866192792.0,381938703.5,6585137.931034483,22.413793103448278,True,44.0,8186.0,172.0,172.0,True,True,2.0,1.6463091449000096,1.5909090909090908,1.2849832883145824,8.0,657.3264150968276,455.65754538945225,539.6909075815141,649.3264150968276,3.8106400963811753,4.717868338557993,8.37366639209564,932.5054133059111,2097.0343432063682,3036.6487815647397,1,True,True,True,8.0,0.0
task-v2-9f1427c2fbd8,g-3ff7063ef9ea5cfb,v2-S4-b000-g-3ff7063ef9ea5cfb,S4,D5,16,9.1552734375e-05,4.038328680240055,708289592.0,279752703.5,4823310.344827586,22.413793103448278,True,44.0,8186.0,172.0,172.0,True,True,2.0,1.5284895690227855,1.5909090909090908,1.2087371376311888,8.0,639.6487403601338,441.86295630583027,527.7221080352454,631.6487403601338,3.5845308219407666,4.717868338557993,8.169941982292006,907.118293664136,2039.943348340018,2953.977126443372,2,True,True,True,8.0,0.0
task-v2-07b8f456a957,g-3ff7063ef9ea5cfb,v2-S4-b000-g-3ff7063ef9ea5cfb,S4,D6,16,0.0001220703125,3.9133899436317554,651398552.0,244441023.5,4214488.275862069,22.413793103448278,True,44.0,8186.0,172.0,172.0,True,True,2.0,1.486040282345795,1.5909090909090908,1.1823893045213327,8.0,633.3495254717899,434.80302160269343,523.7099497762467,625.3495254717899,3.506395868580504,4.717868338557993,8.101062691787302,898.0719159927733,2019.599697367303,2924.518132059705,2,True,True,True,8.0,0.0
task-v2-b5e00db3fe1a,g-3ff7063ef9ea5cfb,v2-S4-b000-g-3ff7063ef9ea5cfb,S4,D7,16,0.0001373291015625,3.8622374211843744,628097892.0,230249683.5,3969810.0,22.413793103448278,True,44.0,8186.0,172.0,172.0,True,True,2.0,1.4686544796587095,1.5909090909090908,1.1718004269056195,8.0,630.7821691689151,431.40555112667926,522.0946026004061,622.7821691689151,3.474994369444251,4.717868338557993,8.073731265600504,894.384904969267,2011.3082830443957,2912.5115985078473,2,True,True,True,8.0,0.0
task-v2-59a464f36e13,g-bd62d2d752385cc7,v2-S4-b001-g-bd62d2d752385cc7,S4,D1,16,1.52587890625e-05,4.816479930623699,1517631991.0,688200107.0,10587678.76923077,20.0,True,44.0,10038.0,172.0,172.0,True,True,2.0,1.7530809205155893,1.5909090909090908,1.3414992345683334,19.0,680.8026456014086,469.64445530555884,553.5575460427467,661.8026456014086,3.5498133591654364,4.20979020979021,7.5672985558417984,950.4226768157272,2137.3269960749008,3094.995291547099,1,True,True,True,19.0,0.0
task-v2-a2561503b5d0,g-bd62d2d752385cc7,v2-S4-b001-g-bd62d2d752385cc7,S4,D2,16,3.0517578125e-05,4.515449934959718,1271376157.0,525928667.0,8091195.076923077,20.0,True,44.0,10038.0,172.0,172.0,True,True,2.0,1.6308834657034095,1.5909090909090908,1.2609766489650545,13.0,659.7846833737137,459.5954027706556,540.7782854268597,646.7846833737137,3.3367382095690674,4.20979020979021,7.374161614347736,928.8552020471844,2088.82568483261,3024.7620842725814,1,True,True,True,13.0,0.0
task-v2-f6d986d24578,g-bd62d2d752385cc7,v2-S4-b001-g-bd62d2d752385cc7,S4,D3,16,4.57763671875e-05,4.339358675904037,1259286077.0,518162987.0,7971723.076923077,20.0,True,44.0,10038.0,172.0,172.0,True,True,2.0,1.6248841074568166,1.5909090909090908,1.2571231511926326,13.0,658.7527937552998,459.0486857550713,540.1601095120905,645.7527937552998,3.326541261617428,4.20979020979021,7.3649539051695365,927.373293052366,2085.4931421885694,3019.9363351892043,1,True,True,True,13.0,0.0
task-v2-5d31ef4af595,g-bd62d2d752385cc7,v2-S4-b001-g-bd62d2d752385cc7,S4,D4,16,6.103515625e-05,4.214419939295737,1075166057.0,402664367.0,6194821.230769231,20.0,True,44.0,10038.0,172.0,172.0,True,True,2.0,1.533519785603708,1.5909090909090908,1.1998102468638698,13.0,643.0381303965651,448.9436502413357,531.165756884151,630.0381303965651,3.174882499393625,4.20979020979021,7.23411161200228,904.8052774756164,2034.7417974272764,2946.444925889483,1,True,True,True,13.0,0.0
task-v2-5b5a3995de2b,g-bd62d2d752385cc7,v2-S4-b001-g-bd62d2d752385cc7,S4,D5,16,7.62939453125e-05,4.11750992628768,1052121757.0,388610267.0,5978604.307692308,20.0,True,44.0,10038.0,172.0,172.0,True,True,2.0,1.5220847073211852,1.5909090909090908,1.1928362995671242,13.0,641.0712969319711,447.35111268865705,530.108045146713,628.0712969319711,3.1564283619314675,4.20979020979021,7.219082410188508,901.9806844663646,2028.3898036892642,2937.2468056452767,1,True,True,True,13.0,0.0
task-v2-cf1a83d8dbf9,g-bd62d2d752385cc7,v2-S4-b001-g-bd62d2d752385cc7,S4,D6,16,9.1552734375e-05,4.038328680240055,1043725097.0,383513807.0,5900197.230769231,20.0,True,44.0,10038.0,172.0,172.0,True,True,2.0,1.5179181036746554,1.5909090909090908,1.1903073262824617,13.0,640.354641104768,446.74324932745424,529.7292285258708,627.354641104768,3.149736309547437,4.20979020979021,7.213736401803838,900.951486480873,2026.075325413065,2933.8952832154473,1,True,True,True,13.0,0.0
task-v2-e243a3cd3e64,g-bd62d2d752385cc7,v2-S4-b001-g-bd62d2d752385cc7,S4,D7,16,0.0001220703125,3.9133899436317554,953305897.0,329510607.0,5069378.769230769,20.0,True,44.0,10038.0,172.0,172.0,True,True,2.0,1.4730501480308282,1.5909090909090908,1.1635097746316538,13.0,632.6373527340297,439.2501196737526,525.6841625191838,619.6373527340297,3.078825865179146,4.20979020979021,7.154085946935087,889.8685965591945,2001.151930378455,2897.804507015481,1,True,True,True,13.0,0.0
task-v2-00b7b12999ba,g-28cd30a80498cca2,v2-S4-b002-g-28cd30a80498cca2,S4,D1,16,1.52587890625e-05,4.816479930623699,525313974.0,244301319.0,3490007.1428571427,17.142857142857142,True,38.0,6529.0,172.0,172.0,True,True,2.0,1.6161612782594361,1.631578947368421,1.2865504025878298,23.0,673.7165819658862,466.47719597562684,550.6596014164224,650.7165819658862,3.1612381320729535,4.009022556390978,6.913580510724897,934.5018485357983,2101.5239613697827,3043.150054931955,1,True,True,True,23.0,0.0
task-v2-26d674ac9727,g-28cd30a80498cca2,v2-S4-b002-g-28cd30a80498cca2,S4,D2,16,3.0517578125e-05,4.515449934959718,509849494.0,233792039.0,3339874.5714285714,17.142857142857142,True,38.0,6529.0,172.0,172.0,True,True,2.0,1.5980223347459703,1.631578947368421,1.2742236230073205,23.0,670.5966836815701,464.25844004227827,548.8211486022159,647.5966836815701,3.1309494736751304,4.009022556390978,6.889335577974354,930.0213253791133,2091.4480832021804,3028.559496002881,1,True,True,True,23.0,0.0
task-v2-d4d85eef1fda,g-28cd30a80498cca2,v2-S4-b002-g-28cd30a80498cca2,S4,D3,16,4.57763671875e-05,4.339358675904037,478634755.0,212813699.0,3040184.0,17.142857142857142,True,38.0,6529.0,172.0,172.0,True,True,2.0,1.5614092442542422,1.631578947368421,1.2496172395876206,22.0,664.2992321169928,459.43229386067776,545.2523500461762,642.2992321169928,3.0704880744152967,4.009022556390978,6.838501565562225,922.4135919713209,2074.3396803956593,3003.7853616615685,1,True,True,True,22.0,0.0
task-v2-45bf90adfb6d,g-28cd30a80498cca2,v2-S4-b002-g-28cd30a80498cca2,S4,D4,16,6.103515625e-05,4.214419939295737,432451479.0,182408819.0,2605828.5714285714,17.142857142857142,True,38.0,6529.0,172.0,172.0,True,True,2.0,1.507238919278131,1.631578947368421,1.213954068187502,18.0,654.9819362211017,450.8203009189582,540.1857970786966,636.9819362211017,2.9828585675464336,4.009022556390978,6.769211791028972,914.7773598825211,2057.1671892611175,2978.918423049393,1,True,True,True,18.0,0.0
task-v2-980575647e27,g-28cd30a80498cca2,v2-S4-b002-g-28cd30a80498cca2,S4,D5,16,7.62939453125e-05,4.11750992628768,429295263.0,180360999.0,2576574.0,17.142857142857142,True,38.0,6529.0,172.0,172.0,True,True,2.0,1.5035368551740633,1.631578947368421,1.2115520933842274,14.0,654.345181195202,450.14887292512435,539.8506087985647,640.345181195202,2.9769565723155305,4.009022556390978,6.764363325226463,919.6073561243262,2068.028968562446,2994.647020431624,1,True,True,True,14.0,0.0
task-v2-36c69f7819b3,g-28cd30a80498cca2,v2-S4-b002-g-28cd30a80498cca2,S4,D6,16,9.1552734375e-05,4.038328680240055,375152703.0,145908839.0,2084400.2857142857,17.142857142857142,True,38.0,6529.0,172.0,172.0,True,True,2.0,1.4400307536100643,1.631578947368421,1.171141695869608,14.0,643.4221317261943,436.87210069829024,534.1037806093859,629.4221317261943,2.8776624527081793,4.009022556390978,6.686234274305249,903.9206344342205,2032.7523968159608,2943.5641380941056,1,True,True,True,14.0,0.0
task-v2-05a98ad7eaff,g-28cd30a80498cca2,v2-S4-b002-g-28cd30a80498cca2,S4,D7,16,0.0001220703125,3.9133899436317554,334399903.0,120934439.0,1727623.142857143,17.142857142857142,True,38.0,6529.0,172.0,172.0,True,True,2.0,1.3922300686070401,1.631578947368421,1.1418481644425764,14.0,635.200413905674,423.94891702357836,530.0401429549294,621.200413905674,2.805684061201759,4.009022556390978,6.630354941969723,892.113327360219,2006.1999199277202,2905.1143402396183,1,True,True,True,14.0,0.0
task-v2-9e1a55247e55,g-f6afb3a3727100d3,v2-S4-b003-g-f6afb3a3727100d3,S4,D1,16,1.52587890625e-05,4.816479930623699,544760701.0,293264173.0,4582236.171875,17.1875,True,36.0,5882.0,172.0,172.0,True,True,2.0,1.7872715426509405,1.6111111111111112,1.4238160575761714,8.0,712.3596835206388,477.4721222138791,574.6572473667624,704.3596835206388,3.8265056547359606,4.329861111111112,8.048827710089709,1011.5393468160217,2274.767223342497,3294.018116338793,1,True,True,True,8.0,0.0
task-v2-eb5609efbad0,g-f6afb3a3727100d3,v2-S4-b003-g-f6afb3a3727100d3,S4,D2,16,3.0517578125e-05,4.515449934959718,541425661.0,290818573.0,4544023.671875,17.1875,True,36.0,5882.0,172.0,172.0,True,True,2.0,1.7824518315029538,1.6111111111111112,1.420281741470962,8.0,711.5477152649712,477.04522389570445,574.055947798101,703.5477152649712,3.817007180203211,4.329861111111112,8.039450016326604,1010.3732695146236,2272.144928487182,3290.220854504197,1,True,True,True,8.0,0.0
task-v2-41fa72c23442,g-f6afb3a3727100d3,v2-S4-b003-g-f6afb3a3727100d3,S4,D3,16,4.57763671875e-05,4.339358675904037,519589661.0,274875113.0,4294907.109375,17.1875,True,36.0,5882.0,172.0,172.0,True,True,2.0,1.7508950247997541,1.6111111111111112,1.3972406769261647,8.0,706.2327156713538,474.2405475626664,570.3246958915158,698.2327156713538,3.7550843192390677,4.329861111111112,7.980896184926763,1002.7403351729216,2254.9798533834974,3265.3646548105985,1,True,True,True,8.0,0.0
task-v2-e6a20043db41,g-f6afb3a3727100d3,v2-S4-b003-g-f6afb3a3727100d3,S4,D4,16,6.103515625e-05,4.214419939295737,517756361.0,273542123.0,4274079.140625,17.1875,True,36.0,5882.0,172.0,172.0,True,True,2.0,1.7482455883769212,1.6111111111111112,1.3953142752148946,8.0,705.7865875163814,474.0111112676328,569.9804181089658,697.7865875163814,3.7499071146400293,4.329861111111112,7.975603164481456,1002.0996452057993,2253.5390586757862,3263.2782857876828,1,True,True,True,8.0,0.0
task-v2-db534d0b262a,g-f6afb3a3727100d3,v2-S4-b003-g-f6afb3a3727100d3,S4,D5,16,9.1552734375e-05,4.038328680240055,481574461.0,247422013.0,3865952.421875,17.1875,True,36.0,5882.0,172.0,172.0,True,True,2.0,1.695956468370761,1.6111111111111112,1.3575661866301574,8.0,696.9854209492776,469.0610330025063,563.7406463302377,688.9854209492776,3.648459126568548,4.329861111111112,7.879807708230075,989.4601848721127,2225.1152211075205,3222.1186300106133,1,True,True,True,8.0,0.0
task-v2-6372d6a2314d,g-f6afb3a3727100d3,v2-S4-b003-g-f6afb3a3727100d3,S4,D6,16,0.0001220703125,3.9133899436317554,428554301.0,209855873.0,3278981.484375,17.1875,True,36.0,5882.0,172.0,172.0,True,True,2.0,1.6193331426475184,1.6111111111111112,1.3032765997751774,8.0,684.1019672484139,460.6139994695677,554.814556567678,676.1019672484139,3.502555861895789,4.329861111111112,7.741880723504939,970.9581032706119,2183.507419173586,3161.867694466524,1,True,True,True,8.0,0.0
task-v2-cb6317a18cf3,g-f6afb3a3727100d3,v2-S4-b003-g-f6afb3a3727100d3,S4,D7,16,0.000152587890625,3.816479930623699,291543961.0,117929023.0,1842624.453125,17.1875,True,36.0,5882.0,172.0,172.0,True,True,2.0,1.421329441616208,1.6111111111111112,1.170426359974662,8.0,650.9081364278131,424.7237376185846,533.6348197173141,642.9081364278131,3.1455208424319046,4.329861111111112,7.411315046195643,923.2880467183076,2076.3061693938407,3006.632971878175,1,True,True,True,8.0,0.0
task-v2-9bb6197d70f9,g-2fa0de1665fa7816,v2-S4-b004-g-2fa0de1665fa7816,S4,D1,16,1.52587890625e-05,4.816479930623699,673033378.0,322887146.5,5381441.333333333,18.333333333333332,True,38.0,6978.0,172.0,172.0,True,True,2.0,1.691104627153546,1.5789473684210527,1.331556796321995,24.0,662.5542063967257,464.63215190609833,544.9908357152312,638.5542063967257,3.817129482789719,4.526315789473684,8.153290601870863,917.0353158440543,2062.244919780661,2986.2713232273213,1,True,True,True,24.0,0.0
task-v2-d50991f4f8ba,g-2fa0de1665fa7816,v2-S4-b004-g-2fa0de1665fa7816,S4,D2,16,3.0517578125e-05,4.515449934959718,638677387.0,299229146.5,4987141.333333333,18.333333333333332,True,38.0,6978.0,172.0,172.0,True,True,2.0,1.6558260819061932,1.5789473684210527,1.3072635193554718,15.0,656.486296614181,461.2259703176782,541.2087647340743,641.486296614181,3.7474887554856857,4.526315789473684,8.092114641744262,921.2461255947567,2071.714261764024,2999.983576385767,1,True,True,True,15.0,0.0
task-v2-51e0b98b7ef5,g-2fa0de1665fa7816,v2-S4-b004-g-2fa0de1665fa7816,S4,D3,16,4.57763671875e-05,4.339358675904037,624292753.0,289408986.5,4823472.0,18.333333333333332,True,38.0,6978.0,172.0,172.0,True,True,2.0,1.6410551780434943,1.5789473684210527,1.2971796632925936,9.0,653.9457011497968,459.7197313255631,539.6848427356339,644.9457011497968,3.7185817014387683,4.526315789473684,8.065159170925009,926.2142177303518,2082.8865935059084,3016.161874886762,1,True,True,True,9.0,0.0
task-v2-41f38ee1e3c2,g-2fa0de1665fa7816,v2-S4-b004-g-2fa0de1665fa7816,S4,D4,16,6.103515625e-05,4.214419939295737,610955953.0,280351386.5,4672512.0,18.333333333333332,True,38.0,6978.0,172.0,172.0,True,True,2.0,1.6273602513274943,1.5789473684210527,1.2878788438889255,9.0,651.5901737546449,458.2733582538152,538.274060454911,642.5901737546449,3.691919352481586,4.526315789473684,8.041987270957428,922.8314167290372,2075.279291955947,3005.1459832979926,1,True,True,True,9.0,0.0
task-v2-7a2c20a84cd2,g-2fa0de1665fa7816,v2-S4-b004-g-2fa0de1665fa7816,S4,D5,16,7.62939453125e-05,4.11750992628768,512680753.0,215168666.5,3586133.3333333335,18.333333333333332,True,38.0,6978.0,172.0,172.0,True,True,2.0,1.52644611435309,1.5789473684210527,1.2209458034632203,9.0,634.2329421950473,445.04320169858096,527.9506541794221,625.2329421950473,3.500044636594565,4.526315789473684,7.878193799258593,897.9044893578239,2019.2231854474294,2923.972917115356,1,True,True,True,9.0,0.0
task-v2-c4754bf838d1,g-2fa0de1665fa7816,v2-S4-b004-g-2fa0de1665fa7816,S4,D6,16,9.1552734375e-05,4.038328680240055,512478253.0,215037486.5,3583947.0,18.333333333333332,True,38.0,6978.0,172.0,172.0,True,True,2.0,1.526238176717376,1.5789473684210527,1.2208111009493785,9.0,634.1971769217045,445.00302701427336,527.9271956924821,625.1971769217045,3.499658489388218,4.526315789473684,7.877827547986414,897.8531264219797,2019.107679586663,2923.8056567495464,1,True,True,True,9.0,0.0
task-v2-aefa943bb0f9,g-2fa0de1665fa7816,v2-S4-b004-g-2fa0de1665fa7816,S4,D7,16,0.0001220703125,3.9133899436317554,407705873.0,149277146.5,2487941.3333333335,18.333333333333332,True,38.0,6978.0,172.0,172.0,True,True,2.0,1.4186523940737958,1.5789473684210527,1.1532849299698902,9.0,615.6924223070087,422.59370393162453,518.175154818771,606.6924223070087,3.3060834659136855,4.526315789473684,7.723401882145297,871.2782274976411,1959.3455860734382,2837.266068574174,1,True,True,True,9.0,0.0
task-v2-4746dcc3bd93,g-a87f1b9ac089cc45,v2-S5-b000-g-a87f1b9ac089cc45,S5,D1,19,1.9073486328125e-06,5.719569917615643,990670661.0,458499635.45,7277760.0,23.80952380952381,True,56.0,8055.0,172.0,172.0,True,True,2.0,1.763426859336475,1.5357142857142856,1.3533272993976468,5.0,668.207067908528,464.5058760211955,536.6977359304907,663.207067908528,3.694798341212623,4.192743764172335,7.6079865910023985,952.4395844503274,2141.862652937028,3101.5632320906548,1,True,True,True,5.0,0.0
task-v2-7d4ec5aed494,g-a87f1b9ac089cc45,v2-S5-b000-g-a87f1b9ac089cc45,S5,D2,19,3.814697265625e-06,5.418539921951662,955240201.0,434499175.45,6896800.317460317,23.80952380952381,True,56.0,8055.0,172.0,172.0,True,True,2.0,1.7361235238338533,1.5357142857142856,1.3348321228857625,5.0,663.541194269005,462.3608114266614,533.7893343887491,658.541194269005,3.6443035735928753,4.192743764172335,7.561809796166048,945.7388676374935,2126.793964777034,3079.742743699959,1,True,True,True,5.0,0.0
task-v2-7133b996bac7,g-a87f1b9ac089cc45,v2-S5-b000-g-a87f1b9ac089cc45,S5,D3,19,5.7220458984375e-06,5.24244866289598,953582281.0,433381255.45,6879055.555555556,23.80952380952381,True,56.0,8055.0,172.0,172.0,True,True,2.0,1.7348459015281734,1.5357142857142856,1.3339706340757078,5.0,663.322874731653,462.2589896569597,533.6579593611514,658.322874731653,3.6419515723971707,4.192743764172335,7.5596391931196685,945.4253363446369,2126.088890168985,3078.7217475696957,1,True,True,True,5.0,0.0
task-v2-b9b3757d64c0,g-a87f1b9ac089cc45,v2-S5-b000-g-a87f1b9ac089cc45,S5,D4,19,7.62939453125e-06,5.11750992628768,947790901.0,429479875.45,6817128.888888889,23.80952380952381,True,56.0,8055.0,172.0,172.0,True,True,2.0,1.730382962261701,1.5357142857142856,1.3309641620439243,5.0,662.5602594251072,461.9013239953198,533.1828591015468,657.5602594251072,3.633743426532619,4.192743764172335,7.5521263101354075,944.3301354024147,2123.6259832991905,3075.155290411042,1,True,True,True,5.0,0.0
task-v2-11173062a501,g-a87f1b9ac089cc45,v2-S5-b000-g-a87f1b9ac089cc45,S5,D5,19,1.1444091796875e-05,4.941418667231999,757189961.0,304668935.45,4836002.857142857,23.80952380952381,True,56.0,8055.0,172.0,172.0,True,True,2.0,1.5835025262770963,1.5357142857142856,1.234782656943014,5.0,637.471228757995,448.7064515418856,518.2872946066071,632.471228757995,3.371152650701562,4.192743764172335,7.318353701380799,908.299479067278,2042.599618556511,2957.8235869186383,1,True,True,True,5.0,0.0
task-v2-c95d7e1ff6e7,g-a87f1b9ac089cc45,v2-S5-b000-g-a87f1b9ac089cc45,S5,D6,19,1.52587890625e-05,4.816479930623699,626306101.0,223915075.45,3554195.5555555555,23.80952380952381,True,56.0,8055.0,172.0,172.0,True,True,2.0,1.482641122234976,1.5357142857142856,1.1725523124114512,5.0,620.2559581074667,434.3839529984637,509.05427667273966,615.2559581074667,3.2012539322979303,4.192743764172335,7.1739253976002955,883.5764234516363,1987.0019823870855,2877.3144170623054,1,True,True,True,5.0,0.0
task-v2-f5c9b9bdeb27,g-a87f1b9ac089cc45,v2-S5-b000-g-a87f1b9ac089cc45,S5,D7,19,1.9073486328125e-05,4.719569917615643,551041801.0,179880775.45,2855238.412698413,23.80952380952381,True,56.0,8055.0,172.0,172.0,True,True,2.0,1.4246411291705343,1.5357142857142856,1.1386187065106783,5.0,610.3627476722257,421.7507849397574,504.21146557615475,605.3627476722257,3.108609801902169,4.192743764172335,7.100283361675851,869.3686658872671,1955.051330811985,2831.047694015996,1,True,True,True,5.0,0.0
task-v2-420d9636beee,g-e0c69f84d376b633,v2-S5-b001-g-e0c69f84d376b633,S5,D1,19,1.9073486328125e-06,5.719569917615643,719282472.0,360741349.65,4941646.301369863,20.54794520547945,True,48.0,6411.0,172.0,172.0,True,True,2.0,1.8750171072808808,1.625,1.4388468326537014,11.0,755.1696091189781,494.0368168132575,588.3306004633083,744.1696091189781,3.390159660499132,3.828767123287671,7.103987921567867,1068.7108560302606,2403.3355046248143,3480.1937581296065,1,True,True,True,11.0,0.0
task-v2-e449b07a1126,g-e0c69f84d376b633,v2-S5-b001-g-e0c69f84d376b633,S5,D2,19,3.814697265625e-06,5.418539921951662,696910472.0,344949349.65,4725317.534246575,20.54794520547945,True,48.0,6411.0,172.0,172.0,True,True,2.0,1.8478011721440502,1.625,1.419635584321821,11.0,750.4884682754432,491.8460725299246,585.1349656860488,739.4884682754432,3.3448948014157973,3.828767123287671,7.060413228589608,1061.9882138035575,2388.2175102139217,3458.3018709241037,1,True,True,True,11.0,0.0
task-v2-6e79cb6720c5,g-e0c69f84d376b633,v2-S5-b001-g-e0c69f84d376b633,S5,D3,19,5.7220458984375e-06,5.24244866289598,677217512.0,331136389.65,4536098.904109589,20.54794520547945,True,48.0,6411.0,172.0,172.0,True,True,2.0,1.8238443367242305,1.625,1.402831873280893,11.0,746.3678925832343,489.93544554850615,582.35652340613,735.3678925832343,3.3053024959495017,3.828767123287671,7.022415189467575,1056.0706058800472,2374.909890903448,3439.031530361683,1,True,True,True,11.0,0.0
task-v2-526a936f38d9,g-e0c69f84d376b633,v2-S5-b001-g-e0c69f84d376b633,S5,D4,19,7.62939453125e-06,5.11750992628768,671411014.0,327079889.65,4480530.410958904,20.54794520547945,True,48.0,6411.0,172.0,172.0,True,True,2.0,1.816780626400075,1.625,1.397897069021884,9.0,745.1529344074795,489.3747865113843,581.5537792754084,736.1529344074795,3.293675285914576,3.828767123287671,7.0113097556781625,1057.1980138119593,2377.4452254101307,3442.702867679319,1,True,True,True,9.0,0.0
task-v2-89b7591232ff,g-e0c69f84d376b633,v2-S5-b001-g-e0c69f84d376b633,S5,D5,19,1.1444091796875e-05,4.941418667231999,649802295.0,312051169.65,4274657.534246575,20.54794520547945,True,48.0,6411.0,172.0,172.0,True,True,2.0,1.7904932349326188,1.625,1.3796143643593777,8.0,740.631503075077,487.2934690536584,578.5249674575418,732.631503075077,3.2505982283536023,3.828767123287671,6.969654150699092,1052.1408442533163,2366.072574814683,3426.2344938132887,1,True,True,True,8.0,0.0
task-v2-5f165c277bb9,g-e0c69f84d376b633,v2-S5-b001-g-e0c69f84d376b633,S5,D6,19,1.52587890625e-05,4.816479930623699,585147915.0,267766789.65,3668022.191780822,20.54794520547945,True,48.0,6411.0,172.0,172.0,True,True,2.0,1.7118400339496043,1.625,1.3257416299746665,8.0,727.1031525059985,480.98750745853175,569.6099569654413,719.1031525059985,3.1236652103512688,3.828767123287671,6.848793692148684,1032.712618563646,2322.382043995815,3362.967624767083,1,True,True,True,8.0,0.0
task-v2-780e1209d403,g-e0c69f84d376b633,v2-S5-b001-g-e0c69f84d376b633,S5,D7,19,2.288818359375e-05,4.640388671568018,456970295.0,183619169.65,2515315.0684931506,20.54794520547945,True,48.0,6411.0,172.0,172.0,True,True,2.0,1.5559096838730209,1.625,1.2233745564971645,8.0,700.2831322928262,465.4678810437517,552.8727430603076,692.2831322928262,2.8824715577741413,3.828767123287671,6.621981564114754,994.1960674850521,2235.7653560483136,3237.5407519211253,1,True,True,True,8.0,0.0
task-v2-5ae92cb9d249,g-4a80ed839b63ddd7,v2-S5-b002-g-4a80ed839b63ddd7,S5,D1,19,1.9073486328125e-06,5.719569917615643,1824051773.0,837736731.65,13962261.333333334,21.666666666666668,True,44.0,10435.0,172.0,172.0,True,True,2.0,1.8375713942311556,1.5909090909090908,1.3846733595541707,10.0,703.9713707168496,478.3722999394423,558.227980298994,693.9713707168496,3.9693969640552895,4.5606060606060606,8.381713158654419,996.6205668319917,2241.2176122208425,3245.4359907934527,1,True,True,True,10.0,0.0
task-v2-dcffea5b9a3e,g-4a80ed839b63ddd7,v2-S5-b002-g-4a80ed839b63ddd7,S5,D2,19,3.814697265625e-06,5.418539921951662,1753317153.0,790025551.65,13167075.0,21.666666666666668,True,44.0,10435.0,172.0,172.0,True,True,2.0,1.8050913118354914,1.5909090909090908,1.3627652322807882,10.0,698.3847965447953,475.83980358783435,554.637168291403,688.3847965447953,3.9065936658715925,4.5606060606060606,8.322072315924737,988.5976209974244,2223.175472509153,3219.3097417170775,1,True,True,True,10.0,0.0
task-v2-004cf44adcd0,g-4a80ed839b63ddd7,v2-S5-b002-g-4a80ed839b63ddd7,S5,D3,19,5.7220458984375e-06,5.24244866289598,1674451773.0,737384731.65,12289728.0,21.666666666666668,True,44.0,10435.0,172.0,172.0,True,True,2.0,1.7688777287192556,1.5909090909090908,1.3385935017904664,10.0,692.1560602488029,473.06314510041545,550.7105687380077,682.1560602488029,3.8373013717993367,4.5606060606060606,8.256378813373837,979.6524584735776,2203.059435915255,3190.180348481022,1,True,True,True,10.0,0.0
task-v2-676c7042f456,g-4a80ed839b63ddd7,v2-S5-b002-g-4a80ed839b63ddd7,S5,D4,19,7.62939453125e-06,5.11750992628768,1638051778.0,713296731.65,11888261.333333334,21.666666666666668,True,44.0,10435.0,172.0,172.0,True,True,2.0,1.7521634945973763,1.5909090909090908,1.327532719605636,5.0,689.2812119798396,471.788962013657,548.9030470002886,684.2812119798396,3.805593796202823,4.5606060606060606,8.226545482625145,982.704414234522,2209.9227269517733,3200.1188620924395,1,True,True,True,5.0,0.0
task-v2-d5cf4ef0cd21,g-4a80ed839b63ddd7,v2-S5-b002-g-4a80ed839b63ddd7,S5,D5,19,1.1444091796875e-05,4.941418667231999,1507196998.0,627873231.65,10464536.333333334,21.666666666666668,True,44.0,10435.0,172.0,172.0,True,True,2.0,1.6920773014960846,1.5909090909090908,1.2883077641520546,5.0,678.9463867664174,467.20836292405886,542.5378110587743,673.9463867664174,3.6931489239025566,4.5606060606060606,8.120504444936419,967.8624484172997,2176.545856860404,3151.7868773427617,1,True,True,True,5.0,0.0
task-v2-6bb369c86974,g-4a80ed839b63ddd7,v2-S5-b002-g-4a80ed839b63ddd7,S5,D6,19,1.52587890625e-05,4.816479930623699,1482988198.0,612282831.65,10204696.333333334,21.666666666666668,True,44.0,10435.0,172.0,172.0,True,True,2.0,1.6809610500947176,1.5909090909090908,1.2811489291066218,5.0,677.0343915253823,466.3485871719719,541.3955788289345,672.0343915253823,3.672626930105649,4.5606060606060606,8.101196752632472,965.1166092352998,2170.3709660947175,3142.8452142838496,1,True,True,True,5.0,0.0
task-v2-8ea177161d6a,g-4a80ed839b63ddd7,v2-S5-b002-g-4a80ed839b63ddd7,S5,D7,19,2.288818359375e-05,4.640388671568018,1129506278.0,393740431.65,6562323.0,21.666666666666668,True,44.0,10435.0,172.0,172.0,True,True,2.0,1.518648424580118,1.5909090909090908,1.1807981368220777,5.0,649.1166199368712,450.5005986220306,525.4285391744767,644.1166199368712,3.384954658889956,4.5606060606060606,7.838056941201788,925.023564306822,2080.2090314409907,3012.284582362518,1,True,True,True,5.0,0.0
task-v2-0880cdc8b47d,g-b9a8415aa1799cc5,v2-S5-b003-g-b9a8415aa1799cc5,S5,D1,19,1.9073486328125e-06,5.719569917615643,1179650061.0,615385286.2,11611022.264150944,30.18867924528302,True,60.0,8134.0,172.0,172.0,True,True,2.0,1.8914851308204974,1.5333333333333332,1.4650589381003185,12.0,697.7883334888104,469.5559074167743,552.4230859942128,685.7883334888104,4.754530893457638,4.9761006289308165,9.54464892597376,984.8688094184381,2214.790056372255,3207.1670871260753,1,True,True,True,12.0,0.0
task-v2-8ac52cd83f67,g-b9a8415aa1799cc5,v2-S5-b003-g-b9a8415aa1799cc5,S5,D2,19,3.814697265625e-06,5.418539921951662,1124102241.0,575451026.2,10857545.660377359,30.18867924528302,True,60.0,8134.0,172.0,172.0,True,True,2.0,1.8495064595732327,1.5333333333333332,1.434879766855744,12.0,690.6916948706898,466.13466176130976,547.4266720002454,678.6916948706898,4.6565909414941125,4.9761006289308165,9.450502588872874,974.6772420128731,2191.8710828675285,3173.978850036248,1,True,True,True,12.0,0.0
task-v2-e0ae4ea7992e,g-b9a8415aa1799cc5,v2-S5-b003-g-b9a8415aa1799cc5,S5,D3,19,5.7220458984375e-06,5.24244866289598,1013890061.0,497404486.2,9384969.433962265,30.18867924528302,True,60.0,8134.0,172.0,172.0,True,True,2.0,1.7662167666264281,1.5333333333333332,1.3758983334773234,12.0,676.6206884451844,459.3923708673303,537.6995720011663,664.6206884451844,4.465179497322635,4.9761006289308165,9.266897518077414,954.4697017721309,2146.4280159727955,3108.174189200097,1,True,True,True,12.0,0.0
task-v2-f09582cc278a,g-b9a8415aa1799cc5,v2-S5-b003-g-b9a8415aa1799cc5,S5,D4,19,7.62939453125e-06,5.11750992628768,991515685.0,481770386.2,9089986.41509434,30.18867924528302,True,60.0,8134.0,172.0,172.0,True,True,2.0,1.7493079708828438,1.5333333333333332,1.3640833109589445,8.0,673.7657730312568,458.00299910905017,535.755000755419,665.7657730312568,4.426836405376197,4.9761006289308165,9.230186812128848,956.1141714107893,2150.1261278115257,3113.529307415281,1,True,True,True,8.0,0.0
task-v2-d6122c14c280,g-b9a8415aa1799cc5,v2-S5-b003-g-b9a8415aa1799cc5,S5,D5,19,1.1444091796875e-05,4.941418667231999,805690245.0,355157026.2,6701055.094339622,30.18867924528302,True,60.0,8134.0,172.0,172.0,True,True,2.0,1.608875726104591,1.5333333333333332,1.2683988967919873,8.0,650.0805134237567,444.9145558753545,520.1808725441349,642.0805134237567,4.116313400909846,4.9761006289308165,8.93774797561739,922.099487445936,2073.6333166923605,3002.7624988334455,1,True,True,True,8.0,0.0
task-v2-0ec069828687,g-b9a8415aa1799cc5,v2-S5-b003-g-b9a8415aa1799cc5,S5,D6,19,1.52587890625e-05,4.816479930623699,730842565.0,306075986.2,5774997.735849056,30.18867924528302,True,60.0,8134.0,172.0,172.0,True,True,2.0,1.5523117393929526,1.5333333333333332,1.2313073089918927,8.0,640.5556346852866,437.87979907144734,514.2395712672097,632.5556346852866,3.9959407008793497,4.9761006289308165,8.826726672588837,908.4206954266998,2042.8722120074858,2958.218320831055,1,True,True,True,8.0,0.0
task-v2-66ecfca58e61,g-b9a8415aa1799cc5,v2-S5-b003-g-b9a8415aa1799cc5,S5,D7,19,1.9073486328125e-05,4.719569917615643,683750245.0,275877026.2,5205206.037735849,30.18867924528302,True,60.0,8134.0,172.0,172.0,True,True,2.0,1.5167230696746632,1.5333333333333332,1.2084853114076615,8.0,634.5682150872324,432.4798587137867,510.57119842950226,626.5682150872324,3.9218768596626,4.9761006289308165,8.758694356868828,899.8220906924586,2023.53552058021,2930.217472560564,1,True,True,True,8.0,0.0
task-v2-0b36d078e255,g-ad76642cd3b9f76c,v2-S5-b004-g-ad76642cd3b9f76c,S5,D1,19,1.9073486328125e-06,5.719569917615643,800620145.0,385794439.3,6651608.275862069,22.413793103448278,True,46.0,7126.0,172.0,172.0,True,True,2.0,1.788322700906162,1.5652173913043477,1.3798682769528623,16.0,675.6142687260427,469.50162229920625,543.0317775444195,659.6142687260427,4.092023166136075,4.64167916041979,8.440145269626951,947.2799226705291,2130.2595160574174,3084.7610983621607,1,True,True,True,16.0,0.0
task-v2-f27d61c02d71,g-ad76642cd3b9f76c,v2-S5-b004-g-ad76642cd3b9f76c,S5,D2,19,3.814697265625e-06,5.418539921951662,778254445.0,370317339.3,6384761.724137931,22.413793103448278,True,46.0,7126.0,172.0,172.0,True,True,2.0,1.7663004927385013,1.5652173913043477,1.364628873847585,16.0,671.9783837546025,467.7423547422463,540.6211489603206,655.9783837546025,4.0468304534790445,4.64167916041979,8.398925096952219,942.0583848750584,2118.5172313208245,3067.7574690445595,2,True,True,True,16.0,0.0
task-v2-6ee4e9bb2f23,g-ad76642cd3b9f76c,v2-S5-b004-g-ad76642cd3b9f76c,S5,D3,19,5.7220458984375e-06,5.24244866289598,699746068.0,316809159.3,5462206.8965517245,22.413793103448278,True,46.0,7126.0,172.0,172.0,True,True,2.0,1.6889978423736205,1.5652173913043477,1.3119424710686571,13.0,659.2337318377683,461.39852342119264,532.2390046831526,646.2337318377683,3.8905880176518797,4.64167916041979,8.2567283147955,928.0639739717616,2087.0463574166024,3022.185496794494,1,True,True,True,13.0,0.0
task-v2-a11d89c8c060,g-ad76642cd3b9f76c,v2-S5-b004-g-ad76642cd3b9f76c,S5,D4,19,7.62939453125e-06,5.11750992628768,692901488.0,312209179.3,5382896.8965517245,22.413793103448278,True,46.0,7126.0,172.0,172.0,True,True,2.0,1.6822583812532352,1.5652173913043477,1.307413137440509,13.0,658.1240513808882,460.8332925598702,531.5209105003996,645.1240513808882,3.877156200685647,4.64167916041979,8.244717914740816,926.4703486255231,2083.462585104312,3016.9959500134523,2,True,True,True,13.0,0.0
task-v2-01f33dead804,g-ad76642cd3b9f76c,v2-S5-b004-g-ad76642cd3b9f76c,S5,D5,19,1.1444091796875e-05,4.941418667231999,639355888.0,276620379.3,4769296.8965517245,22.413793103448278,True,46.0,7126.0,172.0,172.0,True,True,2.0,1.6295351331696832,1.5652173913043477,1.2723709092948554,13.0,649.4517075571262,455.9978495480967,526.050717622178,636.4517075571262,3.7732378689433643,4.64167916041979,8.152167781986112,914.0158921708257,2055.454787467109,2976.4387484373997,3,True,True,True,13.0,0.0
task-v2-2bbd08239dbd,g-ad76642cd3b9f76c,v2-S5-b004-g-ad76642cd3b9f76c,S5,D6,19,1.52587890625e-05,4.816479930623699,586662691.0,242348379.3,4178400.3448275863,22.413793103448278,True,46.0,7126.0,172.0,172.0,True,True,2.0,1.5776511939493512,1.5652173913043477,1.238625257769436,10.0,640.9339676555951,450.4125629427063,520.8451154397222,630.9339676555951,3.6731645575231555,4.64167916041979,8.064432722131498,906.0918000535745,2037.634951709056,2950.6344106507154,1,True,True,True,10.0,0.0
task-v2-110f51ef504a,g-ad76642cd3b9f76c,v2-S5-b004-g-ad76642cd3b9f76c,S5,D7,19,2.288818359375e-05,4.640388671568018,430036951.0,146017239.3,2517518.620689655,22.413793103448278,True,46.0,7126.0,172.0,172.0,True,True,2.0,1.423430907944714,1.5652173913043477,1.1437735688838626,10.0,615.7379350382646,423.12727033267356,506.85250840004954,605.7379350382646,3.3918802387590405,4.64167916041979,7.830628990969144,869.9074769408464,1956.2630184523273,2832.802300376451,1,True,True,True,10.0,0.0
