task_id,base_graph_id,base_instance_id,size_stratum,stress_level,dilution_score,Delta_G_2_1,Delta_G_3_2,Delta_G_3_1,Delta_log10_P_feas_2_1,Delta_log10_P_feas_3_2,Delta_log10_P_feas_3_1,Delta_P_opt_2_1,Delta_P_opt_3_2,Delta_P_opt_3_1
task-v2-e442db508705,g-548c8c6335dd2a2e,v2-S1-b000-g-548c8c6335dd2a2e,S1,D1,2.1072099696478683,0.5500673831231911,-0.36085807921089774,0.1892093039122934,0.5500673831231926,-0.3608580792108982,0.1892093039122944,0.052845926448080005,-0.0415248541414543,0.011321072306625702
task-v2-d7382a83ef13,g-548c8c6335dd2a2e,v2-S1-b000-g-548c8c6335dd2a2e,S1,D2,1.806179973983887,0.39011345719586066,-0.12964760926402663,0.260465847931834,0.3901134571958613,-0.12964760926402696,0.26046584793183436,0.0676829432434917,-0.011269002083246701,0.05641394116024499
task-v2-ce7fc44fc7b5,g-548c8c6335dd2a2e,v2-S1-b000-g-548c8c6335dd2a2e,S1,D3,1.630088714928206,0.12472203121853742,-0.028110605624991236,0.09661142559354619,0.1247220312185372,-0.028110605624991125,0.09661142559354607,0.011423663894633701,-0.0067792226401076,0.004644441254526101
task-v2-4e78b3f98433,g-553bb3c5ba0f2136,v2-S1-b001-g-553bb3c5ba0f2136,S1,D1,2.1072099696478683,0.4440106324008651,-0.8844720145488794,-0.4404613821480143,0.44401063240086547,-0.8844720145488807,-0.4404613821480152,0.034863378837345096,-0.0473473235179576,-0.0124839446806125
task-v2-f83834022ee2,g-553bb3c5ba0f2136,v2-S1-b001-g-553bb3c5ba0f2136,S1,D2,1.806179973983887,-0.17039032470955073,0.46367814763097737,0.29328782292142663,-0.17039032470955107,0.4636781476309779,0.29328782292142686,0.011177981138335798,0.08945556574060981,0.1006335468789456
task-v2-73f419868dc6,g-553bb3c5ba0f2136,v2-S1-b001-g-553bb3c5ba0f2136,S1,D3,1.630088714928206,-0.8872390810649128,1.0260818827168683,0.1388428016519554,-0.8872390810649133,1.0260818827168685,0.13884280165195528,-0.0323856771819159,0.0576630114996998,0.025277334317783902
task-v2-3f363bac5736,g-60667963f6db3f1b,v2-S2-b000-g-60667963f6db3f1b,S2,D1,3.010299956639812,0.16717425529812224,-1.5801649413580408,-1.4129906860599184,0.16717425529812058,-1.5801649413581051,-1.4129906860599846,0.0020465559723914003,-0.0062370053190865,-0.0041904493466950994
task-v2-f1a738d52e35,g-60667963f6db3f1b,v2-S2-b000-g-60667963f6db3f1b,S2,D2,2.709269960975831,0.19303604094842952,-0.3958940580744572,-0.2028580171260277,0.19303604094842863,-0.39589405807445677,-0.20285801712602813,0.0047842016432252,-0.0051178920811801,-0.0003336904379549
task-v2-a0f813383468,g-60667963f6db3f1b,v2-S2-b000-g-60667963f6db3f1b,S2,D3,2.533178701920149,0.4799975494381179,-0.6137246417877837,-0.13372709234966584,0.4799975494381188,-0.6137246417877842,-0.1337270923496654,0.006185885507188101,-0.005408228171209501,0.0007776573359786002
task-v2-6996479d6302,g-60667963f6db3f1b,v2-S2-b000-g-60667963f6db3f1b,S2,D4,2.4082399653118496,0.7304834391368018,-0.16931355022809358,0.5611698889087082,0.7304834391368031,-0.16931355022809358,0.5611698889087096,0.0134452209709412,-0.010954859541535699,0.0024903614294055003
task-v2-4d2b9f5eb099,g-6aa6775bed3bc2cc,v2-S2-b001-g-6aa6775bed3bc2cc,S2,D1,3.010299956639812,0.28171206810220234,-0.8895441016534263,-0.607832033551224,0.2817120681021992,-0.8895441016534229,-0.6078320335512237,0.0026139589970988,-0.0047707220178576995,-0.0021567630207588997
task-v2-2d64318cb7be,g-6aa6775bed3bc2cc,v2-S2-b001-g-6aa6775bed3bc2cc,S2,D2,2.709269960975831,0.5343774422618026,0.1338562322492829,0.6682336745110855,0.5343774422618108,0.1338562322492829,0.6682336745110937,0.0054190313576627,0.0014009158331726992,0.006819947190835399
task-v2-3cd2eda112d3,g-6aa6775bed3bc2cc,v2-S2-b001-g-6aa6775bed3bc2cc,S2,D3,2.533178701920149,0.6486718913314137,-0.6639734304258884,-0.015301539094474736,0.6486718913314162,-0.6639734304258893,-0.015301539094473071,0.0123447795587438,-0.0117847828030366,0.0005599967557072
task-v2-f4789f22d2c1,g-6aa6775bed3bc2cc,v2-S2-b001-g-6aa6775bed3bc2cc,S2,D4,2.4082399653118496,-0.0812675103324636,0.277457821477182,0.19619031114471838,-0.08126751033246382,0.2774578214771868,0.19619031114472296,-0.0005823220273021,0.0028794944314890995,0.0022971724041869995
task-v2-4968f3a685c2,g-8a16a856f5377a40,v2-S3-b000-g-8a16a856f5377a40,S3,D1,3.9133899436317554,-0.046655729853241734,-1.1084962725639809,-1.1551520024172226,-0.04665572985324129,-1.1084962725640195,-1.1551520024172608,-0.00041414291517660046,-0.0033672374746648998,-0.0037813803898415
task-v2-8f4071cbe937,g-8a16a856f5377a40,v2-S3-b000-g-8a16a856f5377a40,S3,D2,3.612359947967774,-0.11568176696819332,-1.5424444992750246,-1.658126266243218,-0.11568176696819865,-1.542444499275057,-1.6581262662432557,-0.0010005705343697,-0.0029508766578746227,-0.003951447192244322
task-v2-5de325b6f026,g-8a16a856f5377a40,v2-S3-b000-g-8a16a856f5377a40,S3,D3,3.436268688912093,-0.12083026874663094,-1.5307374046961093,-1.6515676734427402,-0.12083026874663205,-1.5307374046961648,-1.6515676734427969,-0.002104277207034601,-0.0061607993696376,-0.008265076576672201
task-v2-eb1005d46905,g-8a16a856f5377a40,v2-S3-b000-g-8a16a856f5377a40,S3,D4,3.311329952303793,-0.4188016204990175,0.23211497981465934,-0.18668664068435814,-0.41880162049901837,0.23211497981466134,-0.18668664068435703,-0.0084810835796655,0.0135340372182393,0.0050529536385738
task-v2-0c6c4504c3d3,g-8a16a856f5377a40,v2-S3-b000-g-8a16a856f5377a40,S3,D5,3.2144199392957367,-0.3122803130851175,-0.09419654992853044,-0.40647686301364794,-0.31228031308511883,-0.09419654992852955,-0.4064768630136484,-0.0083389081017703,0.0087904170181211,0.00045150891635080057
task-v2-f0ef0f25a74e,g-8a16a856f5377a40,v2-S3-b000-g-8a16a856f5377a40,S3,D6,3.135238693248112,0.5658924442323012,0.16160130796603478,0.727493752198336,0.5658924442323019,0.16160130796603545,0.7274937521983373,0.0027772531633458,0.0074991275333173,0.0102763806966631
task-v2-69173fedcdae,g-8a16a856f5377a40,v2-S3-b000-g-8a16a856f5377a40,S3,D7,3.0682919036174985,0.5243761445157229,0.3869175980556405,0.9112937425713634,0.5243761445157265,0.38691759805564097,0.9112937425713674,0.0029410986725201,0.0101749252656778,0.0131160239381979
task-v2-8792ce3c54d5,g-a712031e7959d564,v2-S3-b001-g-a712031e7959d564,S3,D1,3.9133899436317554,-0.11787188000647686,-1.8452944672878089,-1.9631663472942857,-0.11787188000647975,-1.8452944672878044,-1.9631663472942842,-0.0019849140056462993,-0.006274824555326877,-0.008259738560973177
task-v2-5acbf653f95a,g-a712031e7959d564,v2-S3-b001-g-a712031e7959d564,S3,D2,3.612359947967774,-0.1154181436824393,-0.908529847025625,-1.0239479907080642,-0.11541814368243886,-0.9085298470256391,-1.023947990708078,-0.0017915478343901994,-0.006660915957969,-0.0084524637923592
task-v2-ef23e17da545,g-a712031e7959d564,v2-S3-b001-g-a712031e7959d564,S3,D3,3.436268688912093,-0.069456788669233,-1.1806528249630275,-1.2501096136322607,-0.06945678866923388,-1.1806528249630515,-1.2501096136322853,-0.0008197534251082987,-0.007654549370888801,-0.0084743027959971
task-v2-ac528a9510be,g-a712031e7959d564,v2-S3-b001-g-a712031e7959d564,S3,D4,3.311329952303793,0.10441533374297096,-1.3772871794137542,-1.2728718456707833,0.1044153337429714,-1.3772871794137818,-1.2728718456708104,0.0006280911364539999,-0.005850887645773,-0.005222796509319
task-v2-5b0627539151,g-a712031e7959d564,v2-S3-b001-g-a712031e7959d564,S3,D5,3.2144199392957367,0.9876237812378088,-0.14810026343549199,0.8395235178023168,0.9876237812378168,-0.14810026343549287,0.8395235178023239,0.010092114503751401,0.001460186716774399,0.0115523012205258
task-v2-c5ed7c8b71f4,g-a712031e7959d564,v2-S3-b001-g-a712031e7959d564,S3,D6,3.135238693248112,0.6529886631108709,0.20080746965093965,0.8537961327618105,0.6529886631108752,0.20080746965093965,0.8537961327618149,0.0016240632133520002,0.0122361258640829,0.013860189077434899
task-v2-8c0a098a6f8b,g-a712031e7959d564,v2-S3-b001-g-a712031e7959d564,S3,D7,3.0682919036174985,0.516799510492242,0.44345248150683614,0.9602519919990782,0.516799510492244,0.4434524815068366,0.9602519919990806,0.0013346374663312,0.0128299709978781,0.0141646084642093
task-v2-3f11ce371857,g-3ff7063ef9ea5cfb,v2-S4-b000-g-3ff7063ef9ea5cfb,S4,D1,4.816479930623699,0.017686428484474437,-0.5283899637009333,-0.5107035352164588,0.017686428484490868,-0.5283899637009872,-0.5107035352164964,7.01986871077e-05,-0.0012380127296491,-0.0011678140425414002
task-v2-095187356858,g-3ff7063ef9ea5cfb,v2-S4-b000-g-3ff7063ef9ea5cfb,S4,D2,4.515449934959718,0.12112226042171592,-0.9393317866676076,-0.8182095262458917,0.12112226042171637,-0.9393317866677178,-0.8182095262460014,0.0005802913038260998,-0.0019070131780060998,-0.00132672187418
task-v2-0b71cbcaebc2,g-3ff7063ef9ea5cfb,v2-S4-b000-g-3ff7063ef9ea5cfb,S4,D3,4.339358675904037,-0.24879443782314792,-0.27041998166349646,-0.5192144194866444,-0.24879443782316102,-0.27041998166350645,-0.5192144194866675,-0.0012888364710361,0.0005361290235194999,-0.0007527074475166
task-v2-606c43f06406,g-3ff7063ef9ea5cfb,v2-S4-b000-g-3ff7063ef9ea5cfb,S4,D4,4.214419939295737,-0.03673235838896716,-0.5711664750019987,-0.6078988333909658,-0.03673235838896938,-0.5711664750020189,-0.6078988333909883,-0.00031981241702330005,-0.0004983832945986,-0.0008181957116219
task-v2-9f1427c2fbd8,g-3ff7063ef9ea5cfb,v2-S4-b000-g-3ff7063ef9ea5cfb,S4,D5,4.038328680240055,-0.3118851569008887,-0.05105240156760238,-0.3629375584684911,-0.3118851569008858,-0.05105240156760171,-0.3629375584684875,-0.0019992160615039,0.00024170941120970008,-0.0017575066502941998
task-v2-07b8f456a957,g-3ff7063ef9ea5cfb,v2-S4-b000-g-3ff7063ef9ea5cfb,S4,D6,3.9133899436317554,0.5568715679876283,-0.239268744666012,0.31760282332161627,0.5568715679876419,-0.23926874466601467,0.31760282332162726,0.0010627367699218,-0.0001482543263256,0.0009144824435962
task-v2-b5e00db3fe1a,g-3ff7063ef9ea5cfb,v2-S4-b000-g-3ff7063ef9ea5cfb,S4,D7,3.8622374211843744,0.5141519636252191,-0.09727663339230741,0.4168753302329117,0.514151963625221,-0.09727663339231629,0.4168753302329047,0.0011333672435855,-3.185133136399858e-06,0.0011301821104491
task-v2-59a464f36e13,g-bd62d2d752385cc7,v2-S4-b001-g-bd62d2d752385cc7,S4,D1,4.816479930623699,-0.11022284834225604,0.013391684710806206,-0.09683116363144983,-0.11022284834227358,0.013391684710827523,-0.09683116363144606,-0.00041700367445709997,4.5200175572700056e-05,-0.0003718034988843999
task-v2-a2561503b5d0,g-bd62d2d752385cc7,v2-S4-b001-g-bd62d2d752385cc7,S4,D2,4.515449934959718,-0.016204010086453557,-0.351954962003165,-0.36815897208961856,-0.016204010086454,-0.35195496200318654,-0.36815897208964055,-0.0008955594030232998,0.00018948321821650005,-0.0007060761848067998
task-v2-f6d986d24578,g-bd62d2d752385cc7,v2-S4-b001-g-bd62d2d752385cc7,S4,D3,4.339358675904037,0.03091113244910071,-0.4300821043164753,-0.3991709718673746,0.030911132449103373,-0.43008210431647953,-0.39917097186737616,-0.0007642969750860998,9.724721266470004e-05,-0.0006670497624213997
task-v2-5d31ef4af595,g-bd62d2d752385cc7,v2-S4-b001-g-bd62d2d752385cc7,S4,D4,4.214419939295737,-0.06069294524143043,-0.1895189710172358,-0.25021191625866623,-0.06069294524142954,-0.18951897101723292,-0.25021191625866246,-0.0007609432111482998,0.0010692655394711,0.00030832232832280013
task-v2-5b5a3995de2b,g-bd62d2d752385cc7,v2-S4-b001-g-bd62d2d752385cc7,S4,D5,4.11750992628768,-0.31768342053422893,0.08031658584947965,-0.23736683468474928,-0.3176834205342387,0.08031658584948076,-0.23736683468475794,-0.0015754858434838001,0.0022252917138554,0.0006498058703715997
task-v2-cf1a83d8dbf9,g-bd62d2d752385cc7,v2-S4-b001-g-bd62d2d752385cc7,S4,D6,4.038328680240055,-0.3834278123245851,0.033664609879960006,-0.3497632024446251,-0.3834278123245851,0.03366460987995756,-0.34976320244462755,-0.0016502336444129,0.001551195385466,-9.903825894690002e-05
task-v2-e243a3cd3e64,g-bd62d2d752385cc7,v2-S4-b001-g-bd62d2d752385cc7,S4,D7,3.9133899436317554,0.8379688285875087,-0.21463548874154914,0.6233333398459595,0.8379688285875107,-0.21463548874155336,0.6233333398459573,0.0022576293608802,0.0004288716621317001,0.0026865010230119
task-v2-4746dcc3bd93,g-a87f1b9ac089cc45,v2-S5-b000-g-a87f1b9ac089cc45,S5,D1,5.719569917615643,0.06884702890376992,-0.5666724710689275,-0.49782544216515756,0.0688470289037797,-0.5666724710690092,-0.4978254421652295,0.0002466586331736,-0.0012261922504475,-0.0009795336172738998
task-v2-7d4ec5aed494,g-a87f1b9ac089cc45,v2-S5-b000-g-a87f1b9ac089cc45,S5,D2,5.418539921951662,-0.2151038156022662,-0.4318889051546999,-0.6469927207569661,-0.21510381560226044,-0.43188890515471323,-0.6469927207569737,-0.0010167905004250999,-0.001028692237603,-0.0020454827380281
task-v2-7133b996bac7,g-a87f1b9ac089cc45,v2-S5-b000-g-a87f1b9ac089cc45,S5,D3,5.24244866289598,-0.24405828320580847,0.018556048039154227,-0.22550223516665424,-0.24405828320581424,0.01855604803915467,-0.22550223516665957,-0.0010966411906721,6.913945772420008e-05,-0.0010275017329479
task-v2-b9b3757d64c0,g-a87f1b9ac089cc45,v2-S5-b000-g-a87f1b9ac089cc45,S5,D4,5.11750992628768,0.025813886138361664,-0.06546900797743316,-0.039655121839071494,0.02581388613835367,-0.0654690079774305,-0.03965512183907682,0.00012754026700020015,-0.0002338995362032002,-0.00010635926920300005
task-v2-11173062a501,g-a87f1b9ac089cc45,v2-S5-b000-g-a87f1b9ac089cc45,S5,D5,4.941418667231999,-0.06996864021372806,0.21388611722622075,0.1439174770124927,-0.06996864021373606,0.21388611722622386,0.1439174770124878,-0.00025957857225670003,0.0009372523363298001,0.0006776737640731001
task-v2-c95d7e1ff6e7,g-a87f1b9ac089cc45,v2-S5-b000-g-a87f1b9ac089cc45,S5,D6,4.816479930623699,0.50019541628799,0.5224808437078321,1.0226762599958221,0.50019541628807,0.5224808437078385,1.0226762599959085,0.00013646757355220002,0.0012030528757094,0.0013395204492616
task-v2-f5c9b9bdeb27,g-a87f1b9ac089cc45,v2-S5-b000-g-a87f1b9ac089cc45,S5,D7,4.719569917615643,0.31305865273518996,0.5876719369393346,0.9007305896745246,0.3130586527351711,0.587671936939365,0.9007305896745361,0.00011734732279755328,0.0010991742372276,0.0012165215600251533
task-v2-420d9636beee,g-e0c69f84d376b633,v2-S5-b001-g-e0c69f84d376b633,S5,D1,5.719569917615643,-0.03652090517394946,-0.37261888863057635,-0.4091397938045258,-0.03652090517393658,-0.372618888630603,-0.4091397938045396,-9.24628285923e-05,-0.0006070616504175,-0.0006995244790098
task-v2-e449b07a1126,g-e0c69f84d376b633,v2-S5-b001-g-e0c69f84d376b633,S5,D2,5.418539921951662,0.039208746487632506,-0.4426524511738963,-0.4034437046862638,0.03920874648763162,-0.4426524511738803,-0.4034437046862487,0.00010712951343880002,-0.0007004630888101,-0.0005933335753713
task-v2-6e79cb6720c5,g-e0c69f84d376b633,v2-S5-b001-g-e0c69f84d376b633,S5,D3,5.24244866289598,-0.14159453303903202,-0.40423880211023366,-0.5458333351492657,-0.1415945330390378,-0.4042388021102359,-0.5458333351492737,-0.0002762081945252,-0.0005305559908251001,-0.0008067641853503001
task-v2-526a936f38d9,g-e0c69f84d376b633,v2-S5-b001-g-e0c69f84d376b633,S5,D4,5.11750992628768,-0.17030024892573747,-0.24399533851157607,-0.41429558743731354,-0.17030024892574414,-0.24399533851157562,-0.41429558743731976,-0.000405683190658,-0.0003555905460982,-0.0007612737367562
task-v2-89b7591232ff,g-e0c69f84d376b633,v2-S5-b001-g-e0c69f84d376b633,S5,D5,4.941418667231999,-0.2844414761836185,-0.39286626064028773,-0.6773077368239062,-0.2844414761836225,-0.3928662606402793,-0.6773077368239018,-0.0009755318682364,-0.00043079843361969997,-0.0014063303018561
task-v2-5f165c277bb9,g-e0c69f84d376b633,v2-S5-b001-g-e0c69f84d376b633,S5,D6,4.816479930623699,0.10298179463184898,-0.9939483168179255,-0.8909665221860765,0.10298179463185053,-0.9939483168179619,-0.8909665221861114,-0.0001537648126463001,-0.0015667671162791,-0.0017205319289254001
task-v2-780e1209d403,g-e0c69f84d376b633,v2-S5-b001-g-e0c69f84d376b633,S5,D7,4.640388671568018,-0.05652204546997641,-0.673082616764106,-0.7296046622340824,-0.056522045469977966,-0.6730826167641126,-0.7296046622340906,-0.00046701526539940003,-0.0008893299807499,-0.0013563452461493
