task_id,graph_id,seed,alpha1_run_id,matched_o0_run_id,same_task,same_depth,same_seed,same_initialization,initial_theta_max_abs_difference,same_optimizer_name,same_nfev_budget,same_cobyla_rhobeg,same_cobyla_catol,same_optimizer_implementation,alpha1_scipy_version,matched_o0_scipy_version,same_scipy_version,alpha1_actual_nfev,matched_o0_actual_nfev,same_actual_nfev,objective_trajectory_available,initial_objective_alpha1_minus_o0,terminal_theta_max_abs_difference,terminal_objective_alpha1_minus_o0,P_feas_alpha1_minus_o0,G_feas_alpha1_minus_o0,P_opt_alpha1_minus_o0,alpha1_terminal_cvar_minus_mean,audit_classification
task-v2-07b8f456a957,g-3ff7063ef9ea5cfb,1103,a2-b942a55738a79a14dc96,diag-run-2e1a25bb43408795091e,True,True,True,True,0.0,True,True,True,True,False,1.18.0,1.17.0,False,120,120,True,False,-7.105427357601002e-15,0.04497342276849858,0.0008196385317431609,-2.2523939580999797e-06,-0.00022502221695042124,-2.7362775151000204e-06,-3.552713678800501e-15,PROTOCOL_NOT_FULLY_IDENTICAL
task-v2-07b8f456a957,g-3ff7063ef9ea5cfb,2207,a2-29b24ab4264ef9d67fe7,diag-run-ece12c7ce95f3f0a5fef,True,True,True,True,0.0,True,True,True,True,False,1.18.0,1.17.0,False,120,120,True,False,-2.220446049250313e-16,0.09083250497924165,0.00509981547453453,-0.0018609579181421004,-0.03694978930514603,-0.0006953499848465997,5.639932965095795e-14,PROTOCOL_NOT_FULLY_IDENTICAL
task-v2-07b8f456a957,g-3ff7063ef9ea5cfb,3301,a2-c47428da68782b2b4aea,diag-run-4f719ba34ccb40eb929c,True,True,True,True,0.0,True,True,True,True,False,1.18.0,1.17.0,False,120,120,True,False,1.554312234475219e-14,0.014368777537943103,0.00017017834602639503,1.705201808029945e-05,0.0016956788255908517,3.455504226399864e-06,5.81756864903582e-14,PROTOCOL_NOT_FULLY_IDENTICAL
task-v2-095187356858,g-3ff7063ef9ea5cfb,1103,a2-f0ee729eadc10a201833,diag-run-4822770ed1a82e6fc736,True,True,True,True,0.0,True,True,True,True,False,1.18.0,1.17.0,False,120,120,True,False,1.021405182655144e-14,0.05756233708817354,0.008134909889258246,-0.0005257568991494,-0.07354944519434414,-0.0003775164910619997,-4.39648317751562e-14,PROTOCOL_NOT_FULLY_IDENTICAL
task-v2-095187356858,g-3ff7063ef9ea5cfb,2207,a2-1e0a547be7778d7dc4af,diag-run-2c24ade01d6279f0a87e,True,True,True,True,0.0,True,True,True,True,False,1.18.0,1.17.0,False,120,120,True,False,6.8833827526759706e-15,0.5685852637684934,-0.04417055704803463,0.0028620140212240004,0.21287942721238862,0.0022042615807039995,6.8833827526759706e-15,PROTOCOL_NOT_FULLY_IDENTICAL
task-v2-095187356858,g-3ff7063ef9ea5cfb,3301,a2-f0aa89beaad4e71a9883,diag-run-6ff97e7c9cf07fec6c71,True,True,True,True,0.0,True,True,True,True,False,1.18.0,1.17.0,False,120,120,True,False,1.5543122344752192e-15,3.024289549347081e-07,2.123484410532228e-08,-2.2339243200067416e-08,-1.3635821725088704e-06,-1.4982096500047726e-08,-1.532107773982716e-14,PROTOCOL_NOT_FULLY_IDENTICAL
task-v2-0b71cbcaebc2,g-3ff7063ef9ea5cfb,1103,a2-fdd80a024b46c5ce1ab1,diag-run-f4c04b69c2ede3b64116,True,True,True,True,0.0,True,True,True,True,False,1.18.0,1.17.0,False,120,120,True,False,1.021405182655144e-14,1.3194043853671136,0.017334092679173185,0.00014071467497399999,0.03451244805064957,0.0001491756413052,-1.1102230246251563e-15,PROTOCOL_NOT_FULLY_IDENTICAL
task-v2-0b71cbcaebc2,g-3ff7063ef9ea5cfb,2207,a2-3219a2d1a79e6c450ef4,diag-run-af526d3fd1c47e6dc05a,True,True,True,True,0.0,True,True,True,True,False,1.18.0,1.17.0,False,120,120,True,False,-8.659739592076221e-15,0.14328903470227328,0.016996791577980064,-0.0005477816737177003,-0.03172521045247212,-0.0001825355947646999,3.3306690738754696e-15,PROTOCOL_NOT_FULLY_IDENTICAL
task-v2-0b71cbcaebc2,g-3ff7063ef9ea5cfb,3301,a2-a94b6d6b304a2a8076f2,diag-run-f767c252ed61c3c9d9ca,True,True,True,True,0.0,True,True,True,True,False,1.18.0,1.17.0,False,120,120,True,False,4.929390229335695e-14,0.25129286685002317,0.041871964588141575,-0.0005897858990769004,-0.04605344109593901,-0.00020590229753400004,2.242650509742816e-14,PROTOCOL_NOT_FULLY_IDENTICAL
task-v2-3f11ce371857,g-3ff7063ef9ea5cfb,1103,a2-c7793a9c7a00a6d25ed5,diag-run-5432e37cbdbed43724e6,True,True,True,True,0.0,True,True,True,True,False,1.18.0,1.17.0,False,120,120,True,False,2.1760371282653068e-14,0.2201907595599275,0.011734812852116416,8.576136219289997e-05,0.008411850007413957,8.576136219289997e-05,1.532107773982716e-14,PROTOCOL_NOT_FULLY_IDENTICAL
task-v2-3f11ce371857,g-3ff7063ef9ea5cfb,2207,a2-177d9c2857c55df94bd5,diag-run-8a570a0dd9238c5a6671,True,True,True,True,0.0,True,True,True,True,False,1.18.0,1.17.0,False,120,120,True,False,2.220446049250313e-15,0.7862807848247015,-0.08941002480973426,0.0027523585637286,0.3574300875008576,0.0027523585637286,3.5305092183079984e-14,PROTOCOL_NOT_FULLY_IDENTICAL
task-v2-3f11ce371857,g-3ff7063ef9ea5cfb,3301,a2-841cc439542b200109a0,diag-run-32958f4b3c378e1db7f8,True,True,True,True,0.0,True,True,True,True,False,1.18.0,1.17.0,False,120,120,True,False,-2.5757174171303632e-14,0.08859597455575635,0.013483746513819339,-0.0004782435417460995,-0.05421473174392455,-0.0004782435417460995,1.0658141036401504e-14,PROTOCOL_NOT_FULLY_IDENTICAL
task-v2-606c43f06406,g-3ff7063ef9ea5cfb,1103,a2-6ccd9d0a926400e596c7,diag-run-5cc0ac9c0e332792eb3d,True,True,True,True,0.0,True,True,True,True,False,1.18.0,1.17.0,False,120,120,True,False,8.43769498715119e-15,0.16330437060359881,0.02014456535176734,-0.00044327507836409985,-0.034199892460009096,1.0124575521000025e-05,2.5313084961453572e-14,PROTOCOL_NOT_FULLY_IDENTICAL
task-v2-606c43f06406,g-3ff7063ef9ea5cfb,2207,a2-a999338d56c6f5cc7809,diag-run-00d70c7952fbd01f1c52,True,True,True,True,0.0,True,True,True,True,False,1.18.0,1.17.0,False,120,120,True,False,4.3298697960381105e-14,0.5435557038694284,-0.043307652538580266,0.0061026257624728995,0.20821966855850738,0.0017397692070108,1.376676550535194e-14,PROTOCOL_NOT_FULLY_IDENTICAL
task-v2-606c43f06406,g-3ff7063ef9ea5cfb,3301,a2-b63069319dbd8f2d3ed8,diag-run-50d11de198316bd5813e,True,True,True,True,0.0,True,True,True,True,False,1.18.0,1.17.0,False,120,120,True,False,-4.8627768478581856e-14,0.15891310985255913,-0.0250968033106993,0.0008900338807708002,0.037284662187936135,0.0002880679045493997,4.329869796038111e-14,PROTOCOL_NOT_FULLY_IDENTICAL
task-v2-9f1427c2fbd8,g-3ff7063ef9ea5cfb,1103,a2-5a94c63d99869b8699fe,diag-run-4a5d6acc72eb84268e47,True,True,True,True,0.0,True,True,True,True,False,1.18.0,1.17.0,False,120,120,True,False,5.773159728050814e-15,0.036349944418852864,0.0018546825127241373,-0.00012168747569880033,-0.012744107803833948,-3.7032343506300004e-05,-3.752553823233029e-14,PROTOCOL_NOT_FULLY_IDENTICAL
task-v2-9f1427c2fbd8,g-3ff7063ef9ea5cfb,2207,a2-41fbe406b9ad8624f6f9,diag-run-bec43d5e97cebb8af1a5,True,True,True,True,0.0,True,True,True,True,False,1.18.0,1.17.0,False,120,120,True,False,-2.1760371282653068e-14,0.5535765413417975,-0.06052182056977262,0.007719071535380501,0.15709859329963338,0.002581703563723701,1.021405182655144e-14,PROTOCOL_NOT_FULLY_IDENTICAL
task-v2-9f1427c2fbd8,g-3ff7063ef9ea5cfb,3301,a2-6cfd551845ee7caf146a,diag-run-e3eed797a72e6cc026b6,True,True,True,True,0.0,True,True,True,True,False,1.18.0,1.17.0,False,120,120,True,False,1.7763568394002505e-14,0.9835283782597282,-0.0812202892902203,0.004997207257482398,0.14959538384460025,0.002046102963251,3.552713678800501e-15,PROTOCOL_NOT_FULLY_IDENTICAL
task-v2-b5e00db3fe1a,g-3ff7063ef9ea5cfb,1103,a2-3a4cdb9c8cbc020a8b00,diag-run-cb09f5876264267bc866,True,True,True,True,0.0,True,True,True,True,False,1.18.0,1.17.0,False,120,120,True,False,-2.0650148258027912e-14,0.014895071820912875,-0.0003074698286289479,-2.5745734224300043e-05,-0.002558542928160712,-7.548200064299996e-06,6.217248937900877e-15,PROTOCOL_NOT_FULLY_IDENTICAL
task-v2-b5e00db3fe1a,g-3ff7063ef9ea5cfb,2207,a2-b017c82b3ce0d038019e,diag-run-48cb288a23de927bf067,True,True,True,True,0.0,True,True,True,True,False,1.18.0,1.17.0,False,120,120,True,False,-1.5765166949677223e-14,8.266606936757626e-07,4.2963582691513125e-08,-4.343261150036026e-08,-5.136493439472645e-07,-1.0965674800481051e-08,3.3528735343679734e-14,PROTOCOL_NOT_FULLY_IDENTICAL
task-v2-b5e00db3fe1a,g-3ff7063ef9ea5cfb,3301,a2-bd2e0c6490d1254435e4,diag-run-4e2d22c5111c4d73a5c2,True,True,True,True,0.0,True,True,True,True,False,1.18.0,1.17.0,False,120,120,True,False,-3.1308289294429414e-14,1.4484452714666474e-07,-3.3822296074959013e-09,-3.4970610001544555e-10,-3.508708679156314e-08,-5.599239995268679e-11,3.7969627442180354e-14,PROTOCOL_NOT_FULLY_IDENTICAL
task-v2-ce7fc44fc7b5,g-548c8c6335dd2a2e,1103,a2-0b8cedfa039a2bcac2f7,diag-run-d708f3ed32640ac2abfb,True,True,True,True,0.0,True,True,True,True,False,1.18.0,1.17.0,False,120,120,True,False,1.3322676295501878e-15,0.0020819506997936665,-5.63141103526732e-07,-9.095514473900224e-05,-0.0002915502594176278,-9.061086755697556e-06,-2.220446049250313e-16,PROTOCOL_NOT_FULLY_IDENTICAL
task-v2-ce7fc44fc7b5,g-548c8c6335dd2a2e,2207,a2-d500cd03d14900cd74c9,diag-run-a72646e397e9bd902842,True,True,True,True,0.0,True,True,True,True,False,1.18.0,1.17.0,False,120,120,True,False,-8.881784197001252e-16,0.011795682475878613,-0.00010032528053560696,0.0003502647087326727,0.000511761376333908,0.0001682096734310079,4.440892098500626e-16,PROTOCOL_NOT_FULLY_IDENTICAL
task-v2-ce7fc44fc7b5,g-548c8c6335dd2a2e,3301,a2-cd242d6e9b67a8dda06b,diag-run-bf0a0dd7e8b9d72b3a7d,True,True,True,True,0.0,True,True,True,True,False,1.18.0,1.17.0,False,120,120,True,False,1.3322676295501878e-15,0.37156731113414965,-0.03332220246898765,0.04173491822424821,0.0753066280608895,0.016826357369039605,6.661338147750939e-16,PROTOCOL_NOT_FULLY_IDENTICAL
task-v2-d7382a83ef13,g-548c8c6335dd2a2e,1103,a2-f5a45ff25db07ed75797,diag-run-d1d7d24c71266a194961,True,True,True,True,0.0,True,True,True,True,False,1.18.0,1.17.0,False,120,120,True,False,-1.7763568394002505e-15,0.017321312919596595,-7.244262024030945e-06,0.0002916328454184991,0.0012522466190965087,0.00011291226876319893,8.881784197001252e-16,PROTOCOL_NOT_FULLY_IDENTICAL
task-v2-d7382a83ef13,g-548c8c6335dd2a2e,2207,a2-bde781b74f632e618074,diag-run-3f386b00c80b08252b03,True,True,True,True,0.0,True,True,True,True,False,1.18.0,1.17.0,False,120,120,True,False,-2.220446049250313e-15,0.06438168136005906,-0.003093207766093675,0.0014795761234842886,0.003256689054124129,0.0011134205447732026,2.4424906541753444e-15,PROTOCOL_NOT_FULLY_IDENTICAL
task-v2-d7382a83ef13,g-548c8c6335dd2a2e,3301,a2-f51e6ddcc1649a994c28,diag-run-7a3f89189f1eff1e07f4,True,True,True,True,0.0,True,True,True,True,False,1.18.0,1.17.0,False,120,120,True,False,-6.661338147750939e-16,0.2888431404905837,-0.03111454727274121,0.013417802630360104,0.034074409913411596,0.006701171709199191,-8.881784197001252e-16,PROTOCOL_NOT_FULLY_IDENTICAL
task-v2-e442db508705,g-548c8c6335dd2a2e,1103,a2-1b152bd88061b5bbe50e,diag-run-70fba1795cc9f4122c4a,True,True,True,True,0.0,True,True,True,True,False,1.18.0,1.17.0,False,120,120,True,False,-2.220446049250313e-16,0.5558232663350009,-0.004733766855164134,-0.0007066138947837003,-0.01018651064062115,-0.0007066138947837003,1.3322676295501878e-15,PROTOCOL_NOT_FULLY_IDENTICAL
task-v2-e442db508705,g-548c8c6335dd2a2e,2207,a2-c412d5b021a2b4cbd721,diag-run-8689bb93647d4ab410cf,True,True,True,True,0.0,True,True,True,True,False,1.18.0,1.17.0,False,120,120,True,False,2.220446049250313e-16,1.2396271058626382,-0.13397791223026645,0.033382699024611204,0.13441079680698476,0.033382699024611204,6.661338147750939e-16,PROTOCOL_NOT_FULLY_IDENTICAL
task-v2-e442db508705,g-548c8c6335dd2a2e,3301,a2-94c6e71934176ea8b169,diag-run-409d9ce94fd179d008dd,True,True,True,True,0.0,True,True,True,True,False,1.18.0,1.17.0,False,120,120,True,False,-2.220446049250313e-16,0.3684251033573285,0.01006663795795748,-0.0007771956515655876,-0.003406116470642928,-0.0007771956515655876,-1.5543122344752194e-15,PROTOCOL_NOT_FULLY_IDENTICAL
task-v2-4e78b3f98433,g-553bb3c5ba0f2136,1103,a2-2238bd57d5c326595aaf,diag-run-a1101b3de2cee30ccf54,True,True,True,True,0.0,True,True,True,True,False,1.18.0,1.17.0,False,120,60,False,False,-4.440892098500626e-16,0.5710813366349611,-0.011439016658546297,-0.0013777542557666944,-0.011136553707855712,-0.0013777542557666944,0.0,PROTOCOL_NOT_FULLY_IDENTICAL
task-v2-4e78b3f98433,g-553bb3c5ba0f2136,2207,a2-3e45539490c39a90ae9b,diag-run-047317764f00700e3c8b,True,True,True,True,0.0,True,True,True,True,False,1.18.0,1.17.0,False,120,120,True,False,2.220446049250313e-16,0.022314724881437042,0.0006161925181165095,-0.0002051373120529991,-0.005489654535813515,-0.0002051373120529991,6.661338147750939e-16,PROTOCOL_NOT_FULLY_IDENTICAL
task-v2-4e78b3f98433,g-553bb3c5ba0f2136,3301,a2-cd78b82f6144ec945a0b,diag-run-6a91092c5c2a3bf0ee6e,True,True,True,True,0.0,True,True,True,True,False,1.18.0,1.17.0,False,120,120,True,False,-4.440892098500626e-16,1.3997802916776436e-11,3.731015496555301e-12,-7.16315895488151e-13,-2.2462032234216167e-12,-7.16315895488151e-13,-2.220446049250313e-16,PROTOCOL_NOT_FULLY_IDENTICAL
task-v2-73f419868dc6,g-553bb3c5ba0f2136,1103,a2-5f0dfbead7fe60bdd94f,diag-run-eed8981d8c69cc401ce5,True,True,True,True,0.0,True,True,True,True,False,1.18.0,1.17.0,False,120,120,True,False,-4.440892098500626e-16,0.6149543616001049,-0.0594359966263851,0.0333533031247607,0.050695041561342524,0.006391398953647404,-4.440892098500626e-16,PROTOCOL_NOT_FULLY_IDENTICAL
task-v2-73f419868dc6,g-553bb3c5ba0f2136,2207,a2-b660991351c0992d41b3,diag-run-9c8f9a8d34b0b630d916,True,True,True,True,0.0,True,True,True,True,False,1.18.0,1.17.0,False,120,120,True,False,1.3322676295501878e-15,0.5887743458321824,-0.0047745519097581735,-0.0018756949700893012,-0.04846836602879351,-0.0009817086860419,1.1102230246251563e-15,PROTOCOL_NOT_FULLY_IDENTICAL
task-v2-73f419868dc6,g-553bb3c5ba0f2136,3301,a2-ad34754d71d140ef168a,diag-run-1c4815b4d7261472acde,True,True,True,True,0.0,True,True,True,True,False,1.18.0,1.17.0,False,120,120,True,False,-1.9984014443252818e-15,0.46218702500502196,0.00568742261778743,0.003017577067847001,0.08201165983991993,0.0007652530853546006,1.1102230246251563e-15,PROTOCOL_NOT_FULLY_IDENTICAL
task-v2-f83834022ee2,g-553bb3c5ba0f2136,1103,a2-0cdeb72e3fe418a078cb,diag-run-ee124198b9bcf6240e44,True,True,True,True,0.0,True,True,True,True,False,1.18.0,1.17.0,False,120,71,False,False,2.220446049250313e-15,0.509984878610847,-0.00026586324600086364,-0.0004582785718788007,-0.0017109540468605022,-0.00033591831345380213,-8.881784197001252e-16,PROTOCOL_NOT_FULLY_IDENTICAL
task-v2-f83834022ee2,g-553bb3c5ba0f2136,2207,a2-ba1a41375b4d96dd4576,diag-run-3259ded59e93db7cc1bb,True,True,True,True,0.0,True,True,True,True,False,1.18.0,1.17.0,False,120,120,True,False,1.1102230246251565e-15,0.14241128712902107,0.01094211151411284,-0.005939073235380704,-0.0173732040780592,-0.0037044852732961014,2.220446049250313e-16,PROTOCOL_NOT_FULLY_IDENTICAL
task-v2-f83834022ee2,g-553bb3c5ba0f2136,3301,a2-f07e248622fea0906726,diag-run-e36645468ddc3f3a586e,True,True,True,True,0.0,True,True,True,True,False,1.18.0,1.17.0,False,120,120,True,False,2.220446049250313e-16,0.13707784599643258,-0.018583774641714346,0.012887709603093211,0.03491651300799126,0.0058937364926622965,1.3322676295501878e-15,PROTOCOL_NOT_FULLY_IDENTICAL
task-v2-3f363bac5736,g-60667963f6db3f1b,1103,a2-e019d847605083ac3990,diag-run-75449ac1c5a18de3fb46,True,True,True,True,0.0,True,True,True,True,False,1.18.0,1.17.0,False,120,120,True,False,1.3322676295501878e-15,0.5794978450451171,-0.006272535781010502,-0.0003358515937043,-0.0243836747702314,-0.0003358515937043,-4.440892098500626e-16,PROTOCOL_NOT_FULLY_IDENTICAL
task-v2-3f363bac5736,g-60667963f6db3f1b,2207,a2-327a0e570250363c137c,diag-run-942bee48ff7c822f8077,True,True,True,True,0.0,True,True,True,True,False,1.18.0,1.17.0,False,120,120,True,False,-1.7763568394002505e-15,0.045937862829069184,7.566511221401839e-05,0.00046374467290110147,0.007852139196246055,0.00046374467290110147,-8.881784197001252e-16,PROTOCOL_NOT_FULLY_IDENTICAL
task-v2-3f363bac5736,g-60667963f6db3f1b,3301,a2-cd1717bbdc88083d804f,diag-run-610a32e5a73bb37e641e,True,True,True,True,0.0,True,True,True,True,False,1.18.0,1.17.0,False,120,120,True,False,-3.774758283725532e-15,0.5034469650107196,-0.008655944218158629,-0.0003086879141821,-0.02152513662821931,-0.0003086879141821,-2.220446049250313e-16,PROTOCOL_NOT_FULLY_IDENTICAL
task-v2-6996479d6302,g-60667963f6db3f1b,1103,a2-f6c4d53a372653077a62,diag-run-3702d0e3f89bb9bece7a,True,True,True,True,0.0,True,True,True,True,False,1.18.0,1.17.0,False,120,120,True,False,4.884981308350689e-15,0.5691005623978763,-0.06567818573253703,0.020663896432235197,0.2822008892798633,0.0075277148977769,-1.5543122344752194e-15,PROTOCOL_NOT_FULLY_IDENTICAL
task-v2-6996479d6302,g-60667963f6db3f1b,2207,a2-249f28dc62dd1240939c,diag-run-d712112a4bf1f21b508a,True,True,True,True,0.0,True,True,True,True,False,1.18.0,1.17.0,False,120,120,True,False,-4.6629367034256575e-15,6.485230130692798e-09,1.8435342141742694e-10,4.009015064365684e-10,1.0419118900983904e-09,-6.237380056894892e-11,4.440892098500626e-16,PROTOCOL_NOT_FULLY_IDENTICAL
task-v2-6996479d6302,g-60667963f6db3f1b,3301,a2-ab000f69be1b89eb413f,diag-run-614f3cbda5e993e405e5,True,True,True,True,0.0,True,True,True,True,False,1.18.0,1.17.0,False,120,120,True,False,-2.4424906541753444e-15,0.30472512413066827,-0.07158502706199155,0.025823745011250503,0.15829868485628107,0.0076355854198739,-3.552713678800501e-15,PROTOCOL_NOT_FULLY_IDENTICAL
task-v2-a0f813383468,g-60667963f6db3f1b,1103,a2-cc259eff3df75d8dcae0,diag-run-c46d6d86b0e5a1d6f7b9,True,True,True,True,0.0,True,True,True,True,False,1.18.0,1.17.0,False,120,120,True,False,-5.995204332975845e-15,0.00766121953974421,-6.155131666907288e-05,0.00019271042764460074,0.005552719764699399,9.930753557509976e-05,2.664535259100376e-15,PROTOCOL_NOT_FULLY_IDENTICAL
task-v2-a0f813383468,g-60667963f6db3f1b,2207,a2-ab57abc231255eed846f,diag-run-c3bf5d0c2476cf3fce7e,True,True,True,True,0.0,True,True,True,True,False,1.18.0,1.17.0,False,120,120,True,False,-2.886579864025407e-15,0.5051249032812375,-0.0014940789813833177,0.002258795126872312,0.012690907453012823,0.0018726791232228021,2.4424906541753444e-15,PROTOCOL_NOT_FULLY_IDENTICAL
task-v2-a0f813383468,g-60667963f6db3f1b,3301,a2-505c92621d5ba98431a6,diag-run-82a82b112ed8c31d7016,True,True,True,True,0.0,True,True,True,True,False,1.18.0,1.17.0,False,120,120,True,False,-1.9984014443252818e-15,0.809789247861869,-0.03259282911405026,0.0273864651626744,0.14735951930320623,0.012973471861879901,2.886579864025407e-15,PROTOCOL_NOT_FULLY_IDENTICAL
task-v2-f1a738d52e35,g-60667963f6db3f1b,1103,a2-d28e9711ca5b31d5965f,diag-run-33f28ed14d3468b273d7,True,True,True,True,0.0,True,True,True,True,False,1.18.0,1.17.0,False,120,120,True,False,-3.774758283725532e-15,0.030802290603566686,-7.716478281460937e-06,-2.087760845259981e-05,-0.0008034872181066355,-1.5383449976699888e-05,-2.220446049250313e-15,PROTOCOL_NOT_FULLY_IDENTICAL
task-v2-f1a738d52e35,g-60667963f6db3f1b,2207,a2-d4959ea09e9666739417,diag-run-e38b97f19793231a6dce,True,True,True,True,0.0,True,True,True,True,False,1.18.0,1.17.0,False,120,120,True,False,-8.881784197001252e-16,0.8708821489466599,0.01800782159132841,-0.010776828837967906,-0.09511935820603323,-0.0066946586931526005,4.218847493575595e-15,PROTOCOL_NOT_FULLY_IDENTICAL
task-v2-f1a738d52e35,g-60667963f6db3f1b,3301,a2-6d96482d05cc16b178af,diag-run-e0f6b0943cc6241a299c,True,True,True,True,0.0,True,True,True,True,False,1.18.0,1.17.0,False,120,120,True,False,-2.220446049250313e-16,1.3433310888164942,-0.09537092168412875,-0.0099723495291648,-0.417313157861835,-0.0046737653650685,5.10702591327572e-15,PROTOCOL_NOT_FULLY_IDENTICAL
task-v2-2d64318cb7be,g-6aa6775bed3bc2cc,1103,a2-ba2a74e973ffe262530e,diag-run-52cadb4bb80c2d00ce07,True,True,True,True,0.0,True,True,True,True,False,1.18.0,1.17.0,False,120,120,True,False,-3.1086244689504383e-15,0.5360526525351301,-0.00547079583807486,0.0014878256059056,0.06851118125563727,0.0007693379956651997,-3.1086244689504387e-15,PROTOCOL_NOT_FULLY_IDENTICAL
task-v2-2d64318cb7be,g-6aa6775bed3bc2cc,2207,a2-f395936a950a35282e45,diag-run-f1504ff35dca2c612d43,True,True,True,True,0.0,True,True,True,True,False,1.18.0,1.17.0,False,120,120,True,False,1.7763568394002505e-15,1.9470625112205653e-10,-2.0142776335774215e-11,9.365001829575448e-12,8.965250763992572e-11,6.967999094387167e-12,-1.3322676295501878e-15,PROTOCOL_NOT_FULLY_IDENTICAL
task-v2-2d64318cb7be,g-6aa6775bed3bc2cc,3301,a2-0d8512dd24c905183cc6,diag-run-b8f1f012086082cb4472,True,True,True,True,0.0,True,True,True,True,False,1.18.0,1.17.0,False,120,120,True,False,0.0,0.6659231424746869,0.033898373004771054,-0.007275543386987798,-0.16932281976073815,-0.0045573026032233,-6.661338147750939e-16,PROTOCOL_NOT_FULLY_IDENTICAL
task-v2-3cd2eda112d3,g-6aa6775bed3bc2cc,1103,a2-5712f8bba0ada5d8f37c,diag-run-644bfd72c1fd9736915f,True,True,True,True,0.0,True,True,True,True,False,1.18.0,1.17.0,False,66,95,False,False,4.6629367034256575e-15,0.02748453709930318,1.0863678674422061e-06,1.334678881899018e-06,3.856731890883314e-05,5.22572242799349e-07,-3.996802888650564e-15,PROTOCOL_NOT_FULLY_IDENTICAL
task-v2-3cd2eda112d3,g-6aa6775bed3bc2cc,2207,a2-b9320ef94a963d23ea9d,diag-run-47ad6c67212cc764cabb,True,True,True,True,0.0,True,True,True,True,False,1.18.0,1.17.0,False,120,120,True,False,2.6645352591003757e-15,0.019864425010220708,0.0003280577576818544,0.0010150976395390948,0.005318578018350006,0.0007167618872252965,-6.439293542825908e-15,PROTOCOL_NOT_FULLY_IDENTICAL
task-v2-3cd2eda112d3,g-6aa6775bed3bc2cc,3301,a2-2c0efcc649c26863b113,diag-run-d65d6b8db9c6c5de2f41,True,True,True,True,0.0,True,True,True,True,False,1.18.0,1.17.0,False,120,120,True,False,-5.329070518200751e-15,0.16650629170436618,0.023637929425956772,-0.007870184762595898,-0.1014413211440548,-0.0048364158397568024,1.3322676295501878e-15,PROTOCOL_NOT_FULLY_IDENTICAL
task-v2-4d2b9f5eb099,g-6aa6775bed3bc2cc,1103,a2-ef95b82c9b793a64aeb2,diag-run-9fd5795addb35e0bae6f,True,True,True,True,0.0,True,True,True,True,False,1.18.0,1.17.0,False,48,65,False,False,-2.220446049250313e-16,0.0026994013730135278,-2.036050517073562e-06,1.2683477761000345e-06,0.00010725615300455349,1.2683477761000345e-06,6.8833827526759706e-15,PROTOCOL_NOT_FULLY_IDENTICAL
task-v2-4d2b9f5eb099,g-6aa6775bed3bc2cc,2207,a2-8e27f60d8b0103fee6da,diag-run-1300fab9be985291e7d3,True,True,True,True,0.0,True,True,True,True,False,1.18.0,1.17.0,False,120,120,True,False,-2.886579864025407e-15,0.2100085015367874,0.018071563589979744,-0.0022303852137751006,-0.12851679020787143,-0.0022303852137751006,-1.7763568394002505e-15,PROTOCOL_NOT_FULLY_IDENTICAL
task-v2-4d2b9f5eb099,g-6aa6775bed3bc2cc,3301,a2-ac6c3fef67312f2d6f81,diag-run-01b8033d298f32d77c6f,True,True,True,True,0.0,True,True,True,True,False,1.18.0,1.17.0,False,120,120,True,False,-2.4424906541753444e-15,0.8289317982215538,-0.06169134471736215,0.007029888584415799,0.3383229408272803,0.007029888584415799,2.664535259100376e-15,PROTOCOL_NOT_FULLY_IDENTICAL
task-v2-f4789f22d2c1,g-6aa6775bed3bc2cc,1103,a2-ae0be909c71685955224,diag-run-f00fc235141d531d425b,True,True,True,True,0.0,True,True,True,True,False,1.18.0,1.17.0,False,120,120,True,False,-1.1102230246251565e-15,1.1588438653120647e-08,2.240518881535536e-11,-4.956744008299818e-10,-1.5996640345683488e-08,-2.884334993069615e-10,-3.996802888650564e-15,PROTOCOL_NOT_FULLY_IDENTICAL
task-v2-f4789f22d2c1,g-6aa6775bed3bc2cc,2207,a2-caa2d513498398ee825c,diag-run-60fe2f5eaf1800b791ad,True,True,True,True,0.0,True,True,True,True,False,1.18.0,1.17.0,False,120,120,True,False,-2.886579864025407e-15,0.4798638861102316,0.0026986970976732305,0.0001659037118601006,0.014123116601643698,5.7123630416100035e-05,-1.7763568394002505e-15,PROTOCOL_NOT_FULLY_IDENTICAL
task-v2-f4789f22d2c1,g-6aa6775bed3bc2cc,3301,a2-e7b1d78f6f17479a4430,diag-run-bdd16fae9a32fad2041d,True,True,True,True,0.0,True,True,True,True,False,1.18.0,1.17.0,False,120,120,True,False,-2.886579864025407e-15,0.04557178300145339,0.0018138540470915565,-3.085336697080006e-05,-0.004159074084577302,-3.4957205915899956e-05,-4.440892098500626e-16,PROTOCOL_NOT_FULLY_IDENTICAL
task-v2-0c6c4504c3d3,g-8a16a856f5377a40,1103,a2-596c65f96f94422d8b08,diag-run-59ec4fbc29d0a2b6d6f8,True,True,True,True,0.0,True,True,True,True,False,1.18.0,1.17.0,False,120,120,True,False,-9.992007221626409e-15,0.5186626757503427,-0.012717014267878746,0.004824094723833499,0.1611060692995896,0.000510239249304,1.5543122344752194e-15,PROTOCOL_NOT_FULLY_IDENTICAL
task-v2-0c6c4504c3d3,g-8a16a856f5377a40,2207,a2-eab7a61ab1aa4f648f22,diag-run-53a30bd2806f71fefa94,True,True,True,True,0.0,True,True,True,True,False,1.18.0,1.17.0,False,120,120,True,False,-1.1102230246251565e-15,2.180933059148238e-08,-2.9808451262880453e-09,1.3716259031348876e-09,1.0023111896018122e-08,3.857036010024295e-10,5.10702591327572e-15,PROTOCOL_NOT_FULLY_IDENTICAL
task-v2-0c6c4504c3d3,g-8a16a856f5377a40,3301,a2-627df89e92b70e04fa93,diag-run-895a39f60fbd43c033b6,True,True,True,True,0.0,True,True,True,True,False,1.18.0,1.17.0,False,120,120,True,False,-2.6645352591003757e-15,0.1316931402473535,-0.005515477759792553,-0.004281240234300897,-0.045644180602033346,-0.0009969658718858004,-1.9539925233402755e-14,PROTOCOL_NOT_FULLY_IDENTICAL
task-v2-4968f3a685c2,g-8a16a856f5377a40,1103,a2-fb3b393ca0ceff6fc73b,diag-run-334cedfc73c578d363bb,True,True,True,True,0.0,True,True,True,True,False,1.18.0,1.17.0,False,120,120,True,False,1.6209256159527285e-14,0.07148481597475875,0.005422479638718114,-0.00020725093860239998,-0.05663794082880291,-0.00020725093860239998,-1.3100631690576847e-14,PROTOCOL_NOT_FULLY_IDENTICAL
task-v2-4968f3a685c2,g-8a16a856f5377a40,2207,a2-9e3cc55166e8db689322,diag-run-247be021030988cab799,True,True,True,True,0.0,True,True,True,True,False,1.18.0,1.17.0,False,120,120,True,False,7.327471962526033e-15,0.20540864382717583,0.026210299965792494,-0.0010476575979944,-0.07996418386190807,-0.0010476575979944,1.3988810110276972e-14,PROTOCOL_NOT_FULLY_IDENTICAL
task-v2-4968f3a685c2,g-8a16a856f5377a40,3301,a2-c120dcb07be0aa7cc93a,diag-run-03d1ed8f39b7ce04c187,True,True,True,True,0.0,True,True,True,True,False,1.18.0,1.17.0,False,120,120,True,False,-1.0436096431476471e-14,0.13649635853714415,-0.01725354480088437,0.0007224964372283997,0.05126433779261652,0.0007224964372283997,1.3100631690576847e-14,PROTOCOL_NOT_FULLY_IDENTICAL
task-v2-5de325b6f026,g-8a16a856f5377a40,1103,a2-a97fc604cb4e07748f0b,diag-run-3cf3f211a2b14c7e0f1f,True,True,True,True,0.0,True,True,True,True,False,1.18.0,1.17.0,False,120,120,True,False,3.774758283725532e-15,0.3285067533131218,0.019651500711381997,-0.0038454315607213997,-0.13573925146247534,-0.0025507543063764994,1.0880185641326534e-14,PROTOCOL_NOT_FULLY_IDENTICAL
task-v2-5de325b6f026,g-8a16a856f5377a40,2207,a2-a5ee64b343d8c728d84a,diag-run-940332b18ffb6604fdb5,True,True,True,True,0.0,True,True,True,True,False,1.18.0,1.17.0,False,120,120,True,False,-6.661338147750939e-15,0.15047896294245985,0.0010126751742014495,-0.0004838452179334006,-0.00826514873415074,-0.00030254586009130155,-8.215650382226158e-15,PROTOCOL_NOT_FULLY_IDENTICAL
task-v2-5de325b6f026,g-8a16a856f5377a40,3301,a2-89bbd95d053abb85311f,diag-run-c2648c4ec412a5303b8b,True,True,True,True,0.0,True,True,True,True,False,1.18.0,1.17.0,False,120,120,True,False,4.440892098500626e-15,0.5383575068326392,0.024047675629705445,-0.0047964626001976984,-0.12136352614994417,-0.0024479893774027005,1.4210854715202004e-14,PROTOCOL_NOT_FULLY_IDENTICAL
task-v2-69173fedcdae,g-8a16a856f5377a40,1103,a2-635289ec1dc815723c94,diag-run-ab569068d856ab47b984,True,True,True,True,0.0,True,True,True,True,False,1.18.0,1.17.0,False,120,120,True,False,-5.329070518200751e-15,0.01402365916007104,-0.0001105079768524142,3.278771916889918e-05,0.0009376243076839597,4.684573178800021e-06,1.7763568394002505e-15,PROTOCOL_NOT_FULLY_IDENTICAL
task-v2-69173fedcdae,g-8a16a856f5377a40,2207,a2-18046724de5a2b55b279,diag-run-1021d7d5f4daae64a96b,True,True,True,True,0.0,True,True,True,True,False,1.18.0,1.17.0,False,120,120,True,False,1.687538997430238e-14,1.2584934039328033e-08,2.0145884960243166e-09,-1.5634213923476636e-09,-1.0572034803146835e-08,-4.450355986507226e-10,-5.9952043329758445e-15,PROTOCOL_NOT_FULLY_IDENTICAL
task-v2-69173fedcdae,g-8a16a856f5377a40,3301,a2-e14144a093cfa022a543,diag-run-99edc844e94355ba0af3,True,True,True,True,0.0,True,True,True,True,False,1.18.0,1.17.0,False,120,120,True,False,-4.6629367034256575e-15,0.03997225726283651,-2.3084409531692884e-05,2.9040134244800314e-05,0.0008137892688582227,1.618103834109992e-05,-2.4424906541753444e-15,PROTOCOL_NOT_FULLY_IDENTICAL
task-v2-8f4071cbe937,g-8a16a856f5377a40,1103,a2-4786b4c6f8ce953d55a0,diag-run-fa3a3aa9ac7a41b582ea,True,True,True,True,0.0,True,True,True,True,False,1.18.0,1.17.0,False,120,120,True,False,1.1102230246251565e-15,0.30964787283604545,-0.04439027793855099,0.0017245064783346,0.0778471380067911,0.0008026753744725,-8.437694987151191e-15,PROTOCOL_NOT_FULLY_IDENTICAL
task-v2-8f4071cbe937,g-8a16a856f5377a40,2207,a2-85c6a6afae7a5cb23af7,diag-run-bfc46a4897cd0549a72f,True,True,True,True,0.0,True,True,True,True,False,1.18.0,1.17.0,False,120,120,True,False,-4.440892098500626e-15,0.07082935983827213,0.007414463441396846,0.00036238288701999875,0.010902925378968975,0.0001853051045068001,-2.220446049250313e-16,PROTOCOL_NOT_FULLY_IDENTICAL
task-v2-8f4071cbe937,g-8a16a856f5377a40,3301,a2-3d5bda9d219b3b1d113a,diag-run-d5c3d92762d6a2a11dd2,True,True,True,True,0.0,True,True,True,True,False,1.18.0,1.17.0,False,120,120,True,False,-2.220446049250313e-15,7.2128186090481e-08,-7.4176054187802265e-09,1.9583270075007597e-10,5.654293699919322e-09,1.8167439948257869e-10,-1.2656542480726783e-14,PROTOCOL_NOT_FULLY_IDENTICAL
task-v2-eb1005d46905,g-8a16a856f5377a40,1103,a2-a3c83a5b246d4401b487,diag-run-d1b05e8c56cf8482fc91,True,True,True,True,0.0,True,True,True,True,False,1.18.0,1.17.0,False,120,120,True,False,1.5543122344752192e-15,8.34422042572669e-09,-1.3041190349838416e-10,5.837539999997698e-11,2.845798707795666e-09,1.3782100027198707e-11,-2.886579864025407e-15,PROTOCOL_NOT_FULLY_IDENTICAL
task-v2-eb1005d46905,g-8a16a856f5377a40,2207,a2-bc3c52619234b4fd2c62,diag-run-baebd63fb4f8c3dcef6c,True,True,True,True,0.0,True,True,True,True,False,1.18.0,1.17.0,False,120,120,True,False,6.439293542825908e-15,0.04299204462958689,-0.004335572330524284,-0.0003314683555845979,-0.00297954037745507,-8.41351713900991e-05,-4.440892098500626e-15,PROTOCOL_NOT_FULLY_IDENTICAL
task-v2-eb1005d46905,g-8a16a856f5377a40,3301,a2-ccf43d4662fec8f752fa,diag-run-e00633e420ec9c1b1701,True,True,True,True,0.0,True,True,True,True,False,1.18.0,1.17.0,False,120,120,True,False,-1.2656542480726785e-14,4.947261267318481e-09,-1.6843115790976526e-09,5.69297400887514e-10,8.605354429036538e-09,1.5537590138114954e-10,-7.105427357601002e-15,PROTOCOL_NOT_FULLY_IDENTICAL
task-v2-f0ef0f25a74e,g-8a16a856f5377a40,1103,a2-57de095ee41e1c09b610,diag-run-4c66c3c5391617d1f246,True,True,True,True,0.0,True,True,True,True,False,1.18.0,1.17.0,False,120,120,True,False,-8.43769498715119e-15,0.03627914858425285,-0.0013560888111503466,-1.2302912872599187e-05,-0.00033574659905410975,1.9103632687999562e-06,-2.3314683517128287e-14,PROTOCOL_NOT_FULLY_IDENTICAL
task-v2-f0ef0f25a74e,g-8a16a856f5377a40,2207,a2-83e87aac7ff14b35e091,diag-run-30bd6da58681e0f9ed59,True,True,True,True,0.0,True,True,True,True,False,1.18.0,1.17.0,False,120,120,True,False,-2.020605904817785e-14,0.37039063981674425,0.007397674507971352,0.0044832652651743965,0.023435363393045527,0.0010889183581707963,-1.3322676295501878e-15,PROTOCOL_NOT_FULLY_IDENTICAL
task-v2-f0ef0f25a74e,g-8a16a856f5377a40,3301,a2-11f82ba016e0d41133b0,diag-run-d9fc23154eb2fe57aae3,True,True,True,True,0.0,True,True,True,True,False,1.18.0,1.17.0,False,120,120,True,False,-1.1102230246251565e-15,0.14441938495503814,-0.0009656617961268932,0.00021127173343100242,0.004542068676663513,0.00021947489811569975,8.659739592076221e-15,PROTOCOL_NOT_FULLY_IDENTICAL
task-v2-5acbf653f95a,g-a712031e7959d564,1103,a2-5a93d8b97a4030924f99,diag-run-0028a2826a3e013ff963,True,True,True,True,0.0,True,True,True,True,False,1.18.0,1.17.0,False,120,120,True,False,-6.661338147750939e-16,0.4642199821603814,-0.0074166177922869725,0.0022274096003625007,0.07208188656054726,0.0014142876176999,2.153832667772804e-14,PROTOCOL_NOT_FULLY_IDENTICAL
task-v2-5acbf653f95a,g-a712031e7959d564,2207,a2-78e817707e9a1cbbe8cd,diag-run-f466d1c79f16b25b562b,True,True,True,True,0.0,True,True,True,True,False,1.18.0,1.17.0,False,120,120,True,False,-7.327471962526033e-15,0.5201136167254546,-0.009901430005091916,7.273243620880068e-05,0.0013869843716192154,0.0003838870195719997,-2.4424906541753444e-15,PROTOCOL_NOT_FULLY_IDENTICAL
task-v2-5acbf653f95a,g-a712031e7959d564,3301,a2-4bb0cd3adbf28521bf89,diag-run-4d88c75706a2c794c7d5,True,True,True,True,0.0,True,True,True,True,False,1.18.0,1.17.0,False,120,120,True,False,-4.6629367034256575e-15,0.4622539115966888,-0.0022858781023356034,0.0009289682740780004,0.02540948213094496,0.0010057943334843,2.4424906541753444e-14,PROTOCOL_NOT_FULLY_IDENTICAL
task-v2-5b0627539151,g-a712031e7959d564,1103,a2-2eae65eb56400e718e0b,diag-run-2e4ea5e2152d2ee00463,True,True,True,True,0.0,True,True,True,True,False,1.18.0,1.17.0,False,120,120,True,False,-3.9968028886505635e-15,0.539318028635067,-0.008156674461987423,0.0032638139853393006,0.09187420968270876,0.00023600015962630012,1.5765166949677223e-14,PROTOCOL_NOT_FULLY_IDENTICAL
task-v2-5b0627539151,g-a712031e7959d564,2207,a2-44a04b84ffb362c94780,diag-run-5ef10d2f17a0ed6cca35,True,True,True,True,0.0,True,True,True,True,False,1.18.0,1.17.0,False,120,120,True,False,-8.881784197001252e-16,0.18176170603811048,-0.024255401195835136,0.0018458593179371124,0.010098511253879838,-0.0002692822247231004,-1.1102230246251563e-15,PROTOCOL_NOT_FULLY_IDENTICAL
task-v2-5b0627539151,g-a712031e7959d564,3301,a2-4bd94e041dc0ea0538ff,diag-run-b92184dafc959dd7beb1,True,True,True,True,0.0,True,True,True,True,False,1.18.0,1.17.0,False,120,120,True,False,7.993605777301127e-15,0.00457763715134769,-1.9477834475534195e-05,-6.393193571049838e-05,-0.00036731088162023084,-8.513745147739962e-05,-1.2212453270876722e-14,PROTOCOL_NOT_FULLY_IDENTICAL
task-v2-8792ce3c54d5,g-a712031e7959d564,1103,a2-ca834a341b6cbfc16d25,diag-run-de85f4528b1f7244096d,True,True,True,True,0.0,True,True,True,True,False,1.18.0,1.17.0,False,120,120,True,False,3.774758283725532e-15,1.3498837956385512e-06,-4.3304476449179674e-08,-2.1082728699980957e-08,-9.134046397019091e-07,-2.1082728699980957e-08,1.3322676295501878e-15,PROTOCOL_NOT_FULLY_IDENTICAL
task-v2-8792ce3c54d5,g-a712031e7959d564,2207,a2-6b0f0114a1eb98031ba0,diag-run-355c217819ee66632405,True,True,True,True,0.0,True,True,True,True,False,1.18.0,1.17.0,False,120,120,True,False,1.5765166949677223e-14,0.027492558474082607,-0.0019165513613403906,0.0005814108015737996,0.02909142805043352,0.0005814108015737996,-1.2434497875801752e-14,PROTOCOL_NOT_FULLY_IDENTICAL
task-v2-8792ce3c54d5,g-a712031e7959d564,3301,a2-5c0370489da5cb7ae2ee,diag-run-d01052c2e7945ca969a1,True,True,True,True,0.0,True,True,True,True,False,1.18.0,1.17.0,False,120,120,True,False,-1.7319479184152442e-14,0.0975028395445884,-0.0011337661347481376,0.00038000753707150003,0.017695810371932907,0.00038000753707150003,-5.551115123125783e-15,PROTOCOL_NOT_FULLY_IDENTICAL
task-v2-8c0a098a6f8b,g-a712031e7959d564,1103,a2-887cd5792cbb63a6450a,diag-run-54a38e54bda034120e06,True,True,True,True,0.0,True,True,True,True,False,1.18.0,1.17.0,False,120,120,True,False,-1.509903313490213e-14,0.03780049175097413,0.0005650320665087083,-0.00016581076334419922,-0.004742489815817041,1.3841624249000262e-06,1.6209256159527282e-14,PROTOCOL_NOT_FULLY_IDENTICAL
task-v2-8c0a098a6f8b,g-a712031e7959d564,2207,a2-4d2d98a06e8dd47ae288,diag-run-4cc232e2e1527dfa8a31,True,True,True,True,0.0,True,True,True,True,False,1.18.0,1.17.0,False,120,120,True,False,-1.0880185641326534e-14,0.3220603035090135,-0.014409295759583829,0.011715250659549897,0.05558597080114058,0.0025211541247194998,1.9095836023552686e-14,PROTOCOL_NOT_FULLY_IDENTICAL
task-v2-8c0a098a6f8b,g-a712031e7959d564,3301,a2-f5e2cec2a1fc6d40ca1e,diag-run-7a05b33011dd1bd492e7,True,True,True,True,0.0,True,True,True,True,False,1.18.0,1.17.0,False,120,120,True,False,3.9968028886505635e-15,0.4067706088019471,-0.008913420398162009,0.0035231479912763985,0.08621823502755799,0.0002753895875423,-1.5543122344752194e-15,PROTOCOL_NOT_FULLY_IDENTICAL
task-v2-ac528a9510be,g-a712031e7959d564,1103,a2-71d497f67d7708c35720,diag-run-01fdcf317c6dd31753ae,True,True,True,True,0.0,True,True,True,True,False,1.18.0,1.17.0,False,120,120,True,False,-9.103828801926284e-15,0.2651876302701022,-0.025969589733060516,0.007882719872751,0.07348666562758832,0.0017050515290859998,-1.3322676295501878e-15,PROTOCOL_NOT_FULLY_IDENTICAL
task-v2-ac528a9510be,g-a712031e7959d564,2207,a2-6dbd46e139963fd6cf3c,diag-run-1429e27b5fc1b4b7ee84,True,True,True,True,0.0,True,True,True,True,False,1.18.0,1.17.0,False,120,120,True,False,-1.3322676295501878e-14,0.1834802971442514,0.01481930506357787,-0.008188585360598195,-0.05778534017640968,-0.0013247137733441994,-2.4424906541753444e-15,PROTOCOL_NOT_FULLY_IDENTICAL
task-v2-ac528a9510be,g-a712031e7959d564,3301,a2-afd32032eb59b4a4ace2,diag-run-6bf03b184442bee2900e,True,True,True,True,0.0,True,True,True,True,False,1.18.0,1.17.0,False,120,120,True,False,-1.199040866595169e-14,0.015754731248339593,0.0006150135807876378,0.002643110181812798,0.02219782505719481,0.0008261148886852011,8.659739592076221e-15,PROTOCOL_NOT_FULLY_IDENTICAL
task-v2-c5ed7c8b71f4,g-a712031e7959d564,1103,a2-3a098c32da44a6ab1bcd,diag-run-09d562279c7b3b7a7ef2,True,True,True,True,0.0,True,True,True,True,False,1.18.0,1.17.0,False,120,120,True,False,1.1102230246251565e-15,0.03909417295950617,-0.0004132221072852271,0.00013994985062650012,0.004178124152939944,-7.4922546060001306e-06,-9.992007221626407e-15,PROTOCOL_NOT_FULLY_IDENTICAL
task-v2-c5ed7c8b71f4,g-a712031e7959d564,2207,a2-be84502cd01227dbbea3,diag-run-a96ffe6732140aacc93a,True,True,True,True,0.0,True,True,True,True,False,1.18.0,1.17.0,False,120,120,True,False,-3.9968028886505635e-15,0.41475349616615753,-0.04172104747444072,0.011986488193785103,0.07022082463777735,0.0028639137880916,-1.3322676295501878e-15,PROTOCOL_NOT_FULLY_IDENTICAL
task-v2-c5ed7c8b71f4,g-a712031e7959d564,3301,a2-244333ad1cacf2c87745,diag-run-6a402779bed71aba3ccd,True,True,True,True,0.0,True,True,True,True,False,1.18.0,1.17.0,False,120,120,True,False,-7.549516567451064e-15,0.10712507978888519,0.01165258940021463,-0.002530018754853997,-0.045333020906778376,-7.539107321300007e-05,6.661338147750939e-15,PROTOCOL_NOT_FULLY_IDENTICAL
task-v2-ef23e17da545,g-a712031e7959d564,1103,a2-2b1cb51c1b4941d83f5e,diag-run-aa43fbb2f41a00974c3c,True,True,True,True,0.0,True,True,True,True,False,1.18.0,1.17.0,False,120,120,True,False,-1.1102230246251565e-15,0.7335930041258036,0.032356767216177085,-0.0031201412684104986,-0.05057225851535718,-0.0013408652617692002,-6.8833827526759706e-15,PROTOCOL_NOT_FULLY_IDENTICAL
task-v2-ef23e17da545,g-a712031e7959d564,2207,a2-d75cfe2d0c8877a369a0,diag-run-4c86beb6d583432fa8d8,True,True,True,True,0.0,True,True,True,True,False,1.18.0,1.17.0,False,120,120,True,False,9.992007221626409e-15,0.48140951755096517,-0.003933779951249328,0.0009935959460237037,0.01215385155363724,0.0006473825063708985,1.0658141036401504e-14,PROTOCOL_NOT_FULLY_IDENTICAL
task-v2-ef23e17da545,g-a712031e7959d564,3301,a2-450cf80b0e9b8b71ee3a,diag-run-d954e9319490a97ed284,True,True,True,True,0.0,True,True,True,True,False,1.18.0,1.17.0,False,120,120,True,False,8.659739592076221e-15,0.22688878183338712,-0.05203077701404779,0.0082233601040902,0.09930718112037829,0.0039715826191605,-1.4654943925052066e-14,PROTOCOL_NOT_FULLY_IDENTICAL
task-v2-11173062a501,g-a87f1b9ac089cc45,1103,a2-521d4ea8d2584df96d71,diag-run-84bed8aecb9d96272397,True,True,True,True,0.0,True,True,True,True,False,1.18.0,1.17.0,False,120,120,True,False,2.930988785010413e-14,0.423852596070005,0.016543049854259806,-5.0863683307998675e-05,-0.0020356241667141006,-6.905494079579959e-05,5.329070518200752e-14,PROTOCOL_NOT_FULLY_IDENTICAL
task-v2-11173062a501,g-a87f1b9ac089cc45,2207,a2-c7b76045ea102c77ea71,diag-run-b4b35c0a70785eb49735,True,True,True,True,0.0,True,True,True,True,False,1.18.0,1.17.0,False,120,120,True,False,8.970602038971265e-14,0.6244312285737584,-0.06365537182689063,0.0052307311764594,0.27210285674890544,0.0016828287889176,5.5955240441107896e-14,PROTOCOL_NOT_FULLY_IDENTICAL
task-v2-11173062a501,g-a87f1b9ac089cc45,3301,a2-8f5a3c055d4818cb527b,diag-run-7db8c1ec0c71a0d4f34d,True,True,True,True,0.0,True,True,True,True,False,1.18.0,1.17.0,False,120,120,True,False,-2.5091040356528538e-14,0.47695122664817435,-0.020088649123730873,0.0026604797686864004,0.15015196699895217,0.0008221211886755,1.199040866595169e-14,PROTOCOL_NOT_FULLY_IDENTICAL
task-v2-4746dcc3bd93,g-a87f1b9ac089cc45,1103,a2-7dcc3fc8e482656fed16,diag-run-dd4fec38e0229acf5933,True,True,True,True,0.0,True,True,True,True,False,1.18.0,1.17.0,False,120,120,True,False,5.062616992290714e-14,0.16828344744461798,0.010471203263679119,-0.00023805147295389998,-0.05362602562444607,-0.00023805147295389998,9.992007221626409e-14,PROTOCOL_NOT_FULLY_IDENTICAL
task-v2-4746dcc3bd93,g-a87f1b9ac089cc45,2207,a2-2bccc6b12857fbff7ce3,diag-run-16c9e5c3e0b9de5411e2,True,True,True,True,0.0,True,True,True,True,False,1.18.0,1.17.0,False,120,120,True,False,1.2501111257279263e-13,0.05294015040184874,-0.010474523313227069,4.1716894954800174e-05,0.006160000282384281,4.1716894954800174e-05,0.0,PROTOCOL_NOT_FULLY_IDENTICAL
task-v2-4746dcc3bd93,g-a87f1b9ac089cc45,3301,a2-72a4f095da62f0171703,diag-run-f742811c21c11918e44e,True,True,True,True,0.0,True,True,True,True,False,1.18.0,1.17.0,False,120,120,True,False,8.038014698286133e-14,1.6322371044004864,-0.003653722456845143,0.0012373004881777003,0.1473232386012442,0.0012373004881777003,1.494360191145461e-13,PROTOCOL_NOT_FULLY_IDENTICAL
task-v2-7133b996bac7,g-a87f1b9ac089cc45,1103,a2-39f053f87fdc2b6ec538,diag-run-08692e7d6eccba5125cc,True,True,True,True,0.0,True,True,True,True,False,1.18.0,1.17.0,False,120,120,True,False,2.19824158875781e-14,1.587156740277198,0.007288829919517736,0.0022835407490761003,0.28627532093069696,0.0013708351990697999,8.393286066166183e-14,PROTOCOL_NOT_FULLY_IDENTICAL
task-v2-7133b996bac7,g-a87f1b9ac089cc45,2207,a2-273b5bbfa13d0def2c0f,diag-run-9cd4ee20727711853a26,True,True,True,True,0.0,True,True,True,True,False,1.18.0,1.17.0,False,120,120,True,False,6.195044477408373e-14,0.18934344901037825,-0.005835900158377205,0.0007879904892459,0.10897384327178417,0.0005499732882806999,-2.753353101070388e-14,PROTOCOL_NOT_FULLY_IDENTICAL
task-v2-7133b996bac7,g-a87f1b9ac089cc45,3301,a2-727c82e9dca054b3cdba,diag-run-487fb49c5d813723c93c,True,True,True,True,0.0,True,True,True,True,False,1.18.0,1.17.0,False,120,120,True,False,-8.903988657493755e-14,0.15889265735442315,-0.008222868752270962,-0.0006685782784233998,-0.07694491707631679,-0.00041879672212700005,-1.820765760385257e-13,PROTOCOL_NOT_FULLY_IDENTICAL
task-v2-7d4ec5aed494,g-a87f1b9ac089cc45,1103,a2-a84cb6fcf8e92d92e6f9,diag-run-cb182e46b8bb8695ad10,True,True,True,True,0.0,True,True,True,True,False,1.18.0,1.17.0,False,120,120,True,False,-1.1612932837579137e-13,0.1995507726664355,-0.02536729786089187,2.029558376420021e-05,0.0022102814757540834,4.051469088600136e-06,1.2523315717771768e-13,PROTOCOL_NOT_FULLY_IDENTICAL
task-v2-7d4ec5aed494,g-a87f1b9ac089cc45,2207,a2-f5b4ca94ac5d11383898,diag-run-9bb4da59867716605222,True,True,True,True,0.0,True,True,True,True,False,1.18.0,1.17.0,False,120,120,True,False,-1.4921397450962104e-13,1.2060909402649909,-0.0010484967022839076,-0.00023149031636919993,-0.04147157762160569,-0.0001491760704952997,-3.3306690738754696e-15,PROTOCOL_NOT_FULLY_IDENTICAL
task-v2-7d4ec5aed494,g-a87f1b9ac089cc45,3301,a2-1f65c79b9a51bc1b1b94,diag-run-b2e4cd39bd9c843baa96,True,True,True,True,0.0,True,True,True,True,False,1.18.0,1.17.0,False,120,120,True,False,2.220446049250313e-15,0.19204667873432976,0.024747365903337704,-0.0010515834434364,-0.19574331492177688,-0.000845982320768,3.086420008457935e-14,PROTOCOL_NOT_FULLY_IDENTICAL
task-v2-b9b3757d64c0,g-a87f1b9ac089cc45,1103,a2-53d7acc6f5cb95bf781d,diag-run-7fe7bcab1761e8ca294b,True,True,True,True,0.0,True,True,True,True,False,1.18.0,1.17.0,False,120,120,True,False,1.2256862191861728e-13,4.768383146114274e-07,6.243541461614655e-08,1.0348544998359244e-09,9.357832198020333e-08,6.558261000239041e-10,7.616129948928575e-14,PROTOCOL_NOT_FULLY_IDENTICAL
task-v2-b9b3757d64c0,g-a87f1b9ac089cc45,2207,a2-bebdb169ebc62b0646c6,diag-run-3de2bdf78da27b5972a6,True,True,True,True,0.0,True,True,True,True,False,1.18.0,1.17.0,False,120,120,True,False,-1.829647544582258e-13,0.23473807983549477,0.00013977255290464896,0.0015577188550622003,0.089419490441772,0.0008235635590239996,3.26405569239796e-14,PROTOCOL_NOT_FULLY_IDENTICAL
task-v2-b9b3757d64c0,g-a87f1b9ac089cc45,3301,a2-17a47136dfeea26ff1c8,diag-run-a51b9e8f5a4fbc7550db,True,True,True,True,0.0,True,True,True,True,False,1.18.0,1.17.0,False,120,120,True,False,-2.886579864025407e-15,0.4350123849371312,-0.057027883563780524,0.0020596025564663,0.16152272315437166,0.0010770997248637,-1.554312234475219e-14,PROTOCOL_NOT_FULLY_IDENTICAL
task-v2-c95d7e1ff6e7,g-a87f1b9ac089cc45,1103,a2-c10f7891418f3f3cd9a2,diag-run-e9d7728978f554723306,True,True,True,True,0.0,True,True,True,True,False,1.18.0,1.17.0,False,120,120,True,False,-2.842170943040401e-14,0.019661204055379407,7.320881771422094e-05,-9.19773544998722e-08,-2.9625906156294235e-05,5.576499681000002e-07,-4.085620730620576e-14,PROTOCOL_NOT_FULLY_IDENTICAL
task-v2-c95d7e1ff6e7,g-a87f1b9ac089cc45,2207,a2-87f3c086b49bd4137ac4,diag-run-b31e208425eba1088758,True,True,True,True,0.0,True,True,True,True,False,1.18.0,1.17.0,False,120,120,True,False,-8.326672684688674e-14,0.16189257836400464,0.020596986060017475,-0.0013229554031129,-0.13385335621110395,-0.00044710748518490004,-5.9952043329758445e-15,PROTOCOL_NOT_FULLY_IDENTICAL
task-v2-c95d7e1ff6e7,g-a87f1b9ac089cc45,3301,a2-34b6d177750e829535e2,diag-run-f3591ee7a3b059d01442,True,True,True,True,0.0,True,True,True,True,False,1.18.0,1.17.0,False,120,120,True,False,2.8199664825478976e-14,0.09458988849026738,-0.02258284675909983,1.6375038386399966e-05,0.011256303106061738,1.27124849776e-05,8.881784197001252e-14,PROTOCOL_NOT_FULLY_IDENTICAL
task-v2-f5c9b9bdeb27,g-a87f1b9ac089cc45,1103,a2-7062d5959409fd987549,diag-run-9fb0e8b29d372ae6f3c2,True,True,True,True,0.0,True,True,True,True,False,1.18.0,1.17.0,False,120,120,True,False,-9.592326932761353e-14,0.5261517789278147,-0.02199924763414307,0.00044383556680549995,0.14236340103024991,5.162323079710001e-05,-1.2212453270876722e-14,PROTOCOL_NOT_FULLY_IDENTICAL
task-v2-f5c9b9bdeb27,g-a87f1b9ac089cc45,2207,a2-28386a6d4e3ecc111a0c,diag-run-83a03708a2995b8180e4,True,True,True,True,0.0,True,True,True,True,False,1.18.0,1.17.0,False,120,120,True,False,-7.993605777301127e-15,0.06948722345410285,0.0010607410315310872,0.00035404298863219927,0.01783294743101349,8.332542880590006e-05,-2.753353101070388e-14,PROTOCOL_NOT_FULLY_IDENTICAL
task-v2-f5c9b9bdeb27,g-a87f1b9ac089cc45,3301,a2-c034f2b98128706ec696,diag-run-dfcad14b918574f48257,True,True,True,True,0.0,True,True,True,True,False,1.18.0,1.17.0,False,120,120,True,False,8.992806499463768e-14,0.4721597553482062,0.011884567785099165,-0.0003511755230718998,-0.11386132173481767,-3.85252926803e-05,-3.6415315207705135e-14,PROTOCOL_NOT_FULLY_IDENTICAL
task-v2-59a464f36e13,g-bd62d2d752385cc7,1103,a2-4d31988d487a84b1c2ab,diag-run-3ebd1797a7119f731183,True,True,True,True,0.0,True,True,True,True,False,1.18.0,1.17.0,False,120,120,True,False,-1.4432899320127035e-14,0.5156259624124939,-0.07332033207476973,0.0013033521140581998,0.18439327099306624,0.0013033521140581998,2.242650509742816e-14,PROTOCOL_NOT_FULLY_IDENTICAL
task-v2-59a464f36e13,g-bd62d2d752385cc7,2207,a2-cccab2b1109ad302f11c,diag-run-d56278bfe90cdb63f09d,True,True,True,True,0.0,True,True,True,True,False,1.18.0,1.17.0,False,120,120,True,False,-2.4646951146678475e-14,0.9334138724325729,0.028999683385147135,-0.0007195764834382998,-0.12682866069611753,-0.0007195764834382998,-5.773159728050814e-15,PROTOCOL_NOT_FULLY_IDENTICAL
task-v2-59a464f36e13,g-bd62d2d752385cc7,3301,a2-1ae91fc5216e6b5a1dff,diag-run-cdbbc0f59bd9646943cd,True,True,True,True,0.0,True,True,True,True,False,1.18.0,1.17.0,False,120,120,True,False,-8.215650382226158e-15,3.678419169261815e-08,-6.185986389795062e-09,-1.2674480041885428e-10,-1.3925199660036469e-08,-1.2674480041885428e-10,1.6875389974302383e-14,PROTOCOL_NOT_FULLY_IDENTICAL
task-v2-5b5a3995de2b,g-bd62d2d752385cc7,1103,a2-3cc3e2f64bc4c85a30b2,diag-run-7113c77ca0548ce5faa0,True,True,True,True,0.0,True,True,True,True,False,1.18.0,1.17.0,False,120,120,True,False,-8.104628079763643e-14,0.010827104598933879,0.0006464937688521744,1.8217673216499967e-05,0.0024305238685466968,7.343234508699935e-06,2.8199664825478976e-14,PROTOCOL_NOT_FULLY_IDENTICAL
task-v2-5b5a3995de2b,g-bd62d2d752385cc7,2207,a2-01c4803874686e0b5342,diag-run-3d85278542bd5fbfe350,True,True,True,True,0.0,True,True,True,True,False,1.18.0,1.17.0,False,120,120,True,False,-4.4853010194856324e-14,0.45364527547067257,-0.0329837389569656,0.0073657021675319,0.15792303860768442,0.002437348124711901,5.3290705182007506e-15,PROTOCOL_NOT_FULLY_IDENTICAL
task-v2-5b5a3995de2b,g-bd62d2d752385cc7,3301,a2-e9c0def4e7b284a6eafb,diag-run-3091ded5cc6f13bb3bc2,True,True,True,True,0.0,True,True,True,True,False,1.18.0,1.17.0,False,120,120,True,False,2.3314683517128287e-14,0.19662673774148587,-0.031964426392356415,-0.0007011780104023008,-0.022019163864151814,-5.555594091790055e-05,1.9984014443252815e-14,PROTOCOL_NOT_FULLY_IDENTICAL
task-v2-5d31ef4af595,g-bd62d2d752385cc7,1103,a2-c7c6f26ea2edf1dca195,diag-run-5a5547e31cc7f13c9118,True,True,True,True,0.0,True,True,True,True,False,1.18.0,1.17.0,False,120,120,True,False,-9.325873406851315e-15,0.5254613506004533,-0.046023895746055254,0.0021431256268196,0.22604427268123106,0.0005287541417340999,-1.7319479184152442e-14,PROTOCOL_NOT_FULLY_IDENTICAL
task-v2-5d31ef4af595,g-bd62d2d752385cc7,2207,a2-a53edc00b5a5f0da30ff,diag-run-105f2ff9568bf5c8e321,True,True,True,True,0.0,True,True,True,True,False,1.18.0,1.17.0,False,120,120,True,False,-3.3084646133829665e-14,0.01938731231418222,-0.0013616955873172465,-9.154570519849872e-05,-0.003351355415794899,-3.102150005359922e-05,3.3306690738754696e-14,PROTOCOL_NOT_FULLY_IDENTICAL
task-v2-5d31ef4af595,g-bd62d2d752385cc7,3301,a2-b929e26caec4afa053c7,diag-run-2dcdddb63bb5082ac026,True,True,True,True,0.0,True,True,True,True,False,1.18.0,1.17.0,False,120,120,True,False,5.5067062021407764e-14,1.3458061598470294e-07,8.811835927602374e-09,-3.3602466018023414e-09,-8.94159732922617e-08,-1.2287149006584563e-09,3.419486915845482e-14,PROTOCOL_NOT_FULLY_IDENTICAL
task-v2-a2561503b5d0,g-bd62d2d752385cc7,1103,a2-6b4ee667960f5b0d2ce3,diag-run-b767fb0f8331580bb59b,True,True,True,True,0.0,True,True,True,True,False,1.18.0,1.17.0,False,120,120,True,False,-9.059419880941277e-14,0.6491624023879293,0.05122024842656314,-2.398126322099986e-05,-0.0019929513694965095,0.00019009710405019963,-1.2878587085651816e-14,PROTOCOL_NOT_FULLY_IDENTICAL
task-v2-a2561503b5d0,g-bd62d2d752385cc7,2207,a2-d697a68d6b1fc6d3d57a,diag-run-bc00ee0fe8054275fd04,True,True,True,True,0.0,True,True,True,True,False,1.18.0,1.17.0,False,120,120,True,False,-1.6653345369377348e-14,0.05649843515896169,0.009366381931694923,-6.163366024910036e-05,-0.004011676447837509,-4.4979221970200146e-05,1.3988810110276972e-14,PROTOCOL_NOT_FULLY_IDENTICAL
task-v2-a2561503b5d0,g-bd62d2d752385cc7,3301,a2-cbb7f32c1ec78ef11c57,diag-run-f360e9c150ce558785e0,True,True,True,True,0.0,True,True,True,True,False,1.18.0,1.17.0,False,120,120,True,False,1.2878587085651816e-14,0.0576687800580337,-0.008776965302114803,9.199423702779992e-05,0.006962403700180975,8.038976669160012e-05,-3.7081449022480235e-14,PROTOCOL_NOT_FULLY_IDENTICAL
task-v2-cf1a83d8dbf9,g-bd62d2d752385cc7,1103,a2-7c8cfe475b0696bac7a8,diag-run-3a5ead527b918b8cb74f,True,True,True,True,0.0,True,True,True,True,False,1.18.0,1.17.0,False,120,120,True,False,2.6645352591003757e-15,0.5696712707428869,-0.04190543634844013,0.0026206603821124995,0.24786730474829133,0.0006405441493824999,-2.8421709430404014e-14,PROTOCOL_NOT_FULLY_IDENTICAL
task-v2-cf1a83d8dbf9,g-bd62d2d752385cc7,2207,a2-b9d725360b2a7099bc70,diag-run-31a59cbd6af99ee5f173,True,True,True,True,0.0,True,True,True,True,False,1.18.0,1.17.0,False,120,120,True,False,2.4424906541753444e-14,0.6245363456747746,0.01231214023451721,-0.0075040069866467995,-0.14972258978042063,-0.002338641242401,1.554312234475219e-14,PROTOCOL_NOT_FULLY_IDENTICAL
task-v2-cf1a83d8dbf9,g-bd62d2d752385cc7,3301,a2-0af3902beaded90c3037,diag-run-e2f6ecd38df756b628aa,True,True,True,True,0.0,True,True,True,True,False,1.18.0,1.17.0,False,120,120,True,False,7.771561172376096e-15,1.070336828170315,-0.3120397189643429,0.015552135249373,0.4246971145176315,0.0035809238001432,-2.3536728122053322e-14,PROTOCOL_NOT_FULLY_IDENTICAL
task-v2-e243a3cd3e64,g-bd62d2d752385cc7,1103,a2-7550d90ef3712d295f7a,diag-run-e7d12320929bc9ac8e5b,True,True,True,True,0.0,True,True,True,True,False,1.18.0,1.17.0,False,120,120,True,False,-1.5543122344752192e-15,0.015219309535896843,2.6707922447855026e-05,-7.21320194299992e-06,-0.0009381182679795153,-3.062105717699967e-06,3.419486915845482e-14,PROTOCOL_NOT_FULLY_IDENTICAL
task-v2-e243a3cd3e64,g-bd62d2d752385cc7,2207,a2-ca07eaeffa41a357a8c5,diag-run-8fe2d38058e813c0b318,True,True,True,True,0.0,True,True,True,True,False,1.18.0,1.17.0,False,120,120,True,False,3.4638958368304884e-14,0.04451662805104645,0.006530119499320364,-0.0006727334241744022,-0.014296822494585637,-0.00019434870210279995,1.0658141036401504e-14,PROTOCOL_NOT_FULLY_IDENTICAL
task-v2-e243a3cd3e64,g-bd62d2d752385cc7,3301,a2-bb0b4c5202f0d624b0f7,diag-run-40e382fcedbdf3de4815,True,True,True,True,0.0,True,True,True,True,False,1.18.0,1.17.0,False,120,120,True,False,-2.2870594307278225e-14,0.3343381896374443,0.04003488202017769,-0.0011723987398827,-0.04797388474072317,-0.0001369100216337001,-4.329869796038111e-14,PROTOCOL_NOT_FULLY_IDENTICAL
task-v2-f6d986d24578,g-bd62d2d752385cc7,1103,a2-03f0e7f139d97b8525fb,diag-run-aa757cfa051334d0b2a5,True,True,True,True,0.0,True,True,True,True,False,1.18.0,1.17.0,False,120,120,True,False,-2.8199664825478976e-14,0.99676372981482,0.032387262068866995,-0.005306952027069401,-0.22683702594928867,-0.0018177908375610996,8.659739592076221e-15,PROTOCOL_NOT_FULLY_IDENTICAL
task-v2-f6d986d24578,g-bd62d2d752385cc7,2207,a2-b54c80dda23386d17960,diag-run-9ad2c8763028433b1e56,True,True,True,True,0.0,True,True,True,True,False,1.18.0,1.17.0,False,120,120,True,False,1.3766765505351941e-14,5.49309234543216e-07,-3.9808599083812624e-08,2.0543196499814287e-08,6.860687520315878e-07,7.475574499704596e-09,1.7763568394002505e-14,PROTOCOL_NOT_FULLY_IDENTICAL
task-v2-f6d986d24578,g-bd62d2d752385cc7,3301,a2-90906bad11157c8bcc9f,diag-run-a59272ae74daba0f990c,True,True,True,True,0.0,True,True,True,True,False,1.18.0,1.17.0,False,120,120,True,False,3.2862601528904634e-14,0.12994176218133938,0.027453168512642456,7.989330873519988e-05,0.0032633633085419333,0.00021673796773079984,7.993605777301127e-15,PROTOCOL_NOT_FULLY_IDENTICAL
task-v2-420d9636beee,g-e0c69f84d376b633,1103,a2-a076be06362c16ebff61,diag-run-b3921aaf4907e37403d8,True,True,True,True,0.0,True,True,True,True,False,1.18.0,1.17.0,False,120,120,True,False,-5.773159728050814e-15,0.22708836068155858,-0.0052402307107011215,0.0006016693946942001,0.10352649728446961,0.0006016693946942001,2.3314683517128287e-14,PROTOCOL_NOT_FULLY_IDENTICAL
task-v2-420d9636beee,g-e0c69f84d376b633,2207,a2-fdd0159737032613b261,diag-run-f86fab816ae5ba52dffa,True,True,True,True,0.0,True,True,True,True,False,1.18.0,1.17.0,False,120,120,True,False,1.9095836023552692e-14,0.3784584560728806,0.03170074270222334,-0.0012082557937898,-0.11963208077323984,-0.0012082557937898,-1.305622276959184e-13,PROTOCOL_NOT_FULLY_IDENTICAL
task-v2-420d9636beee,g-e0c69f84d376b633,3301,a2-a50825932ab2cf27de77,diag-run-78204bf7d3efeae878ba,True,True,True,True,0.0,True,True,True,True,False,1.18.0,1.17.0,False,120,120,True,False,5.5067062021407764e-14,0.4089242759144093,-0.08549792231881725,0.0013484803535830001,0.2508115163758764,0.0013484803535830001,1.7141843500212417e-13,PROTOCOL_NOT_FULLY_IDENTICAL
task-v2-526a936f38d9,g-e0c69f84d376b633,1103,a2-e53f0e21ad2bd88dee4c,diag-run-4d44f634c27acec1923a,True,True,True,True,0.0,True,True,True,True,False,1.18.0,1.17.0,False,120,120,True,False,1.2922996006636822e-13,0.15713318942083848,0.03608661262687107,-0.0012542845690776006,-0.10352538576218606,-0.0002578981364893,-1.1501910535116622e-13,PROTOCOL_NOT_FULLY_IDENTICAL
task-v2-526a936f38d9,g-e0c69f84d376b633,2207,a2-83c74a432a85654b911f,diag-run-646d19694f6f39c9b7b1,True,True,True,True,0.0,True,True,True,True,False,1.18.0,1.17.0,False,120,120,True,False,7.904787935331115e-14,0.09666431194807412,-0.008265070302824418,0.0010438471244169,0.06821416285278703,0.00030840479344449996,4.6629367034256575e-15,PROTOCOL_NOT_FULLY_IDENTICAL
task-v2-526a936f38d9,g-e0c69f84d376b633,3301,a2-1c94d37a62395529071d,diag-run-c6717531bd7c7fd94b4e,True,True,True,True,0.0,True,True,True,True,False,1.18.0,1.17.0,False,120,120,True,False,-9.325873406851315e-14,0.5877556792920604,-0.08510280125802994,0.004824577187439501,0.30354923209197615,0.0010406258148020998,-9.70334923522387e-14,PROTOCOL_NOT_FULLY_IDENTICAL
task-v2-5f165c277bb9,g-e0c69f84d376b633,1103,a2-0869212abea2b1fd3a94,diag-run-a3aab5fdea67586be165,True,True,True,True,0.0,True,True,True,True,False,1.18.0,1.17.0,False,120,120,True,False,-1.8340884366807586e-13,0.05140221670157796,0.008763849443251148,-0.0002724246280186027,-0.006839835046167142,-4.1371222409900075e-05,-8.082423619271141e-14,PROTOCOL_NOT_FULLY_IDENTICAL
task-v2-5f165c277bb9,g-e0c69f84d376b633,2207,a2-d8fe55c949ed1764a91a,diag-run-1ee9ee51d21795397ca3,True,True,True,True,0.0,True,True,True,True,False,1.18.0,1.17.0,False,120,120,True,False,-7.72715225139109e-14,0.133523484569964,-0.020833705502350863,0.0008783034030395015,0.02303298926686015,0.0001733025090199002,8.038014698286133e-14,PROTOCOL_NOT_FULLY_IDENTICAL
task-v2-5f165c277bb9,g-e0c69f84d376b633,3301,a2-6fbc97b87ec3712f9c2d,diag-run-fde576034dc4442d2aca,True,True,True,True,0.0,True,True,True,True,False,1.18.0,1.17.0,False,120,120,True,False,-9.281464485866309e-14,0.6642464490942326,-0.06768646403268708,0.012387636024114199,0.348149904968829,0.0020369664249653,-1.0658141036401505e-13,PROTOCOL_NOT_FULLY_IDENTICAL
task-v2-6e79cb6720c5,g-e0c69f84d376b633,1103,a2-fc6fd4a1c287c3f317a0,diag-run-d8cb64f1fb0bc0616879,True,True,True,True,0.0,True,True,True,True,False,1.18.0,1.17.0,False,120,120,True,False,-7.704947790898586e-14,0.4518812431115526,-0.060347630716096834,0.0025799418770399004,0.19910132332436126,0.0013625184895353,-6.994405055138486e-14,PROTOCOL_NOT_FULLY_IDENTICAL
task-v2-6e79cb6720c5,g-e0c69f84d376b633,2207,a2-bb86a59571af3344e6ed,diag-run-624ae8424b561c649c7a,True,True,True,True,0.0,True,True,True,True,False,1.18.0,1.17.0,False,120,120,True,False,-1.0480505352461478e-13,0.453908396770753,-0.05692926850247981,0.004341390855210201,0.25616400870609235,0.0019529875300010003,-4.796163466380676e-14,PROTOCOL_NOT_FULLY_IDENTICAL
task-v2-6e79cb6720c5,g-e0c69f84d376b633,3301,a2-9f6c10c87cf9299a78de,diag-run-d27b173d5be181edff5e,True,True,True,True,0.0,True,True,True,True,False,1.18.0,1.17.0,False,120,120,True,False,-1.1235457009206584e-13,0.09881623195841094,-0.011378523211490688,0.00020493664840760036,0.012426076156940802,0.000133788264472,-1.5698553568199713e-13,PROTOCOL_NOT_FULLY_IDENTICAL
task-v2-780e1209d403,g-e0c69f84d376b633,1103,a2-11bd219fc6c6e8f5bed5,diag-run-36fa369d6bbf2acfb2a7,True,True,True,True,0.0,True,True,True,True,False,1.18.0,1.17.0,False,120,120,True,False,-1.3677947663381929e-13,0.6120489377112135,-0.05506581687953638,0.0030065798560827,0.2500787416894017,0.00047323357078930004,1.2589929099249278e-13,PROTOCOL_NOT_FULLY_IDENTICAL
task-v2-780e1209d403,g-e0c69f84d376b633,2207,a2-9c6d12c8bd5ece815c3f,diag-run-516ae8866c9bd57a4714,True,True,True,True,0.0,True,True,True,True,False,1.18.0,1.17.0,False,120,120,True,False,6.994405055138486e-14,0.44474315968638745,-0.00676810046078713,0.004205993474378798,0.08930841217773944,0.0006852268465269997,-1.7985612998927536e-14,PROTOCOL_NOT_FULLY_IDENTICAL
task-v2-780e1209d403,g-e0c69f84d376b633,3301,a2-8e092b7d89ed0796159e,diag-run-ca9f53568dcfe7d60488,True,True,True,True,0.0,True,True,True,True,False,1.18.0,1.17.0,False,120,120,True,False,1.6830981053317373e-13,0.4090152583942808,0.022385378349387697,0.0033516398548305015,0.0802947286417095,0.0004430711584956998,-9.481304630298837e-14,PROTOCOL_NOT_FULLY_IDENTICAL
task-v2-89b7591232ff,g-e0c69f84d376b633,1103,a2-d71a131ad1facc72c35c,diag-run-408800c644d160489091,True,True,True,True,0.0,True,True,True,True,False,1.18.0,1.17.0,False,120,120,True,False,1.5876189252139739e-13,0.11587176675835575,0.0021411717428814203,-0.0003380377918862998,-0.05328179724907489,-7.560216814699985e-06,1.2145839889399213e-13,PROTOCOL_NOT_FULLY_IDENTICAL
task-v2-89b7591232ff,g-e0c69f84d376b633,2207,a2-461afcd981f6637159a9,diag-run-2816bcb27f62bb17db76,True,True,True,True,0.0,True,True,True,True,False,1.18.0,1.17.0,False,120,120,True,False,-5.728750807065808e-14,0.1303518484040308,-0.004601678991794644,0.0011339742336396001,0.02297204313863599,7.185970096280046e-05,-9.83657599817889e-14,PROTOCOL_NOT_FULLY_IDENTICAL
task-v2-89b7591232ff,g-e0c69f84d376b633,3301,a2-83021cafe51b3b39aef4,diag-run-fd25c0e40fad3038f17c,True,True,True,True,0.0,True,True,True,True,False,1.18.0,1.17.0,False,120,120,True,False,3.6415315207705135e-14,0.10788914832229013,-0.014174833939332832,0.0014522822696030994,0.08520630482068636,0.00023268464217530006,5.5511151231257833e-14,PROTOCOL_NOT_FULLY_IDENTICAL
task-v2-e449b07a1126,g-e0c69f84d376b633,1103,a2-a9395def52d012980b56,diag-run-afac594a238ba9310257,True,True,True,True,0.0,True,True,True,True,False,1.18.0,1.17.0,False,120,120,True,False,3.863576125695545e-14,0.36300615961836324,-0.03842898751531654,0.0017663170088575001,0.20241812228645095,0.0010347148732205,1.2279066652354234e-13,PROTOCOL_NOT_FULLY_IDENTICAL
task-v2-e449b07a1126,g-e0c69f84d376b633,2207,a2-5c75880c8709ad6c25b2,diag-run-ac48fdc494c9ab79a08a,True,True,True,True,0.0,True,True,True,True,False,1.18.0,1.17.0,False,120,120,True,False,-2.0228263508670352e-13,0.42913045136124794,-0.04802906786321226,0.0021844514447673,0.18148636706191468,0.0012509041251652,4.9960036108132044e-14,PROTOCOL_NOT_FULLY_IDENTICAL
task-v2-e449b07a1126,g-e0c69f84d376b633,3301,a2-e556e4076ad16dffcbeb,diag-run-44d36e5885931b6650b5,True,True,True,True,0.0,True,True,True,True,False,1.18.0,1.17.0,False,120,120,True,False,-9.414691248821327e-14,0.4173252672428811,-0.044225522730934275,0.0030215690428294,0.26466213179692355,0.0017209702358053996,-6.439293542825908e-15,PROTOCOL_NOT_FULLY_IDENTICAL
