task_id,base_graph_id,base_instance_id,split,size_m,target_n_edges,actual_n_edges,n_nodes,n_edges,state_space_size,n_candidate_routes,n_feasible_routes,route_feasible_fraction,n_feasible_states,feasible_state_fraction,phi_state,dilution_score,D,log10_n_feasible,m_log10_2,log10_phi_reconstructed,identity_error,budget,n_optimal_states,optimal_cost,optimal_state_ids,raw_energy_min,raw_energy_max,raw_energy_span,normalized_energy_min,normalized_energy_max,normalized_energy_span,min_infeasible_energy_raw,max_feasible_energy_raw,penalty_separation_raw,strict_energy_separation,penalty_ground_state_valid,penalty_ground_state_resource_feasible,penalty_ground_state_exact_original_optimal,penalty_contract_pass,route_enumeration_feasible_count,edge_bit_validator_feasible_count,feasible_count_agreement,flow_scale,resource_scale,global_penalty_coefficient,global_normalization_factor,path_redundancy,average_out_degree,maximum_out_degree,bottleneck_score,source_target_hop_min,source_target_hop_max,graph_density
task-p3-047cd6484381c411,g-31c1e4ae69d6af03,phase3-m22-b02-g-31c1e4ae69d6af03,extrapolation_holdout,22,22,22,13,22,4194304,17,5,0.29411764705882354,5,1.1920928955078125e-06,1.1920928955078125e-06,5.923689900271567,5.923689900271567,0.6989700043360189,6.622659904607587,-5.923689900271568,8.881784197001252e-16,1980.0,1,12.0,[131332],12.0,732.0377870207212,720.0377870207212,0.06030150753768844,3.6785818443252323,3.618280336787544,207.3657036724938,25.0,182.3657036724938,True,True,True,True,True,5,5,True,46.0,11337.0,199.0,199.0,1.5454545454545454,1.6923076923076923,3,0.5882352941176471,3,5,0.28205128205128205
task-p3-04f5724e5817ad06,g-bb12128d9b6a7786,phase3-m22-b00-g-bb12128d9b6a7786,extrapolation_holdout,22,22,22,10,22,4194304,14,8,0.5714285714285714,8,1.9073486328125e-06,1.9073486328125e-06,5.719569917615643,5.719569917615643,0.9030899869919435,6.622659904607587,-5.719569917615643,0.0,1565.0,1,4.0,[262160],4.0,856.4874095756369,852.4874095756369,0.020100502512562814,4.303956832038376,4.283856329525814,202.75471698113208,21.0,181.75471698113208,True,True,True,True,True,8,8,True,106.0,13484.0,199.0,199.0,1.75,2.2,8,0.2857142857142857,2,3,0.4888888888888889
task-p3-070f8dd818901b71,g-afad664ce9d18d68,phase3-m22-b01-g-afad664ce9d18d68,extrapolation_holdout,22,22,22,12,22,4194304,14,5,0.35714285714285715,5,1.1920928955078125e-06,1.1920928955078125e-06,5.923689900271567,5.923689900271567,0.6989700043360189,6.622659904607587,-5.923689900271568,8.881784197001252e-16,1391.0,1,6.0,[16392],6.0,842.0548986292408,836.0548986292408,0.03015075376884422,4.23143165140322,4.201280897634375,206.1071428571429,22.0,184.1071428571429,True,True,True,True,True,5,5,True,56.0,12284.0,199.0,199.0,1.4,1.8333333333333333,5,0.42857142857142855,2,4,0.3333333333333333
task-p3-07cdd1a1f394c642,g-3cf4bd3967c31b19,phase3-m14-b00-g-3cf4bd3967c31b19,development,14,14,14,8,14,16384,8,3,0.375,3,0.00018310546875,0.00018310546875,3.737298684576074,3.737298684576074,0.47712125471966244,4.214419939295737,-3.737298684576074,0.0,1427.0,1,4.0,[2056],4.0,781.6065059440268,777.6065059440268,0.020100502512562814,3.9276708841408383,3.9075703816282754,209.4736842105263,16.0,193.4736842105263,True,True,True,True,True,3,3,True,38.0,8618.0,199.0,199.0,1.3333333333333333,1.75,4,0.5,2,3,0.5
task-p3-0a4af485d18a0ad5,g-cd9098863d67a067,phase3-m16-b00-g-cd9098863d67a067,development,16,16,16,9,16,65536,9,9,1.0,9,0.0001373291015625,0.0001373291015625,3.8622374211843744,3.8622374211843744,0.9542425094393249,4.816479930623699,-3.8622374211843744,0.0,2452.0,1,6.0,[8200],6.0,784.6812270122399,778.6812270122399,0.03015075376884422,3.9431217437801,3.9129709900112557,206.1071428571429,21.0,185.1071428571429,True,True,True,True,True,9,9,True,56.0,8493.0,199.0,199.0,1.2857142857142858,1.7777777777777777,5,0.4444444444444444,2,3,0.4444444444444444
task-p3-0aba913814f5b408,g-5017fd274a1c10ec,phase3-m16-b02-g-5017fd274a1c10ec,development,16,16,16,10,16,65536,10,5,0.5,5,7.62939453125e-05,7.62939453125e-05,4.11750992628768,4.11750992628768,0.6989700043360189,4.816479930623699,-4.11750992628768,0.0,1735.0,1,14.0,[33028],14.0,739.5841787855884,725.5841787855884,0.07035175879396985,3.716503410982856,3.646151652188886,210.05555555555557,33.0,177.05555555555557,True,True,True,True,True,5,5,True,36.0,7875.0,199.0,199.0,1.25,1.6,4,0.6,3,4,0.35555555555555557
task-p3-0bf148a8545bb3da,g-6561c85f253791c6,phase3-m18-b00-g-6561c85f253791c6,development,18,18,18,9,18,262144,11,3,0.2727272727272727,3,1.1444091796875e-05,1.1444091796875e-05,4.941418667231999,4.941418667231999,0.47712125471966244,5.418539921951662,-4.941418667231999,0.0,1264.0,2,10.0,"[8196, 16392]",10.0,853.6672721207071,843.6672721207071,0.05025125628140704,4.289785287038729,4.239534030757322,204.23684210526318,15.0,189.23684210526318,True,True,True,True,True,3,3,True,76.0,11487.0,199.0,199.0,1.5714285714285714,2.0,4,0.36363636363636365,2,3,0.5
task-p3-0f72e3876456b999,g-65a5f4b07fa94104,phase3-m20-b04-g-65a5f4b07fa94104,extrapolation_holdout,20,20,20,11,20,1048576,11,2,0.18181818181818182,2,1.9073486328125e-06,1.9073486328125e-06,5.719569917615643,5.719569917615643,0.3010299956639812,6.020599913279624,-5.719569917615643,0.0,783.0,1,22.0,[327696],22.0,841.3950874192994,819.3950874192994,0.11055276381909548,4.228116017182409,4.117563253363314,204.52777777777777,25.0,179.52777777777777,True,True,True,True,True,2,2,True,72.0,9692.0,199.0,199.0,1.2222222222222223,1.8181818181818181,5,0.6363636363636364,3,4,0.36363636363636365
task-p3-1293cd49b2f7317f,g-4baa18b9cb3958b8,phase3-m12-b00-g-4baa18b9cb3958b8,development,12,12,12,8,12,4096,6,5,0.8333333333333334,5,0.001220703125,0.001220703125,2.9133899436317554,2.9133899436317554,0.6989700043360189,3.612359947967774,-2.9133899436317554,0.0,1750.0,1,6.0,[1090],6.0,734.4754575614343,728.4754575614343,0.03015075376884422,3.690831445032333,3.660680691263489,214.03351008932577,16.0,198.03351008932577,True,True,True,True,True,5,5,True,24.0,6242.0,199.0,199.0,1.0,1.5,4,0.3333333333333333,2,3,0.42857142857142855
task-p3-14b69330da9fb6a4,g-afad664ce9d18d68,phase3-m22-b01-g-afad664ce9d18d68,extrapolation_holdout,22,22,22,12,22,4194304,14,3,0.21428571428571427,3,7.152557373046875e-07,7.152557373046875e-07,6.145538649887924,6.145538649887924,0.47712125471966244,6.622659904607587,-6.145538649887924,0.0,1362.0,1,15.0,[2105352],15.0,842.8892071443348,827.8892071443348,0.07537688442211055,4.235624156504195,4.160247272082085,205.0005275133466,22.0,183.0005275133466,True,True,True,True,True,3,3,True,56.0,12284.0,199.0,199.0,1.4,1.8333333333333333,5,0.42857142857142855,2,4,0.3333333333333333
task-p3-16186a45a0ad115e,g-340c0c88fcc14180,phase3-m16-b04-g-340c0c88fcc14180,interpolation_holdout,16,16,16,9,16,65536,9,2,0.2222222222222222,2,3.0517578125e-05,3.0517578125e-05,4.515449934959718,4.515449934959718,0.3010299956639812,4.816479930623699,-4.515449934959718,0.0,1205.0,1,7.0,[32898],7.0,741.8999521456655,734.8999521456655,0.035175879396984924,3.728140463043545,3.6929645836465603,205.86206896551727,22.0,183.86206896551727,True,True,True,True,True,2,2,True,58.0,7523.0,199.0,199.0,1.2857142857142858,1.7777777777777777,4,0.6666666666666666,3,4,0.4444444444444444
task-p3-17005ec889ac3a32,g-63a93cc8703f978f,phase3-m12-b02-g-63a93cc8703f978f,development,12,12,12,8,12,4096,6,6,1.0,6,0.00146484375,0.00146484375,2.8342086975841307,2.8342086975841307,0.7781512503836436,3.612359947967774,-2.8342086975841303,4.440892098500626e-16,2304.0,1,10.0,[2065],10.0,676.3466990012778,666.3466990012778,0.05025125628140704,3.3987271306596876,3.3484758743782805,218.9,21.0,197.9,True,True,True,True,True,6,6,True,20.0,6299.0,199.0,199.0,1.0,1.5,3,0.5,3,4,0.42857142857142855
task-p3-1945829fa0700d95,g-5017fd274a1c10ec,phase3-m16-b02-g-5017fd274a1c10ec,development,16,16,16,10,16,65536,10,1,0.1,1,1.52587890625e-05,1.52587890625e-05,4.816479930623699,4.816479930623699,0.0,4.816479930623699,-4.816479930623699,0.0,838.0,1,30.0,[17444],30.0,777.5122659571681,747.5122659571681,0.1507537688442211,3.907096813855116,3.7563430450108948,210.05555555555557,30.0,180.05555555555557,True,True,True,True,True,1,1,True,36.0,7875.0,199.0,199.0,1.25,1.6,4,0.6,3,4,0.35555555555555557
task-p3-1ae613e86a004496,g-b4c9d2e42a3dc98f,phase3-m18-b04-g-b4c9d2e42a3dc98f,interpolation_holdout,18,18,18,10,18,262144,11,2,0.18181818181818182,2,7.62939453125e-06,7.62939453125e-06,5.11750992628768,5.11750992628768,0.3010299956639812,5.418539921951662,-5.11750992628768,0.0,498.0,1,15.0,[163856],15.0,851.4084444204426,836.4084444204426,0.07537688442211055,4.278434394072576,4.203057509650465,208.04545454545453,19.0,189.04545454545453,True,True,True,True,True,2,2,True,44.0,9518.0,199.0,199.0,1.375,1.8,5,0.45454545454545453,3,4,0.4
task-p3-1bebe0fdf35e1111,g-0510569b7dbe24ff,phase3-m18-b03-g-0510569b7dbe24ff,development,18,18,18,9,18,262144,11,4,0.36363636363636365,4,1.52587890625e-05,1.52587890625e-05,4.816479930623699,4.816479930623699,0.6020599913279624,5.418539921951662,-4.816479930623699,0.0,1133.0,1,8.0,[65544],8.0,837.3933367865393,829.3933367865393,0.04020100502512563,4.2080067175202975,4.167805712495172,205.21875,19.0,186.21875,True,True,True,True,True,4,4,True,64.0,9332.0,199.0,199.0,1.5714285714285714,2.0,5,0.45454545454545453,2,3,0.5
task-p3-1d61a986ecef93ed,g-275f626d73d8e8bd,phase3-m12-b01-g-275f626d73d8e8bd,development,12,12,12,9,12,4096,6,6,1.0,6,0.00146484375,0.00146484375,2.8342086975841307,2.8342086975841307,0.7781512503836436,3.612359947967774,-2.8342086975841303,4.440892098500626e-16,1717.0,1,8.0,[1092],8.0,662.6382651931765,654.6382651931765,0.04020100502512563,3.329840528608927,3.2896395235838014,221.11111111111111,30.0,191.11111111111111,True,True,True,True,True,6,6,True,18.0,4439.0,199.0,199.0,0.8571428571428571,1.3333333333333333,3,0.6666666666666666,3,4,0.3333333333333333
task-p3-1e07ffd5b6000802,g-3973175f1911b646,phase3-m18-b01-g-3973175f1911b646,development,18,18,18,10,18,262144,12,1,0.08333333333333333,1,3.814697265625e-06,3.814697265625e-06,5.418539921951662,5.418539921951662,0.0,5.418539921951662,-5.418539921951662,0.0,656.0,1,10.0,[139272],10.0,774.166245142758,764.166245142758,0.05025125628140704,3.890282638908332,3.840031382626925,204.47963850895727,10.0,194.47963850895727,True,True,True,True,True,1,1,True,38.0,10333.0,199.0,199.0,1.5,1.8,4,0.5,3,4,0.4
task-p3-21819aeed84e13a7,g-0deca2d7d26bc264,phase3-m20-b02-g-0deca2d7d26bc264,extrapolation_holdout,20,20,20,12,20,1048576,16,16,1.0,16,1.52587890625e-05,1.52587890625e-05,4.816479930623699,4.816479930623699,1.2041199826559248,6.020599913279624,-4.816479930623699,0.0,2897.0,1,16.0,[328721],16.0,707.1803587821485,691.1803587821485,0.08040201005025126,3.553670144633912,3.4732681345836607,205.63333333333335,29.0,176.63333333333335,True,True,True,True,True,16,16,True,60.0,9430.0,199.0,199.0,1.6,1.6666666666666667,3,0.625,4,5,0.30303030303030304
task-p3-27a1403f5392965d,g-275f626d73d8e8bd,phase3-m12-b01-g-275f626d73d8e8bd,development,12,12,12,9,12,4096,6,4,0.6666666666666666,4,0.0009765625,0.0009765625,3.010299956639812,3.010299956639812,0.6020599913279624,3.612359947967774,-3.0102999566398116,4.440892098500626e-16,1622.0,1,8.0,[1092],8.0,666.7685456980363,658.7685456980363,0.04020100502512563,3.350595707025308,3.310394702000182,216.0911444013848,30.0,186.0911444013848,True,True,True,True,True,4,4,True,18.0,4439.0,199.0,199.0,0.8571428571428571,1.3333333333333333,3,0.6666666666666666,3,4,0.3333333333333333
task-p3-27e50356448d5877,g-7b29ecdabf11c2a7,phase3-m22-b03-g-7b29ecdabf11c2a7,extrapolation_holdout,22,22,22,10,22,4194304,14,2,0.14285714285714285,2,4.76837158203125e-07,4.76837158203125e-07,6.321629908943605,6.321629908943605,0.3010299956639812,6.622659904607587,-6.321629908943605,0.0,1110.0,2,12.0,"[262160, 2097216]",12.0,862.0138873298628,850.0138873298628,0.06030150753768844,4.331728077034486,4.271426569496798,202.9019607843137,12.0,190.9019607843137,True,True,True,True,True,2,2,True,102.0,12124.0,199.0,199.0,1.75,2.2,7,0.2857142857142857,2,3,0.4888888888888889
task-p3-29e2fa41ead6bf52,g-0510569b7dbe24ff,phase3-m18-b03-g-0510569b7dbe24ff,development,18,18,18,9,18,262144,11,7,0.6363636363636364,7,2.6702880859375e-05,2.6702880859375e-05,4.573441881937405,4.573441881937405,0.8450980400142568,5.418539921951662,-4.573441881937405,0.0,1659.0,1,8.0,[65544],8.0,818.3158564263849,810.3158564263849,0.04020100502512563,4.112139982042136,4.07193897701701,205.21875,19.0,186.21875,True,True,True,True,True,7,7,True,64.0,9332.0,199.0,199.0,1.5714285714285714,2.0,5,0.45454545454545453,2,3,0.5
task-p3-2aa335d81a6c5b2a,g-8e75832e853cc6ea,phase3-m14-b01-g-8e75832e853cc6ea,development,14,14,14,9,14,16384,7,4,0.5714285714285714,4,0.000244140625,0.000244140625,3.612359947967774,3.612359947967774,0.6020599913279624,4.214419939295737,-3.612359947967774,0.0,1934.0,1,11.0,[6148],11.0,709.7047117472459,698.7047117472459,0.05527638190954774,3.566355335413296,3.5110789535037483,210.7058823529412,19.0,191.7058823529412,True,True,True,True,True,4,4,True,34.0,7390.0,199.0,199.0,1.0,1.5555555555555556,4,0.5714285714285714,3,4,0.3888888888888889
task-p3-2e15b4f402c05649,g-cd9098863d67a067,phase3-m16-b00-g-cd9098863d67a067,development,16,16,16,9,16,65536,9,6,0.6666666666666666,6,9.1552734375e-05,9.1552734375e-05,4.038328680240055,4.038328680240055,0.7781512503836436,4.816479930623699,-4.038328680240055,0.0,1376.0,1,6.0,[8200],6.0,823.7412938081629,817.7412938081629,0.03015075376884422,4.139403486473181,4.109252732704336,206.1071428571429,18.0,188.1071428571429,True,True,True,True,True,6,6,True,56.0,8493.0,199.0,199.0,1.2857142857142858,1.7777777777777777,5,0.4444444444444444,2,3,0.4444444444444444
task-p3-3085c55becb7a244,g-22d56a3beb2cd856,phase3-m14-b02-g-22d56a3beb2cd856,development,14,14,14,9,14,16384,8,3,0.375,3,0.00018310546875,0.00018310546875,3.737298684576074,3.737298684576074,0.47712125471966244,4.214419939295737,-3.737298684576074,0.0,1348.0,2,13.0,"[2181, 8201]",13.0,704.0422596494739,691.0422596494739,0.06532663316582915,3.5379008022586627,3.4725741690928333,209.03035155594912,21.0,188.03035155594912,True,True,True,True,True,3,3,True,30.0,5830.0,199.0,199.0,1.1428571428571428,1.5555555555555556,3,0.625,3,4,0.3888888888888889
task-p3-309c66749a973b91,g-f9e9faf277cb53e1,phase3-m14-b03-g-f9e9faf277cb53e1,development,14,14,14,8,14,16384,8,5,0.625,5,0.00030517578125,0.00030517578125,3.515449934959718,3.515449934959718,0.6989700043360189,4.214419939295737,-3.515449934959718,0.0,1634.0,1,8.0,[4104],8.0,743.1702906114193,735.1702906114193,0.04020100502512563,3.7345240734242178,3.694323068399092,208.04545454545453,18.0,190.04545454545453,True,True,True,True,True,5,5,True,44.0,6666.0,199.0,199.0,1.3333333333333333,1.75,5,0.5,2,3,0.5
task-p3-34d0d2e4223be20a,g-4471e11eca661209,phase3-m20-b01-g-4471e11eca661209,extrapolation_holdout,20,20,20,11,20,1048576,12,4,0.3333333333333333,4,3.814697265625e-06,3.814697265625e-06,5.418539921951662,5.418539921951662,0.6020599913279624,6.020599913279624,-5.418539921951662,0.0,1530.0,1,8.0,[32776],8.0,825.6752983150132,817.6752983150132,0.04020100502512563,4.149122102085493,4.108921097060367,206.96,16.0,190.96,True,True,True,True,True,4,4,True,50.0,11592.0,199.0,199.0,1.3333333333333333,1.8181818181818181,5,0.4166666666666667,2,4,0.36363636363636365
task-p3-354137ea30cee634,g-e7e26759e1ed20ef,phase3-m16-b03-g-e7e26759e1ed20ef,development,16,16,16,9,16,65536,9,9,1.0,9,0.0001373291015625,0.0001373291015625,3.8622374211843744,3.8622374211843744,0.9542425094393249,4.816479930623699,-3.8622374211843744,0.0,2456.0,1,6.0,[16898],6.0,729.8101218283989,723.8101218283989,0.03015075376884422,3.6673875468763764,3.6372367931075322,208.04545454545453,19.0,189.04545454545453,True,True,True,True,True,9,9,True,44.0,7758.0,199.0,199.0,1.2857142857142858,1.7777777777777777,5,0.3333333333333333,2,3,0.4444444444444444
task-p3-367975b35905d665,g-3cf4bd3967c31b19,phase3-m14-b00-g-3cf4bd3967c31b19,development,14,14,14,8,14,16384,8,5,0.625,5,0.00030517578125,0.00030517578125,3.515449934959718,3.515449934959718,0.6989700043360189,4.214419939295737,-3.515449934959718,0.0,1974.0,1,4.0,[2056],4.0,761.3293712185355,757.3293712185355,0.020100502512562814,3.82577573476651,3.805675232253947,209.4736842105263,16.0,193.4736842105263,True,True,True,True,True,5,5,True,38.0,8618.0,199.0,199.0,1.3333333333333333,1.75,4,0.5,2,3,0.5
task-p3-36fee5433e047900,g-22d56a3beb2cd856,phase3-m14-b02-g-22d56a3beb2cd856,development,14,14,14,9,14,16384,8,2,0.25,2,0.0001220703125,0.0001220703125,3.9133899436317554,3.9133899436317554,0.3010299956639812,4.214419939295737,-3.9133899436317554,0.0,1329.0,2,13.0,"[2181, 8201]",13.0,704.9207393001833,691.9207393001833,0.06532663316582915,3.5423152728652427,3.4769886396994134,209.04848403449358,13.0,196.04848403449358,True,True,True,True,True,2,2,True,30.0,5830.0,199.0,199.0,1.1428571428571428,1.5555555555555556,3,0.625,3,4,0.3888888888888889
task-p3-37b6292d0146d8d2,g-e62b89c25adcfec3,phase3-m22-b04-g-e62b89c25adcfec3,extrapolation_holdout,22,22,22,12,22,4194304,15,5,0.3333333333333333,5,1.1920928955078125e-06,1.1920928955078125e-06,5.923689900271567,5.923689900271567,0.6989700043360189,6.622659904607587,-5.923689900271568,8.881784197001252e-16,1631.0,1,12.0,[17412],12.0,801.2607224001624,789.2607224001624,0.06030150753768844,4.02643579095559,3.966134283417902,206.1071428571429,18.0,188.1071428571429,True,True,True,True,True,5,5,True,56.0,10970.0,199.0,199.0,1.5,1.8333333333333333,4,0.4,3,4,0.3333333333333333
task-p3-37baef352149cb65,g-0510569b7dbe24ff,phase3-m18-b03-g-0510569b7dbe24ff,development,18,18,18,9,18,262144,11,1,0.09090909090909091,1,3.814697265625e-06,3.814697265625e-06,5.418539921951662,5.418539921951662,0.0,5.418539921951662,-5.418539921951662,0.0,819.0,1,13.0,[67586],13.0,849.3845104077541,836.3845104077541,0.06532663316582915,4.2682638713957495,4.202937238229921,205.21875,13.0,192.21875,True,True,True,True,True,1,1,True,64.0,9332.0,199.0,199.0,1.5714285714285714,2.0,5,0.45454545454545453,2,3,0.5
task-p3-3ab446ca7d78a781,g-3e6704b429f1ca32,phase3-m20-b00-g-3e6704b429f1ca32,extrapolation_holdout,20,20,20,10,20,1048576,12,4,0.3333333333333333,4,3.814697265625e-06,3.814697265625e-06,5.418539921951662,5.418539921951662,0.6020599913279624,6.020599913279624,-5.418539921951662,0.0,833.0,2,9.0,"[8196, 524320]",9.0,855.0071199194347,846.0071199194347,0.04522613065326633,4.296518190549923,4.251292059896657,204.68571428571425,14.0,190.68571428571425,True,True,True,True,True,4,4,True,70.0,9827.0,199.0,199.0,1.5,2.0,6,0.3333333333333333,2,3,0.4444444444444444
task-p3-3bf9aa998655c1d6,g-3cf4bd3967c31b19,phase3-m14-b00-g-3cf4bd3967c31b19,development,14,14,14,8,14,16384,8,8,1.0,8,0.00048828125,0.00048828125,3.311329952303793,3.311329952303793,0.9030899869919435,4.214419939295737,-3.311329952303793,0.0,2352.0,1,4.0,[2056],4.0,748.2538762173558,744.2538762173558,0.020100502512562814,3.760069729735456,3.7399692272228933,209.4736842105263,18.0,191.4736842105263,True,True,True,True,True,8,8,True,38.0,8618.0,199.0,199.0,1.3333333333333333,1.75,4,0.5,2,3,0.5
task-p3-3c075f282cfb3fd5,g-22d56a3beb2cd856,phase3-m14-b02-g-22d56a3beb2cd856,development,14,14,14,9,14,16384,8,5,0.625,5,0.00030517578125,0.00030517578125,3.515449934959718,3.515449934959718,0.6989700043360189,4.214419939295737,-3.515449934959718,0.0,1921.0,1,10.0,[2114],10.0,679.53522249911,669.53522249911,0.05025125628140704,3.4147498618045726,3.3644986055231656,210.0071721944517,21.0,189.0071721944517,True,True,True,True,True,5,5,True,30.0,5830.0,199.0,199.0,1.1428571428571428,1.5555555555555556,3,0.625,3,4,0.3888888888888889
task-p3-3c5e82ecf78492d7,g-b4c9d2e42a3dc98f,phase3-m18-b04-g-b4c9d2e42a3dc98f,interpolation_holdout,18,18,18,10,18,262144,11,1,0.09090909090909091,1,3.814697265625e-06,3.814697265625e-06,5.418539921951662,5.418539921951662,0.0,5.418539921951662,-5.418539921951662,0.0,389.0,1,15.0,[163856],15.0,855.7031953421653,840.7031953421653,0.07537688442211055,4.300016056995806,4.224639172573696,208.04545454545453,15.0,193.04545454545453,True,True,True,True,True,1,1,True,44.0,9518.0,199.0,199.0,1.375,1.8,5,0.45454545454545453,3,4,0.4
task-p3-3d17acd5c2e5a10b,g-c0fc2d5e7eacaffa,phase3-m16-b01-g-c0fc2d5e7eacaffa,development,16,16,16,9,16,65536,11,4,0.36363636363636365,4,6.103515625e-05,6.103515625e-05,4.214419939295737,4.214419939295737,0.6020599913279624,4.816479930623699,-4.214419939295737,0.0,1166.0,1,13.0,[32833],13.0,748.0870459459951,735.0870459459951,0.06532663316582915,3.759231386663292,3.6939047534974625,208.04545454545453,21.0,187.04545454545453,True,True,True,True,True,4,4,True,44.0,7134.0,199.0,199.0,1.5714285714285714,1.7777777777777777,4,0.5454545454545454,2,4,0.4444444444444444
task-p3-3da056542192ad36,g-6561c85f253791c6,phase3-m18-b00-g-6561c85f253791c6,development,18,18,18,9,18,262144,11,4,0.36363636363636365,4,1.52587890625e-05,1.52587890625e-05,4.816479930623699,4.816479930623699,0.6020599913279624,5.418539921951662,-4.816479930623699,0.0,1628.0,2,10.0,"[8196, 16392]",10.0,842.6430442716913,832.6430442716913,0.05025125628140704,4.234387157144178,4.1841359008627705,204.23684210526318,15.0,189.23684210526318,True,True,True,True,True,4,4,True,76.0,11487.0,199.0,199.0,1.5714285714285714,2.0,4,0.36363636363636365,2,3,0.5
task-p3-3ede17ec3e7259cf,g-e62b89c25adcfec3,phase3-m22-b04-g-e62b89c25adcfec3,extrapolation_holdout,22,22,22,12,22,4194304,15,1,0.06666666666666667,1,2.384185791015625e-07,2.384185791015625e-07,6.622659904607587,6.622659904607587,0.0,6.622659904607587,-6.622659904607587,0.0,1104.0,1,16.0,[524353],16.0,817.9972264897945,801.9972264897945,0.08040201005025126,4.110538826581882,4.0301368165316305,206.1071428571429,16.0,190.1071428571429,True,True,True,True,True,1,1,True,56.0,10970.0,199.0,199.0,1.5,1.8333333333333333,4,0.4,3,4,0.3333333333333333
task-p3-40545d1e72d819c2,g-5017fd274a1c10ec,phase3-m16-b02-g-5017fd274a1c10ec,development,16,16,16,10,16,65536,10,10,1.0,10,0.000152587890625,0.000152587890625,3.816479930623699,3.816479930623699,1.0,4.816479930623699,-3.816479930623699,0.0,2766.0,1,14.0,[33028],14.0,702.3686209160999,688.3686209160999,0.07035175879396985,3.529490557367336,3.459138798573366,210.05555555555557,33.0,177.05555555555557,True,True,True,True,True,10,10,True,36.0,7875.0,199.0,199.0,1.25,1.6,4,0.6,3,4,0.35555555555555557
task-p3-41024d9e25f1b0aa,g-7b29ecdabf11c2a7,phase3-m22-b03-g-7b29ecdabf11c2a7,extrapolation_holdout,22,22,22,10,22,4194304,14,14,1.0,14,3.337860107421875e-06,3.337860107421875e-06,5.4765318689293485,5.4765318689293485,1.146128035678238,6.622659904607587,-5.4765318689293485,0.0,2228.0,1,5.0,[528388],5.0,830.3651012133221,825.3651012133221,0.02512562814070352,4.172688950820714,4.14756332268001,202.9019607843137,27.0,175.9019607843137,True,True,True,True,True,14,14,True,102.0,12124.0,199.0,199.0,1.75,2.2,7,0.2857142857142857,2,3,0.4888888888888889
task-p3-4139dff65d899745,g-b8890b869f8ae8b3,phase3-m20-b03-g-b8890b869f8ae8b3,extrapolation_holdout,20,20,20,10,20,1048576,12,3,0.25,3,2.86102294921875e-06,2.86102294921875e-06,5.543478658559962,5.543478658559962,0.47712125471966244,6.020599913279624,-5.543478658559962,0.0,1111.0,2,7.0,"[2052, 32776]",7.0,870.3131792045948,863.3131792045948,0.035175879396984924,4.373433061329622,4.3382571819326365,203.85365853658536,20.0,183.85365853658536,True,True,True,True,True,3,3,True,82.0,11469.0,199.0,199.0,1.5,2.0,7,0.3333333333333333,2,3,0.4444444444444444
task-p3-430990bd4bb51ff0,g-595b062626366822,phase3-m18-b02-g-595b062626366822,development,18,18,18,10,18,262144,11,3,0.2727272727272727,3,1.1444091796875e-05,1.1444091796875e-05,4.941418667231999,4.941418667231999,0.47712125471966244,5.418539921951662,-4.941418667231999,0.0,1225.0,1,19.0,[33284],19.0,829.8741717918901,810.8741717918901,0.09547738693467336,4.170221968803468,4.074744581868795,209.4736842105263,23.0,186.4736842105263,True,True,True,True,True,3,3,True,38.0,9258.0,199.0,199.0,1.375,1.8,4,0.45454545454545453,3,4,0.4
task-p3-43c6ab33060f5bcf,g-6561c85f253791c6,phase3-m18-b00-g-6561c85f253791c6,development,18,18,18,9,18,262144,11,11,1.0,11,4.1961669921875e-05,4.1961669921875e-05,4.377147236793436,4.377147236793436,1.041392685158225,5.418539921951662,-4.377147236793437,8.881784197001252e-16,2566.0,2,10.0,"[8196, 16392]",10.0,816.076304571189,806.076304571189,0.05025125628140704,4.10088595261904,4.050634696337633,204.23684210526318,26.0,178.23684210526318,True,True,True,True,True,11,11,True,76.0,11487.0,199.0,199.0,1.5714285714285714,2.0,4,0.36363636363636365,2,3,0.5
task-p3-4450b1895dc5fc13,g-31c1e4ae69d6af03,phase3-m22-b02-g-31c1e4ae69d6af03,extrapolation_holdout,22,22,22,13,22,4194304,17,1,0.058823529411764705,1,2.384185791015625e-07,2.384185791015625e-07,6.622659904607587,6.622659904607587,0.0,6.622659904607587,-6.622659904607587,0.0,1316.0,1,25.0,[1065090],25.0,751.9598273107697,726.9598273107697,0.12562814070351758,3.7786925995516065,3.653064458848089,207.65217391304347,25.0,182.65217391304347,True,True,True,True,True,1,1,True,46.0,11337.0,199.0,199.0,1.5454545454545454,1.6923076923076923,3,0.5882352941176471,3,5,0.28205128205128205
task-p3-446eb3ddcbf65c5b,g-cd9098863d67a067,phase3-m16-b00-g-cd9098863d67a067,development,16,16,16,9,16,65536,9,3,0.3333333333333333,3,4.57763671875e-05,4.57763671875e-05,4.339358675904037,4.339358675904037,0.47712125471966244,4.816479930623699,-4.339358675904037,0.0,900.0,1,6.0,[8200],6.0,843.0587730257466,837.0587730257466,0.03015075376884422,4.236476246360536,4.2063254925916915,206.1071428571429,17.0,189.1071428571429,True,True,True,True,True,3,3,True,56.0,8493.0,199.0,199.0,1.2857142857142858,1.7777777777777777,5,0.4444444444444444,2,3,0.4444444444444444
task-p3-486c7e857c1576e1,g-c0fc2d5e7eacaffa,phase3-m16-b01-g-c0fc2d5e7eacaffa,development,16,16,16,9,16,65536,11,11,1.0,11,0.0001678466796875,0.0001678466796875,3.7750872454654743,3.7750872454654743,1.041392685158225,4.816479930623699,-3.7750872454654743,0.0,2220.0,2,13.0,"[4100, 32833]",13.0,706.9588839014775,693.9588839014775,0.06532663316582915,3.552557205535063,3.4872305723692336,208.04545454545453,26.0,182.04545454545453,True,True,True,True,True,11,11,True,44.0,7134.0,199.0,199.0,1.5714285714285714,1.7777777777777777,4,0.5454545454545454,2,4,0.4444444444444444
task-p3-495cec96cbfead01,g-0deca2d7d26bc264,phase3-m20-b02-g-0deca2d7d26bc264,extrapolation_holdout,20,20,20,12,20,1048576,16,3,0.1875,3,2.86102294921875e-06,2.86102294921875e-06,5.543478658559962,5.543478658559962,0.47712125471966244,6.020599913279624,-5.543478658559962,0.0,1919.0,1,16.0,[328721],16.0,733.220450544973,717.220450544973,0.08040201005025126,3.6845248771104173,3.604122867060166,205.63333333333335,25.0,180.63333333333335,True,True,True,True,True,3,3,True,60.0,9430.0,199.0,199.0,1.6,1.6666666666666667,3,0.625,4,5,0.30303030303030304
task-p3-49c4d5dae6a8f92a,g-4baa18b9cb3958b8,phase3-m12-b00-g-4baa18b9cb3958b8,development,12,12,12,8,12,4096,6,1,0.16666666666666666,1,0.000244140625,0.000244140625,3.612359947967774,3.612359947967774,0.0,3.612359947967774,-3.612359947967774,0.0,578.0,1,16.0,[2081],16.0,795.2687761941608,779.2687761941608,0.08040201005025126,3.9963255085133707,3.9159234984631195,208.57322744468252,16.0,192.57322744468252,True,True,True,True,True,1,1,True,24.0,6242.0,199.0,199.0,1.0,1.5,4,0.3333333333333333,2,3,0.42857142857142855
task-p3-4f31d6bfea1b326e,g-e62b89c25adcfec3,phase3-m22-b04-g-e62b89c25adcfec3,extrapolation_holdout,22,22,22,12,22,4194304,15,9,0.6,9,2.1457672119140625e-06,2.1457672119140625e-06,5.6684173951682615,5.6684173951682615,0.9542425094393249,6.622659904607587,-5.6684173951682615,0.0,2182.0,1,12.0,[17412],12.0,784.8552974425154,772.8552974425154,0.06030150753768844,3.943996469560379,3.8836949620226906,206.1071428571429,29.0,177.1071428571429,True,True,True,True,True,9,9,True,56.0,10970.0,199.0,199.0,1.5,1.8333333333333333,4,0.4,3,4,0.3333333333333333
task-p3-4fb81c9ebc655237,g-b8890b869f8ae8b3,phase3-m20-b03-g-b8890b869f8ae8b3,extrapolation_holdout,20,20,20,10,20,1048576,12,7,0.5833333333333334,7,6.67572021484375e-06,6.67572021484375e-06,5.175501873265367,5.175501873265367,0.8450980400142568,6.020599913279624,-5.175501873265367,0.0,1563.0,2,7.0,"[2052, 32776]",7.0,856.4562951679021,849.4562951679021,0.035175879396984924,4.303800478230664,4.268624598833679,203.85365853658536,20.0,183.85365853658536,True,True,True,True,True,7,7,True,82.0,11469.0,199.0,199.0,1.5,2.0,7,0.3333333333333333,2,3,0.4444444444444444
task-p3-50700301450dc5d4,g-afad664ce9d18d68,phase3-m22-b01-g-afad664ce9d18d68,extrapolation_holdout,22,22,22,12,22,4194304,14,1,0.07142857142857142,1,2.384185791015625e-07,2.384185791015625e-07,6.622659904607587,6.622659904607587,0.0,6.622659904607587,-6.622659904607587,0.0,837.0,1,15.0,[2105352],15.0,858.3766363356085,843.3766363356085,0.07537688442211055,4.3134504338472786,4.2380735494251685,205.3917116294479,15.0,190.3917116294479,True,True,True,True,True,1,1,True,56.0,12284.0,199.0,199.0,1.4,1.8333333333333333,5,0.42857142857142855,2,4,0.3333333333333333
task-p3-51ee55526d2e5979,g-afad664ce9d18d68,phase3-m22-b01-g-afad664ce9d18d68,extrapolation_holdout,22,22,22,12,22,4194304,14,14,1.0,14,3.337860107421875e-06,3.337860107421875e-06,5.4765318689293485,5.4765318689293485,1.146128035678238,6.622659904607587,-5.4765318689293485,0.0,2982.0,1,6.0,[16392],6.0,799.6820659602386,793.6820659602386,0.03015075376884422,4.018502844021299,3.9883520902524547,206.1071428571429,25.0,181.1071428571429,True,True,True,True,True,14,14,True,56.0,12284.0,199.0,199.0,1.4,1.8333333333333333,5,0.42857142857142855,2,4,0.3333333333333333
task-p3-532c0b733963cd83,g-3115314f81a28bbb,phase3-m14-b04-g-3115314f81a28bbb,interpolation_holdout,14,14,14,9,14,16384,7,1,0.14285714285714285,1,6.103515625e-05,6.103515625e-05,4.214419939295737,4.214419939295737,0.0,4.214419939295737,-4.214419939295737,0.0,262.0,1,19.0,[8450],19.0,776.7590332333236,757.7590332333236,0.09547738693467336,3.903311724790571,3.8078343378558976,210.7058823529412,19.0,191.7058823529412,True,True,True,True,True,1,1,True,34.0,5577.0,199.0,199.0,1.0,1.5555555555555556,3,0.5714285714285714,3,4,0.3888888888888889
task-p3-534079cbcb6aa71c,g-cd9098863d67a067,phase3-m16-b00-g-cd9098863d67a067,development,16,16,16,9,16,65536,9,1,0.1111111111111111,1,1.52587890625e-05,1.52587890625e-05,4.816479930623699,4.816479930623699,0.0,4.816479930623699,-4.816479930623699,0.0,357.0,1,13.0,[257],13.0,866.6218374281511,853.6218374281511,0.06532663316582915,4.354883605166589,4.28955697200076,205.81344929560086,13.0,192.81344929560086,True,True,True,True,True,1,1,True,56.0,8493.0,199.0,199.0,1.2857142857142858,1.7777777777777777,5,0.4444444444444444,2,3,0.4444444444444444
task-p3-544a26ce57064eff,g-f9e9faf277cb53e1,phase3-m14-b03-g-f9e9faf277cb53e1,development,14,14,14,8,14,16384,8,2,0.25,2,0.0001220703125,0.0001220703125,3.9133899436317554,3.9133899436317554,0.3010299956639812,4.214419939295737,-3.9133899436317554,0.0,1164.0,1,8.0,[4104],8.0,765.3427378291384,757.3427378291384,0.04020100502512563,3.8459434061765747,3.805742401151449,208.04545454545453,13.0,195.04545454545453,True,True,True,True,True,2,2,True,44.0,6666.0,199.0,199.0,1.3333333333333333,1.75,5,0.5,2,3,0.5
task-p3-56c6c348117967f4,g-4baa18b9cb3958b8,phase3-m12-b00-g-4baa18b9cb3958b8,development,12,12,12,8,12,4096,6,4,0.6666666666666666,4,0.0009765625,0.0009765625,3.010299956639812,3.010299956639812,0.6020599913279624,3.612359947967774,-3.0102999566398116,4.440892098500626e-16,1337.0,2,8.0,"[130, 1032]",8.0,754.2973368145553,746.2973368145553,0.04020100502512563,3.790438878465102,3.750237873439976,205.87117549553463,16.0,189.87117549553463,True,True,True,True,True,4,4,True,24.0,6242.0,199.0,199.0,1.0,1.5,4,0.3333333333333333,2,3,0.42857142857142855
task-p3-570d4439775bbe3c,g-595b062626366822,phase3-m18-b02-g-595b062626366822,development,18,18,18,10,18,262144,11,4,0.36363636363636365,4,1.52587890625e-05,1.52587890625e-05,4.816479930623699,4.816479930623699,0.6020599913279624,5.418539921951662,-4.816479930623699,0.0,1311.0,1,19.0,[33284],19.0,826.6834131824846,807.6834131824846,0.09547738693467336,4.154188005942133,4.05871061900746,209.4736842105263,25.0,184.4736842105263,True,True,True,True,True,4,4,True,38.0,9258.0,199.0,199.0,1.375,1.8,4,0.45454545454545453,3,4,0.4
task-p3-5714bc0aef7395ba,g-b4c9d2e42a3dc98f,phase3-m18-b04-g-b4c9d2e42a3dc98f,interpolation_holdout,18,18,18,10,18,262144,11,7,0.6363636363636364,7,2.6702880859375e-05,2.6702880859375e-05,4.573441881937405,4.573441881937405,0.8450980400142568,5.418539921951662,-4.573441881937405,0.0,2029.0,1,15.0,[163856],15.0,797.2187858001182,782.2187858001182,0.07537688442211055,4.006124551759388,3.9307476673372777,208.04545454545453,25.0,183.04545454545453,True,True,True,True,True,7,7,True,44.0,9518.0,199.0,199.0,1.375,1.8,5,0.45454545454545453,3,4,0.4
task-p3-5a7f924be84e4cd2,g-340c0c88fcc14180,phase3-m16-b04-g-340c0c88fcc14180,interpolation_holdout,16,16,16,9,16,65536,9,9,1.0,9,0.0001373291015625,0.0001373291015625,3.8622374211843744,3.8622374211843744,0.9542425094393249,4.816479930623699,-3.8622374211843744,0.0,2345.0,1,7.0,[32898],7.0,696.3079118274276,689.3079118274276,0.035175879396984924,3.4990347328011437,3.463858853404159,205.86206896551727,29.0,176.86206896551727,True,True,True,True,True,9,9,True,58.0,7523.0,199.0,199.0,1.2857142857142858,1.7777777777777777,4,0.6666666666666666,3,4,0.4444444444444444
task-p3-5aafb0d68eb8d209,g-4471e11eca661209,phase3-m20-b01-g-4471e11eca661209,extrapolation_holdout,20,20,20,11,20,1048576,12,7,0.5833333333333334,7,6.67572021484375e-06,6.67572021484375e-06,5.175501873265367,5.175501873265367,0.8450980400142568,6.020599913279624,-5.175501873265367,0.0,2236.0,1,8.0,[32776],8.0,806.1843245835756,798.1843245835756,0.04020100502512563,4.05117751047023,4.010976505445104,206.96,23.0,183.96,True,True,True,True,True,7,7,True,50.0,11592.0,199.0,199.0,1.3333333333333333,1.8181818181818181,5,0.4166666666666667,2,4,0.36363636363636365
task-p3-5da5f5ac7e80fd07,g-65a5f4b07fa94104,phase3-m20-b04-g-65a5f4b07fa94104,extrapolation_holdout,20,20,20,11,20,1048576,11,1,0.09090909090909091,1,9.5367431640625e-07,9.5367431640625e-07,6.020599913279624,6.020599913279624,0.0,6.020599913279624,-6.020599913279624,0.0,668.0,1,22.0,[327696],22.0,845.7640372162566,823.7640372162566,0.11055276381909548,4.250070538775159,4.139517774956063,204.52777777777777,22.0,182.52777777777777,True,True,True,True,True,1,1,True,72.0,9692.0,199.0,199.0,1.2222222222222223,1.8181818181818181,5,0.6363636363636364,3,4,0.36363636363636365
task-p3-5ff53b4412b3ab7a,g-f9e9faf277cb53e1,phase3-m14-b03-g-f9e9faf277cb53e1,development,14,14,14,8,14,16384,8,4,0.5,4,0.000244140625,0.000244140625,3.612359947967774,3.612359947967774,0.6020599913279624,4.214419939295737,-3.612359947967774,0.0,1432.0,1,8.0,[4104],8.0,752.4572829470166,744.4572829470166,0.04020100502512563,3.7811923766181734,3.7409913715930476,208.04545454545453,16.0,192.04545454545453,True,True,True,True,True,4,4,True,44.0,6666.0,199.0,199.0,1.3333333333333333,1.75,5,0.5,2,3,0.5
task-p3-637cd4a394ea5ec5,g-3115314f81a28bbb,phase3-m14-b04-g-3115314f81a28bbb,interpolation_holdout,14,14,14,9,14,16384,7,2,0.2857142857142857,2,0.0001220703125,0.0001220703125,3.9133899436317554,3.9133899436317554,0.3010299956639812,4.214419939295737,-3.9133899436317554,0.0,520.0,1,19.0,[8450],19.0,759.6741567575423,740.6741567575423,0.09547738693467336,3.817458074158504,3.7219806872238306,210.7058823529412,25.0,185.7058823529412,True,True,True,True,True,2,2,True,34.0,5577.0,199.0,199.0,1.0,1.5555555555555556,3,0.5714285714285714,3,4,0.3888888888888889
task-p3-643c08440a90b752,g-51ac21fe95f0c3f4,phase3-m12-b04-g-51ac21fe95f0c3f4,interpolation_holdout,12,12,12,9,12,4096,6,3,0.5,3,0.000732421875,0.000732421875,3.135238693248112,3.135238693248112,0.47712125471966244,3.612359947967774,-3.1352386932481116,4.440892098500626e-16,1562.0,1,17.0,[1545],17.0,668.8495434476501,651.8495434476501,0.08542713567839195,3.361052982148996,3.275625846470604,221.11111111111111,28.0,193.11111111111111,True,True,True,True,True,3,3,True,18.0,6104.0,199.0,199.0,0.8571428571428571,1.3333333333333333,2,0.6666666666666666,4,4,0.3333333333333333
task-p3-65c7a1b65ff60e55,g-595b062626366822,phase3-m18-b02-g-595b062626366822,development,18,18,18,10,18,262144,11,2,0.18181818181818182,2,7.62939453125e-06,7.62939453125e-06,5.11750992628768,5.11750992628768,0.3010299956639812,5.418539921951662,-5.11750992628768,0.0,1151.0,1,20.0,[65569],20.0,832.647197996688,812.647197996688,0.10050251256281408,4.1841567738527035,4.083654261289889,209.4736842105263,23.0,186.4736842105263,True,True,True,True,True,2,2,True,38.0,9258.0,199.0,199.0,1.375,1.8,4,0.45454545454545453,3,4,0.4
task-p3-67dfc3be39958f9f,g-b8890b869f8ae8b3,phase3-m20-b03-g-b8890b869f8ae8b3,extrapolation_holdout,20,20,20,10,20,1048576,12,4,0.3333333333333333,4,3.814697265625e-06,3.814697265625e-06,5.418539921951662,5.418539921951662,0.6020599913279624,6.020599913279624,-5.418539921951662,0.0,1433.0,2,7.0,"[2052, 32776]",7.0,860.3783533789154,853.3783533789154,0.035175879396984924,4.323509313461886,4.288333434064901,203.85365853658536,20.0,183.85365853658536,True,True,True,True,True,4,4,True,82.0,11469.0,199.0,199.0,1.5,2.0,7,0.3333333333333333,2,3,0.4444444444444444
task-p3-681084199b215be0,g-2fd196f1ec0acd82,phase3-m12-b03-g-2fd196f1ec0acd82,development,12,12,12,8,12,4096,6,3,0.5,3,0.000732421875,0.000732421875,3.135238693248112,3.135238693248112,0.47712125471966244,3.612359947967774,-3.1352386932481116,4.440892098500626e-16,792.0,2,7.0,"[520, 529]",7.0,741.2653118416708,734.2653118416708,0.035175879396984924,3.7249513157872904,3.6897754363903057,214.3076923076923,21.0,193.3076923076923,True,True,True,True,True,3,3,True,26.0,4585.0,199.0,199.0,1.0,1.5,4,0.5,2,3,0.42857142857142855
task-p3-6814312a4e36f3ab,g-22d56a3beb2cd856,phase3-m14-b02-g-22d56a3beb2cd856,development,14,14,14,9,14,16384,8,4,0.5,4,0.000244140625,0.000244140625,3.612359947967774,3.612359947967774,0.6020599913279624,4.214419939295737,-3.612359947967774,0.0,1420.0,1,10.0,[2114],10.0,700.7516451253202,690.7516451253202,0.05025125628140704,3.5213650508810064,3.4711137945995993,211.68207573649045,21.0,190.68207573649045,True,True,True,True,True,4,4,True,30.0,5830.0,199.0,199.0,1.1428571428571428,1.5555555555555556,3,0.625,3,4,0.3888888888888889
task-p3-6af8e5731732d55e,g-51ac21fe95f0c3f4,phase3-m12-b04-g-51ac21fe95f0c3f4,interpolation_holdout,12,12,12,9,12,4096,6,1,0.16666666666666666,1,0.000244140625,0.000244140625,3.612359947967774,3.612359947967774,0.0,3.612359947967774,-3.612359947967774,0.0,832.0,1,17.0,[1545],17.0,698.2739059424516,681.2739059424516,0.08542713567839195,3.5089141002133246,3.423486964534933,221.11111111111111,17.0,204.11111111111111,True,True,True,True,True,1,1,True,18.0,6104.0,199.0,199.0,0.8571428571428571,1.3333333333333333,2,0.6666666666666666,4,4,0.3333333333333333
task-p3-6afe15da00e4b23d,g-2fd196f1ec0acd82,phase3-m12-b03-g-2fd196f1ec0acd82,development,12,12,12,8,12,4096,6,4,0.6666666666666666,4,0.0009765625,0.0009765625,3.010299956639812,3.010299956639812,0.6020599913279624,3.612359947967774,-3.0102999566398116,4.440892098500626e-16,1292.0,2,7.0,"[520, 529]",7.0,707.7266640534372,700.7266640534372,0.035175879396984924,3.556415397253453,3.5212395178564684,213.1929743402518,22.0,191.1929743402518,True,True,True,True,True,4,4,True,26.0,4585.0,199.0,199.0,1.0,1.5,4,0.5,2,3,0.42857142857142855
task-p3-6cba0807b5144d71,g-63a93cc8703f978f,phase3-m12-b02-g-63a93cc8703f978f,development,12,12,12,8,12,4096,6,4,0.6666666666666666,4,0.0009765625,0.0009765625,3.010299956639812,3.010299956639812,0.6020599913279624,3.612359947967774,-3.0102999566398116,4.440892098500626e-16,1999.0,1,10.0,[2065],10.0,689.0356607858464,679.0356607858464,0.05025125628140704,3.462490757717821,3.412239501436414,213.46656218737712,17.0,196.46656218737712,True,True,True,True,True,4,4,True,20.0,6299.0,199.0,199.0,1.0,1.5,3,0.5,3,4,0.42857142857142855
task-p3-6d8c1ca8f1cd0b67,g-4baa18b9cb3958b8,phase3-m12-b00-g-4baa18b9cb3958b8,development,12,12,12,8,12,4096,6,2,0.3333333333333333,2,0.00048828125,0.00048828125,3.311329952303793,3.311329952303793,0.3010299956639812,3.612359947967774,-3.311329952303793,0.0,1118.0,1,15.0,[2308],15.0,765.5151265113524,750.5151265113524,0.07537688442211055,3.8468096809615697,3.771432796539459,207.00114918001802,16.0,191.00114918001802,True,True,True,True,True,2,2,True,24.0,6242.0,199.0,199.0,1.0,1.5,4,0.3333333333333333,2,3,0.42857142857142855
task-p3-6e4d1f9f9dd178d7,g-4baa18b9cb3958b8,phase3-m12-b00-g-4baa18b9cb3958b8,development,12,12,12,8,12,4096,6,6,1.0,6,0.00146484375,0.00146484375,2.8342086975841307,2.8342086975841307,0.7781512503836436,3.612359947967774,-2.8342086975841303,4.440892098500626e-16,1831.0,1,6.0,[1090],6.0,730.7922436692479,724.7922436692479,0.03015075376884422,3.6723228325087836,3.6421720787399394,215.58333333333331,16.0,199.58333333333331,True,True,True,True,True,6,6,True,24.0,6242.0,199.0,199.0,1.0,1.5,4,0.3333333333333333,2,3,0.42857142857142855
task-p3-6eb51db4d2a7c69c,g-b4c9d2e42a3dc98f,phase3-m18-b04-g-b4c9d2e42a3dc98f,interpolation_holdout,18,18,18,10,18,262144,11,3,0.2727272727272727,3,1.1444091796875e-05,1.1444091796875e-05,4.941418667231999,4.941418667231999,0.47712125471966244,5.418539921951662,-4.941418667231999,0.0,995.0,1,15.0,[163856],15.0,832.4875489481066,817.4875489481066,0.07537688442211055,4.183354517327168,4.107977632905058,208.04545454545453,20.0,188.04545454545453,True,True,True,True,True,3,3,True,44.0,9518.0,199.0,199.0,1.375,1.8,5,0.45454545454545453,3,4,0.4
task-p3-71a0a608986a513a,g-4baa18b9cb3958b8,phase3-m12-b00-g-4baa18b9cb3958b8,development,12,12,12,8,12,4096,6,3,0.5,3,0.000732421875,0.000732421875,3.135238693248112,3.135238693248112,0.47712125471966244,3.612359947967774,-3.1352386932481116,4.440892098500626e-16,1133.0,1,8.0,[1032],8.0,764.7311559030527,756.7311559030527,0.04020100502512563,3.842870130166094,3.802669125140968,206.94435640837187,16.0,190.94435640837187,True,True,True,True,True,3,3,True,24.0,6242.0,199.0,199.0,1.0,1.5,4,0.3333333333333333,2,3,0.42857142857142855
task-p3-72fdfc97535973f5,g-8e75832e853cc6ea,phase3-m14-b01-g-8e75832e853cc6ea,development,14,14,14,9,14,16384,7,2,0.2857142857142857,2,0.0001220703125,0.0001220703125,3.9133899436317554,3.9133899436317554,0.3010299956639812,4.214419939295737,-3.9133899436317554,0.0,1576.0,1,11.0,[6148],11.0,724.1148442399697,713.1148442399697,0.05527638190954774,3.638768061507385,3.5834916795978375,210.7058823529412,18.0,192.7058823529412,True,True,True,True,True,2,2,True,34.0,7390.0,199.0,199.0,1.0,1.5555555555555556,4,0.5714285714285714,3,4,0.3888888888888889
task-p3-742ad01cf4b5d731,g-c0fc2d5e7eacaffa,phase3-m16-b01-g-c0fc2d5e7eacaffa,development,16,16,16,9,16,65536,11,1,0.09090909090909091,1,1.52587890625e-05,1.52587890625e-05,4.816479930623699,4.816479930623699,0.0,4.816479930623699,-4.816479930623699,0.0,230.0,1,18.0,[33282],18.0,794.9037855997174,776.9037855997174,0.09045226130653267,3.9944913849232027,3.90403912361667,208.04545454545453,18.0,190.04545454545453,True,True,True,True,True,1,1,True,44.0,7134.0,199.0,199.0,1.5714285714285714,1.7777777777777777,4,0.5454545454545454,2,4,0.4444444444444444
task-p3-78558b1def966d97,g-7b29ecdabf11c2a7,phase3-m22-b03-g-7b29ecdabf11c2a7,extrapolation_holdout,22,22,22,10,22,4194304,14,3,0.21428571428571427,3,7.152557373046875e-07,7.152557373046875e-07,6.145538649887924,6.145538649887924,0.47712125471966244,6.622659904607587,-6.145538649887924,0.0,1136.0,2,12.0,"[262160, 2097216]",12.0,861.2394313645005,849.2394313645005,0.06030150753768844,4.327836338515078,4.2675348309773895,202.9019607843137,22.0,180.9019607843137,True,True,True,True,True,3,3,True,102.0,12124.0,199.0,199.0,1.75,2.2,7,0.2857142857142857,2,3,0.4888888888888889
task-p3-792beeb2f8a2ab19,g-22d56a3beb2cd856,phase3-m14-b02-g-22d56a3beb2cd856,development,14,14,14,9,14,16384,8,1,0.125,1,6.103515625e-05,6.103515625e-05,4.214419939295737,4.214419939295737,0.0,4.214419939295737,-4.214419939295737,0.0,1268.0,1,13.0,[2181],13.0,707.7696930174262,694.7696930174262,0.06532663316582915,3.5566316232031467,3.4913049900373174,209.1352705147857,13.0,196.1352705147857,True,True,True,True,True,1,1,True,30.0,5830.0,199.0,199.0,1.1428571428571428,1.5555555555555556,3,0.625,3,4,0.3888888888888889
task-p3-7aa808c5ed6463f8,g-4471e11eca661209,phase3-m20-b01-g-4471e11eca661209,extrapolation_holdout,20,20,20,11,20,1048576,12,12,1.0,12,1.1444091796875e-05,1.1444091796875e-05,4.941418667231999,4.941418667231999,1.0791812460476249,6.020599913279624,-4.941418667231999,0.0,2625.0,1,8.0,[32776],8.0,796.075775856639,788.075775856639,0.04020100502512563,4.000380783199191,3.960179778174065,206.96,23.0,183.96,True,True,True,True,True,12,12,True,50.0,11592.0,199.0,199.0,1.3333333333333333,1.8181818181818181,5,0.4166666666666667,2,4,0.36363636363636365
task-p3-7e439fa4cc3f1645,g-b4c9d2e42a3dc98f,phase3-m18-b04-g-b4c9d2e42a3dc98f,interpolation_holdout,18,18,18,10,18,262144,11,11,1.0,11,4.1961669921875e-05,4.1961669921875e-05,4.377147236793436,4.377147236793436,1.041392685158225,5.418539921951662,-4.377147236793437,8.881784197001252e-16,2612.0,1,15.0,[163856],15.0,779.7366416506868,764.7366416506868,0.07537688442211055,3.9182745811592303,3.84289769673712,208.04545454545453,27.0,181.04545454545453,True,True,True,True,True,11,11,True,44.0,9518.0,199.0,199.0,1.375,1.8,5,0.45454545454545453,3,4,0.4
task-p3-80b76edb78728176,g-e7e26759e1ed20ef,phase3-m16-b03-g-e7e26759e1ed20ef,development,16,16,16,9,16,65536,9,6,0.6666666666666666,6,9.1552734375e-05,9.1552734375e-05,4.038328680240055,4.038328680240055,0.7781512503836436,4.816479930623699,-4.038328680240055,0.0,1495.0,1,6.0,[16898],6.0,766.5571777826149,760.5571777826149,0.03015075376884422,3.8520461195106277,3.8218953657417836,208.04545454545453,15.0,193.04545454545453,True,True,True,True,True,6,6,True,44.0,7758.0,199.0,199.0,1.2857142857142858,1.7777777777777777,5,0.3333333333333333,2,3,0.4444444444444444
task-p3-81379a519388cacd,g-31c1e4ae69d6af03,phase3-m22-b02-g-31c1e4ae69d6af03,extrapolation_holdout,22,22,22,13,22,4194304,17,2,0.11764705882352941,2,4.76837158203125e-07,4.76837158203125e-07,6.321629908943605,6.321629908943605,0.3010299956639812,6.622659904607587,-6.321629908943605,0.0,1679.0,1,20.0,[1064993],20.0,740.8995393580738,720.8995393580738,0.10050251256281408,3.723113263105898,3.622610750543084,207.65217391304347,25.0,182.65217391304347,True,True,True,True,True,2,2,True,46.0,11337.0,199.0,199.0,1.5454545454545454,1.6923076923076923,3,0.5882352941176471,3,5,0.28205128205128205
task-p3-813e6ecb87aa1459,g-340c0c88fcc14180,phase3-m16-b04-g-340c0c88fcc14180,interpolation_holdout,16,16,16,9,16,65536,9,4,0.4444444444444444,4,6.103515625e-05,6.103515625e-05,4.214419939295737,4.214419939295737,0.6020599913279624,4.816479930623699,-4.214419939295737,0.0,1713.0,1,7.0,[32898],7.0,720.4546087864753,713.4546087864753,0.035175879396984924,3.620374918525002,3.585199039128017,205.86206896551727,22.0,183.86206896551727,True,True,True,True,True,4,4,True,58.0,7523.0,199.0,199.0,1.2857142857142858,1.7777777777777777,4,0.6666666666666666,3,4,0.4444444444444444
task-p3-8181ccac86396cd2,g-65a5f4b07fa94104,phase3-m20-b04-g-65a5f4b07fa94104,extrapolation_holdout,20,20,20,11,20,1048576,11,7,0.6363636363636364,7,6.67572021484375e-06,6.67572021484375e-06,5.175501873265367,5.175501873265367,0.8450980400142568,6.020599913279624,-5.175501873265367,0.0,2272.0,1,15.0,[526338],15.0,789.8863917873986,774.8863917873986,0.07537688442211055,3.969278350690445,3.8939014662683347,204.52777777777777,31.0,173.52777777777777,True,True,True,True,True,7,7,True,72.0,9692.0,199.0,199.0,1.2222222222222223,1.8181818181818181,5,0.6363636363636364,3,4,0.36363636363636365
task-p3-82aca830655428f2,g-5017fd274a1c10ec,phase3-m16-b02-g-5017fd274a1c10ec,development,16,16,16,10,16,65536,10,3,0.3,3,4.57763671875e-05,4.57763671875e-05,4.339358675904037,4.339358675904037,0.47712125471966244,4.816479930623699,-4.339358675904037,0.0,1657.0,1,24.0,[34852],24.0,742.6772843698666,718.6772843698666,0.12060301507537688,3.732046655124958,3.611443640049581,210.05555555555557,33.0,177.05555555555557,True,True,True,True,True,3,3,True,36.0,7875.0,199.0,199.0,1.25,1.6,4,0.6,3,4,0.35555555555555557
task-p3-8464e365f66913a8,g-3973175f1911b646,phase3-m18-b01-g-3973175f1911b646,development,18,18,18,10,18,262144,12,3,0.25,3,1.1444091796875e-05,1.1444091796875e-05,4.941418667231999,4.941418667231999,0.47712125471966244,5.418539921951662,-4.941418667231999,0.0,1837.0,1,4.0,[69640],4.0,734.1647023345868,730.1647023345868,0.020100502512562814,3.6892698609778227,3.66916935846526,204.54147417466945,14.0,190.54147417466945,True,True,True,True,True,3,3,True,38.0,10333.0,199.0,199.0,1.5,1.8,4,0.5,3,4,0.4
task-p3-857d909d9de4f017,g-e62b89c25adcfec3,phase3-m22-b04-g-e62b89c25adcfec3,extrapolation_holdout,22,22,22,12,22,4194304,15,15,1.0,15,3.5762786865234375e-06,3.5762786865234375e-06,5.446568645551905,5.446568645551905,1.1760912590556813,6.622659904607587,-5.446568645551905,0.0,3280.0,1,12.0,[17412],12.0,756.094737400169,744.094737400169,0.06030150753768844,3.7994710422119047,3.7391695346742164,206.1071428571429,32.0,174.1071428571429,True,True,True,True,True,15,15,True,56.0,10970.0,199.0,199.0,1.5,1.8333333333333333,4,0.4,3,4,0.3333333333333333
task-p3-87c2db0929de04c9,g-8e75832e853cc6ea,phase3-m14-b01-g-8e75832e853cc6ea,development,14,14,14,9,14,16384,7,5,0.7142857142857143,5,0.00030517578125,0.00030517578125,3.515449934959718,3.515449934959718,0.6989700043360189,4.214419939295737,-3.515449934959718,0.0,2464.0,1,11.0,[6148],11.0,691.6899465212246,680.6899465212246,0.05527638190954774,3.4758288769910783,3.4205524950815307,210.7058823529412,20.0,190.7058823529412,True,True,True,True,True,5,5,True,34.0,7390.0,199.0,199.0,1.0,1.5555555555555556,4,0.5714285714285714,3,4,0.3888888888888889
task-p3-88e9d1e89157506c,g-bb12128d9b6a7786,phase3-m22-b00-g-bb12128d9b6a7786,extrapolation_holdout,22,22,22,10,22,4194304,14,5,0.35714285714285715,5,1.1920928955078125e-06,1.1920928955078125e-06,5.923689900271567,5.923689900271567,0.6989700043360189,6.622659904607587,-5.923689900271568,8.881784197001252e-16,1219.0,2,10.0,"[264194, 2097280]",10.0,865.6458140870079,855.6458140870079,0.05025125628140704,4.3499789652613465,4.2997277089799395,202.75471698113208,21.0,181.75471698113208,True,True,True,True,True,5,5,True,106.0,13484.0,199.0,199.0,1.75,2.2,8,0.2857142857142857,2,3,0.4888888888888889
task-p3-8b01c5bce04b7695,g-65a5f4b07fa94104,phase3-m20-b04-g-65a5f4b07fa94104,extrapolation_holdout,20,20,20,11,20,1048576,11,3,0.2727272727272727,3,2.86102294921875e-06,2.86102294921875e-06,5.543478658559962,5.543478658559962,0.47712125471966244,6.020599913279624,-5.543478658559962,0.0,1413.0,1,22.0,[327696],22.0,818.455153637099,796.455153637099,0.11055276381909548,4.112839968025623,4.002287204206528,204.52777777777777,25.0,179.52777777777777,True,True,True,True,True,3,3,True,72.0,9692.0,199.0,199.0,1.2222222222222223,1.8181818181818181,5,0.6363636363636364,3,4,0.36363636363636365
task-p3-8d8d0885533ef396,g-cd9098863d67a067,phase3-m16-b00-g-cd9098863d67a067,development,16,16,16,9,16,65536,9,4,0.4444444444444444,4,6.103515625e-05,6.103515625e-05,4.214419939295737,4.214419939295737,0.6020599913279624,4.816479930623699,-4.214419939295737,0.0,1038.0,1,6.0,[8200],6.0,837.3296427589733,831.3296427589733,0.03015075376884422,4.207686647030016,4.1775358932611715,206.1071428571429,17.0,189.1071428571429,True,True,True,True,True,4,4,True,56.0,8493.0,199.0,199.0,1.2857142857142858,1.7777777777777777,5,0.4444444444444444,2,3,0.4444444444444444
task-p3-8e8267b883cc77e1,g-4471e11eca661209,phase3-m20-b01-g-4471e11eca661209,extrapolation_holdout,20,20,20,11,20,1048576,12,1,0.08333333333333333,1,9.5367431640625e-07,9.5367431640625e-07,6.020599913279624,6.020599913279624,0.0,6.020599913279624,-6.020599913279624,0.0,1222.0,1,8.0,[32776],8.0,834.6409567901235,826.6409567901235,0.04020100502512563,4.194175662261927,4.153974657236801,206.96,8.0,198.96,True,True,True,True,True,1,1,True,50.0,11592.0,199.0,199.0,1.3333333333333333,1.8181818181818181,5,0.4166666666666667,2,4,0.36363636363636365
task-p3-8e9274e2ed3a6080,g-f9e9faf277cb53e1,phase3-m14-b03-g-f9e9faf277cb53e1,development,14,14,14,8,14,16384,8,3,0.375,3,0.00018310546875,0.00018310546875,3.737298684576074,3.737298684576074,0.47712125471966244,4.214419939295737,-3.737298684576074,0.0,1266.0,1,8.0,[4104],8.0,760.3627439701665,752.3627439701665,0.04020100502512563,3.820918311407872,3.7807173063827464,208.04545454545453,16.0,192.04545454545453,True,True,True,True,True,3,3,True,44.0,6666.0,199.0,199.0,1.3333333333333333,1.75,5,0.5,2,3,0.5
task-p3-8f93d28c3097445a,g-51ac21fe95f0c3f4,phase3-m12-b04-g-51ac21fe95f0c3f4,interpolation_holdout,12,12,12,9,12,4096,6,2,0.3333333333333333,2,0.00048828125,0.00048828125,3.311329952303793,3.311329952303793,0.3010299956639812,3.612359947967774,-3.311329952303793,0.0,1434.0,1,17.0,[1545],17.0,672.6246602951635,655.6246602951635,0.08542713567839195,3.3800234185686606,3.294596282890269,221.11111111111111,28.0,193.11111111111111,True,True,True,True,True,2,2,True,18.0,6104.0,199.0,199.0,0.8571428571428571,1.3333333333333333,2,0.6666666666666666,4,4,0.3333333333333333
task-p3-8f9e81134b8fce23,g-340c0c88fcc14180,phase3-m16-b04-g-340c0c88fcc14180,interpolation_holdout,16,16,16,9,16,65536,9,6,0.6666666666666666,6,9.1552734375e-05,9.1552734375e-05,4.038328680240055,4.038328680240055,0.7781512503836436,4.816479930623699,-4.038328680240055,0.0,1939.0,1,7.0,[32898],7.0,711.4972417124791,704.4972417124791,0.035175879396984924,3.5753630236807994,3.5401871442838146,205.86206896551727,29.0,176.86206896551727,True,True,True,True,True,6,6,True,58.0,7523.0,199.0,199.0,1.2857142857142858,1.7777777777777777,4,0.6666666666666666,3,4,0.4444444444444444
task-p3-9203110695eef505,g-f9e9faf277cb53e1,phase3-m14-b03-g-f9e9faf277cb53e1,development,14,14,14,8,14,16384,8,1,0.125,1,6.103515625e-05,6.103515625e-05,4.214419939295737,4.214419939295737,0.0,4.214419939295737,-4.214419939295737,0.0,175.0,1,8.0,[4104],8.0,818.4613332845436,810.4613332845436,0.04020100502512563,4.11287102153037,4.072670016505244,208.04545454545453,8.0,200.04545454545453,True,True,True,True,True,1,1,True,44.0,6666.0,199.0,199.0,1.3333333333333333,1.75,5,0.5,2,3,0.5
task-p3-9332ee3dcfff4fa2,g-8e75832e853cc6ea,phase3-m14-b01-g-8e75832e853cc6ea,development,14,14,14,9,14,16384,7,7,1.0,7,0.00042724609375,0.00042724609375,3.3693218992814797,3.3693218992814797,0.8450980400142568,4.214419939295737,-3.3693218992814797,0.0,2622.0,1,11.0,[6148],11.0,686.7156115295286,675.7156115295286,0.05527638190954774,3.4508322187413496,3.395555836831802,210.7058823529412,22.0,188.7058823529412,True,True,True,True,True,7,7,True,34.0,7390.0,199.0,199.0,1.0,1.5555555555555556,4,0.5714285714285714,3,4,0.3888888888888889
task-p3-93b0a1066275838d,g-0deca2d7d26bc264,phase3-m20-b02-g-0deca2d7d26bc264,extrapolation_holdout,20,20,20,12,20,1048576,16,1,0.0625,1,9.5367431640625e-07,9.5367431640625e-07,6.020599913279624,6.020599913279624,0.0,6.020599913279624,-6.020599913279624,0.0,1873.0,1,25.0,[328201],25.0,734.5506515123061,709.5506515123061,0.12562814070351758,3.6912093040819403,3.5655811633784227,205.63333333333335,25.0,180.63333333333335,True,True,True,True,True,1,1,True,60.0,9430.0,199.0,199.0,1.6,1.6666666666666667,3,0.625,4,5,0.30303030303030304
task-p3-95b8e8fb2904772e,g-afad664ce9d18d68,phase3-m22-b01-g-afad664ce9d18d68,extrapolation_holdout,22,22,22,12,22,4194304,14,2,0.14285714285714285,2,4.76837158203125e-07,4.76837158203125e-07,6.321629908943605,6.321629908943605,0.3010299956639812,6.622659904607587,-6.321629908943605,0.0,1256.0,1,15.0,[2105352],15.0,845.9576204032742,830.9576204032742,0.07537688442211055,4.251043318609418,4.175666434187308,205.02093700472724,22.0,183.02093700472724,True,True,True,True,True,2,2,True,56.0,12284.0,199.0,199.0,1.4,1.8333333333333333,5,0.42857142857142855,2,4,0.3333333333333333
task-p3-9ac3e8cc97e81156,g-0deca2d7d26bc264,phase3-m20-b02-g-0deca2d7d26bc264,extrapolation_holdout,20,20,20,12,20,1048576,16,2,0.125,2,1.9073486328125e-06,1.9073486328125e-06,5.719569917615643,5.719569917615643,0.3010299956639812,6.020599913279624,-5.719569917615643,0.0,1908.0,1,20.0,[4229],20.0,733.5376805109331,713.5376805109331,0.10050251256281408,3.6861189975423776,3.5856164849795635,205.63333333333335,25.0,180.63333333333335,True,True,True,True,True,2,2,True,60.0,9430.0,199.0,199.0,1.6,1.6666666666666667,3,0.625,4,5,0.30303030303030304
task-p3-9d066f50a14e58f2,g-65a5f4b07fa94104,phase3-m20-b04-g-65a5f4b07fa94104,extrapolation_holdout,20,20,20,11,20,1048576,11,4,0.36363636363636365,4,3.814697265625e-06,3.814697265625e-06,5.418539921951662,5.418539921951662,0.6020599913279624,6.020599913279624,-5.418539921951662,0.0,1675.0,1,22.0,[327696],22.0,809.4101536038845,787.4101536038845,0.11055276381909548,4.067387706552183,3.956834942733088,204.52777777777777,31.0,173.52777777777777,True,True,True,True,True,4,4,True,72.0,9692.0,199.0,199.0,1.2222222222222223,1.8181818181818181,5,0.6363636363636364,3,4,0.36363636363636365
task-p3-9d3698769d5819aa,g-3e6704b429f1ca32,phase3-m20-b00-g-3e6704b429f1ca32,extrapolation_holdout,20,20,20,10,20,1048576,12,12,1.0,12,1.1444091796875e-05,1.1444091796875e-05,4.941418667231999,4.941418667231999,1.0791812460476249,6.020599913279624,-4.941418667231999,0.0,2431.0,3,9.0,"[8196, 278536, 524320]",9.0,801.0353210999491,792.0353210999491,0.04522613065326633,4.025303121105272,3.9800769904520052,204.68571428571425,18.0,186.68571428571425,True,True,True,True,True,12,12,True,70.0,9827.0,199.0,199.0,1.5,2.0,6,0.3333333333333333,2,3,0.4444444444444444
task-p3-a07c8b42ba6b3903,g-275f626d73d8e8bd,phase3-m12-b01-g-275f626d73d8e8bd,development,12,12,12,9,12,4096,6,1,0.16666666666666666,1,0.000244140625,0.000244140625,3.612359947967774,3.612359947967774,0.0,3.612359947967774,-3.612359947967774,0.0,837.0,1,17.0,[1553],17.0,707.8741657674602,690.8741657674602,0.08542713567839195,3.5571566118967852,3.4717294762183935,208.32342680721032,17.0,191.32342680721032,True,True,True,True,True,1,1,True,18.0,4439.0,199.0,199.0,0.8571428571428571,1.3333333333333333,3,0.6666666666666666,3,4,0.3333333333333333
task-p3-a0a59bb625d2f414,g-bb12128d9b6a7786,phase3-m22-b00-g-bb12128d9b6a7786,extrapolation_holdout,22,22,22,10,22,4194304,14,1,0.07142857142857142,1,2.384185791015625e-07,2.384185791015625e-07,6.622659904607587,6.622659904607587,0.0,6.622659904607587,-6.622659904607587,0.0,266.0,1,12.0,[65540],12.0,892.2260629977663,880.2260629977663,0.06030150753768844,4.483548055265158,4.423246547727469,202.75471698113208,12.0,190.75471698113208,True,True,True,True,True,1,1,True,106.0,13484.0,199.0,199.0,1.75,2.2,8,0.2857142857142857,2,3,0.4888888888888889
task-p3-a1690ae1e63fd0cb,g-2fd196f1ec0acd82,phase3-m12-b03-g-2fd196f1ec0acd82,development,12,12,12,8,12,4096,6,5,0.8333333333333334,5,0.001220703125,0.001220703125,2.9133899436317554,2.9133899436317554,0.6989700043360189,3.612359947967774,-2.9133899436317554,0.0,1371.0,2,7.0,"[520, 529]",7.0,702.8605498814121,695.8605498814121,0.035175879396984924,3.531962562218151,3.4967866828211664,212.7210951267052,22.0,190.7210951267052,True,True,True,True,True,5,5,True,26.0,4585.0,199.0,199.0,1.0,1.5,4,0.5,2,3,0.42857142857142855
task-p3-a16b2f751ccd76a6,g-2fd196f1ec0acd82,phase3-m12-b03-g-2fd196f1ec0acd82,development,12,12,12,8,12,4096,6,2,0.3333333333333333,2,0.00048828125,0.00048828125,3.311329952303793,3.311329952303793,0.3010299956639812,3.612359947967774,-3.311329952303793,0.0,576.0,2,7.0,"[520, 529]",7.0,757.2180080001413,750.2180080001413,0.035175879396984924,3.805115618091162,3.7699397386941773,214.3076923076923,7.0,207.3076923076923,True,True,True,True,True,2,2,True,26.0,4585.0,199.0,199.0,1.0,1.5,4,0.5,2,3,0.42857142857142855
task-p3-a2c456fa2c59052b,g-bb12128d9b6a7786,phase3-m22-b00-g-bb12128d9b6a7786,extrapolation_holdout,22,22,22,10,22,4194304,14,14,1.0,14,3.337860107421875e-06,3.337860107421875e-06,5.4765318689293485,5.4765318689293485,1.146128035678238,6.622659904607587,-5.4765318689293485,0.0,2462.0,1,4.0,[262160],4.0,833.9647134883969,829.9647134883969,0.020100502512562814,4.190777454715563,4.170676952203,202.75471698113208,21.0,181.75471698113208,True,True,True,True,True,14,14,True,106.0,13484.0,199.0,199.0,1.75,2.2,8,0.2857142857142857,2,3,0.4888888888888889
task-p3-a4c941937da21328,g-63a93cc8703f978f,phase3-m12-b02-g-63a93cc8703f978f,development,12,12,12,8,12,4096,6,1,0.16666666666666666,1,0.000244140625,0.000244140625,3.612359947967774,3.612359947967774,0.0,3.612359947967774,-3.612359947967774,0.0,975.0,1,10.0,[2065],10.0,738.4627949875044,728.4627949875044,0.05025125628140704,3.7108683165201226,3.6606170602387156,215.91983920519388,10.0,205.91983920519388,True,True,True,True,True,1,1,True,20.0,6299.0,199.0,199.0,1.0,1.5,3,0.5,3,4,0.42857142857142855
task-p3-a5998f4aed640473,g-3cf4bd3967c31b19,phase3-m14-b00-g-3cf4bd3967c31b19,development,14,14,14,8,14,16384,8,4,0.5,4,0.000244140625,0.000244140625,3.612359947967774,3.612359947967774,0.6020599913279624,4.214419939295737,-3.612359947967774,0.0,1876.0,1,4.0,[2056],4.0,764.8443037503098,760.8443037503098,0.020100502512562814,3.8434387123131146,3.8233382098005517,209.4736842105263,16.0,193.4736842105263,True,True,True,True,True,4,4,True,38.0,8618.0,199.0,199.0,1.3333333333333333,1.75,4,0.5,2,3,0.5
task-p3-a7855c2ee4b44f07,g-3e6704b429f1ca32,phase3-m20-b00-g-3e6704b429f1ca32,extrapolation_holdout,20,20,20,10,20,1048576,12,7,0.5833333333333334,7,6.67572021484375e-06,6.67572021484375e-06,5.175501873265367,5.175501873265367,0.8450980400142568,6.020599913279624,-5.175501873265367,0.0,1256.0,2,9.0,"[8196, 524320]",9.0,839.6962563792947,830.6962563792947,0.04522613065326633,4.2195791777854,4.174353047132134,204.68571428571425,14.0,190.68571428571425,True,True,True,True,True,7,7,True,70.0,9827.0,199.0,199.0,1.5,2.0,6,0.3333333333333333,2,3,0.4444444444444444
task-p3-a97437a83b16b0e8,g-b4c9d2e42a3dc98f,phase3-m18-b04-g-b4c9d2e42a3dc98f,interpolation_holdout,18,18,18,10,18,262144,11,4,0.36363636363636365,4,1.52587890625e-05,1.52587890625e-05,4.816479930623699,4.816479930623699,0.6020599913279624,5.418539921951662,-4.816479930623699,0.0,1067.0,1,15.0,[163856],15.0,829.8364861936066,814.8364861936066,0.07537688442211055,4.170032593937721,4.09465570951561,208.04545454545453,20.0,188.04545454545453,True,True,True,True,True,4,4,True,44.0,9518.0,199.0,199.0,1.375,1.8,5,0.45454545454545453,3,4,0.4
task-p3-aa18c0fe25b7a1f8,g-3cf4bd3967c31b19,phase3-m14-b00-g-3cf4bd3967c31b19,development,14,14,14,8,14,16384,8,1,0.125,1,6.103515625e-05,6.103515625e-05,4.214419939295737,4.214419939295737,0.0,4.214419939295737,-4.214419939295737,0.0,611.0,1,16.0,[65],16.0,814.8354618804838,798.8354618804838,0.08040201005025126,4.094650562213486,4.0142485521632345,203.00964589650047,16.0,187.00964589650047,True,True,True,True,True,1,1,True,38.0,8618.0,199.0,199.0,1.3333333333333333,1.75,4,0.5,2,3,0.5
task-p3-aa28a19affb4eca6,g-8e75832e853cc6ea,phase3-m14-b01-g-8e75832e853cc6ea,development,14,14,14,9,14,16384,7,3,0.42857142857142855,3,0.00018310546875,0.00018310546875,3.737298684576074,3.737298684576074,0.47712125471966244,4.214419939295737,-3.737298684576074,0.0,1813.0,1,11.0,[6148],11.0,714.3933010105388,703.3933010105388,0.05527638190954774,3.5899160854800947,3.534639703570547,210.7058823529412,19.0,191.7058823529412,True,True,True,True,True,3,3,True,34.0,7390.0,199.0,199.0,1.0,1.5555555555555556,4,0.5714285714285714,3,4,0.3888888888888889
task-p3-adfa49a202ade119,g-4471e11eca661209,phase3-m20-b01-g-4471e11eca661209,extrapolation_holdout,20,20,20,11,20,1048576,12,2,0.16666666666666666,2,1.9073486328125e-06,1.9073486328125e-06,5.719569917615643,5.719569917615643,0.3010299956639812,6.020599913279624,-5.719569917615643,0.0,1275.0,1,8.0,[32776],8.0,833.078150057737,825.078150057737,0.04020100502512563,4.186322362099181,4.146121357074056,206.96,16.0,190.96,True,True,True,True,True,2,2,True,50.0,11592.0,199.0,199.0,1.3333333333333333,1.8181818181818181,5,0.4166666666666667,2,4,0.36363636363636365
task-p3-ae1584088e3e7cdb,g-e62b89c25adcfec3,phase3-m22-b04-g-e62b89c25adcfec3,extrapolation_holdout,22,22,22,12,22,4194304,15,2,0.13333333333333333,2,4.76837158203125e-07,4.76837158203125e-07,6.321629908943605,6.321629908943605,0.3010299956639812,6.622659904607587,-6.321629908943605,0.0,1319.0,1,15.0,[528393],15.0,811.058315072313,796.058315072313,0.07537688442211055,4.075669924986498,4.000293040564387,206.1071428571429,16.0,190.1071428571429,True,True,True,True,True,2,2,True,56.0,10970.0,199.0,199.0,1.5,1.8333333333333333,4,0.4,3,4,0.3333333333333333
task-p3-af2e45905d5b5830,g-3115314f81a28bbb,phase3-m14-b04-g-3115314f81a28bbb,interpolation_holdout,14,14,14,9,14,16384,7,3,0.42857142857142855,3,0.00018310546875,0.00018310546875,3.737298684576074,3.737298684576074,0.47712125471966244,4.214419939295737,-3.737298684576074,0.0,1261.0,1,19.0,[8450],19.0,715.3410616654369,696.3410616654369,0.09547738693467336,3.5946787018363664,3.499201314901693,210.7058823529412,25.0,185.7058823529412,True,True,True,True,True,3,3,True,34.0,5577.0,199.0,199.0,1.0,1.5555555555555556,3,0.5714285714285714,3,4,0.3888888888888889
task-p3-b12e7fb7d3bcb7e3,g-5017fd274a1c10ec,phase3-m16-b02-g-5017fd274a1c10ec,development,16,16,16,10,16,65536,10,4,0.4,4,6.103515625e-05,6.103515625e-05,4.214419939295737,4.214419939295737,0.6020599913279624,4.816479930623699,-4.214419939295737,0.0,1663.0,1,24.0,[34852],24.0,742.4379669397833,718.4379669397833,0.12060301507537688,3.730844054973786,3.610241039898409,210.05555555555557,33.0,177.05555555555557,True,True,True,True,True,4,4,True,36.0,7875.0,199.0,199.0,1.25,1.6,4,0.6,3,4,0.35555555555555557
task-p3-b14747e889207fd9,g-63a93cc8703f978f,phase3-m12-b02-g-63a93cc8703f978f,development,12,12,12,8,12,4096,6,2,0.3333333333333333,2,0.00048828125,0.00048828125,3.311329952303793,3.311329952303793,0.3010299956639812,3.612359947967774,-3.311329952303793,0.0,1724.0,1,10.0,[2065],10.0,701.276492159857,691.276492159857,0.05025125628140704,3.5240024731651105,3.4737512168837035,213.000983028097,15.0,198.000983028097,True,True,True,True,True,2,2,True,20.0,6299.0,199.0,199.0,1.0,1.5,3,0.5,3,4,0.42857142857142855
task-p3-b1e8ffefbffe8436,g-3973175f1911b646,phase3-m18-b01-g-3973175f1911b646,development,18,18,18,10,18,262144,12,7,0.5833333333333334,7,2.6702880859375e-05,2.6702880859375e-05,4.573441881937405,4.573441881937405,0.8450980400142568,5.418539921951662,-4.573441881937405,0.0,2530.0,1,4.0,[69640],4.0,713.1126514052366,709.1126514052366,0.020100502512562814,3.5834806603278224,3.5633801578152595,207.05260400145212,14.0,193.05260400145212,True,True,True,True,True,7,7,True,38.0,10333.0,199.0,199.0,1.5,1.8,4,0.5,3,4,0.4
task-p3-b22307d611fab4bc,g-bb12128d9b6a7786,phase3-m22-b00-g-bb12128d9b6a7786,extrapolation_holdout,22,22,22,10,22,4194304,14,2,0.14285714285714285,2,4.76837158203125e-07,4.76837158203125e-07,6.321629908943605,6.321629908943605,0.3010299956639812,6.622659904607587,-6.321629908943605,0.0,872.0,1,10.0,[264194],10.0,875.0938833776956,865.0938833776956,0.05025125628140704,4.39745670039043,4.347205444109023,202.75471698113208,12.0,190.75471698113208,True,True,True,True,True,2,2,True,106.0,13484.0,199.0,199.0,1.75,2.2,8,0.2857142857142857,2,3,0.4888888888888889
task-p3-b36a74d436a6d25a,g-6561c85f253791c6,phase3-m18-b00-g-6561c85f253791c6,development,18,18,18,9,18,262144,11,7,0.6363636363636364,7,2.6702880859375e-05,2.6702880859375e-05,4.573441881937405,4.573441881937405,0.8450980400142568,5.418539921951662,-4.573441881937405,0.0,2176.0,2,10.0,"[8196, 16392]",10.0,826.7998588278398,816.7998588278398,0.05025125628140704,4.154773159938894,4.104521903657487,204.23684210526318,26.0,178.23684210526318,True,True,True,True,True,7,7,True,76.0,11487.0,199.0,199.0,1.5714285714285714,2.0,4,0.36363636363636365,2,3,0.5
task-p3-b41b79df32f0fdb5,g-e7e26759e1ed20ef,phase3-m16-b03-g-e7e26759e1ed20ef,development,16,16,16,9,16,65536,9,3,0.3333333333333333,3,4.57763671875e-05,4.57763671875e-05,4.339358675904037,4.339358675904037,0.47712125471966244,4.816479930623699,-4.339358675904037,0.0,1252.0,2,9.0,"[8450, 32784]",9.0,776.816453141813,767.816453141813,0.04522613065326633,3.903600267044286,3.85837413639102,205.00033063857904,10.0,195.00033063857904,True,True,True,True,True,3,3,True,44.0,7758.0,199.0,199.0,1.2857142857142858,1.7777777777777777,5,0.3333333333333333,2,3,0.4444444444444444
task-p3-b6a037038c8281f2,g-e7e26759e1ed20ef,phase3-m16-b03-g-e7e26759e1ed20ef,development,16,16,16,9,16,65536,9,1,0.1111111111111111,1,1.52587890625e-05,1.52587890625e-05,4.816479930623699,4.816479930623699,0.0,4.816479930623699,-4.816479930623699,0.0,814.0,1,9.0,[32784],9.0,796.2947024733415,787.2947024733415,0.04522613065326633,4.001480916951465,3.9562547862981985,205.66360485373445,9.0,196.66360485373445,True,True,True,True,True,1,1,True,44.0,7758.0,199.0,199.0,1.2857142857142858,1.7777777777777777,5,0.3333333333333333,2,3,0.4444444444444444
task-p3-b7c9af0733f91182,g-595b062626366822,phase3-m18-b02-g-595b062626366822,development,18,18,18,10,18,262144,11,7,0.6363636363636364,7,2.6702880859375e-05,2.6702880859375e-05,4.573441881937405,4.573441881937405,0.8450980400142568,5.418539921951662,-4.573441881937405,0.0,1633.0,2,18.0,"[8322, 67650]",18.0,815.0416438435266,797.0416438435266,0.09045226130653267,4.095686652480033,4.0052343911735,209.4736842105263,25.0,184.4736842105263,True,True,True,True,True,7,7,True,38.0,9258.0,199.0,199.0,1.375,1.8,4,0.45454545454545453,3,4,0.4
task-p3-b8b88b23be08a36b,g-7b29ecdabf11c2a7,phase3-m22-b03-g-7b29ecdabf11c2a7,extrapolation_holdout,22,22,22,10,22,4194304,14,5,0.35714285714285715,5,1.1920928955078125e-06,1.1920928955078125e-06,5.923689900271567,5.923689900271567,0.6989700043360189,6.622659904607587,-5.923689900271568,8.881784197001252e-16,1530.0,2,12.0,"[262160, 2097216]",12.0,849.7274750984404,837.7274750984404,0.06030150753768844,4.269987312052464,4.209685804514776,202.9019607843137,22.0,180.9019607843137,True,True,True,True,True,5,5,True,102.0,12124.0,199.0,199.0,1.75,2.2,7,0.2857142857142857,2,3,0.4888888888888889
task-p3-b8e2da35bf423a1f,g-63a93cc8703f978f,phase3-m12-b02-g-63a93cc8703f978f,development,12,12,12,8,12,4096,6,3,0.5,3,0.000732421875,0.000732421875,3.135238693248112,3.135238693248112,0.47712125471966244,3.612359947967774,-3.1352386932481116,4.440892098500626e-16,1738.0,1,10.0,[2065],10.0,700.6349961102543,690.6349961102543,0.05025125628140704,3.520778874925901,3.470527618644494,214.6067293318935,15.0,199.6067293318935,True,True,True,True,True,3,3,True,20.0,6299.0,199.0,199.0,1.0,1.5,3,0.5,3,4,0.42857142857142855
task-p3-b9dd71000e12239c,g-3115314f81a28bbb,phase3-m14-b04-g-3115314f81a28bbb,interpolation_holdout,14,14,14,9,14,16384,7,7,1.0,7,0.00042724609375,0.00042724609375,3.3693218992814797,3.3693218992814797,0.8450980400142568,4.214419939295737,-3.3693218992814797,0.0,2834.0,1,15.0,[4612],15.0,652.4980825439302,637.4980825439302,0.07537688442211055,3.278884836904172,3.2035079524820613,210.7058823529412,25.0,185.7058823529412,True,True,True,True,True,7,7,True,34.0,5577.0,199.0,199.0,1.0,1.5555555555555556,3,0.5714285714285714,3,4,0.3888888888888889
task-p3-ba6b71f64afcb032,g-595b062626366822,phase3-m18-b02-g-595b062626366822,development,18,18,18,10,18,262144,11,11,1.0,11,4.1961669921875e-05,4.1961669921875e-05,4.377147236793436,4.377147236793436,1.041392685158225,5.418539921951662,-4.377147236793437,8.881784197001252e-16,2958.0,1,17.0,[132100],17.0,772.2035827732482,755.2035827732482,0.08542713567839195,3.8804200139359204,3.7949928782575286,209.4736842105263,28.0,181.4736842105263,True,True,True,True,True,11,11,True,38.0,9258.0,199.0,199.0,1.375,1.8,4,0.45454545454545453,3,4,0.4
task-p3-ba8f8a726d2a95e8,g-3973175f1911b646,phase3-m18-b01-g-3973175f1911b646,development,18,18,18,10,18,262144,12,2,0.16666666666666666,2,7.62939453125e-06,7.62939453125e-06,5.11750992628768,5.11750992628768,0.3010299956639812,5.418539921951662,-5.11750992628768,0.0,1547.0,1,4.0,[69640],4.0,743.5056774762287,739.5056774762287,0.020100502512562814,3.736209434553913,3.71610893204135,205.28088246038675,10.0,195.28088246038675,True,True,True,True,True,2,2,True,38.0,10333.0,199.0,199.0,1.5,1.8,4,0.5,3,4,0.4
task-p3-bc374f2720e221fe,g-65a5f4b07fa94104,phase3-m20-b04-g-65a5f4b07fa94104,extrapolation_holdout,20,20,20,11,20,1048576,11,11,1.0,11,1.049041748046875e-05,1.049041748046875e-05,4.979207228121399,4.979207228121399,1.041392685158225,6.020599913279624,-4.9792072281214,8.881784197001252e-16,3306.0,1,15.0,[526338],15.0,759.6441018108037,744.6441018108037,0.07537688442211055,3.8173070442753954,3.741930159853285,204.52777777777777,31.0,173.52777777777777,True,True,True,True,True,11,11,True,72.0,9692.0,199.0,199.0,1.2222222222222223,1.8181818181818181,5,0.6363636363636364,3,4,0.36363636363636365
task-p3-bc9d9c5bdb69b31d,g-e7e26759e1ed20ef,phase3-m16-b03-g-e7e26759e1ed20ef,development,16,16,16,9,16,65536,9,4,0.4444444444444444,4,6.103515625e-05,6.103515625e-05,4.214419939295737,4.214419939295737,0.6020599913279624,4.816479930623699,-4.214419939295737,0.0,1262.0,1,6.0,[16898],6.0,776.3865568613076,770.3865568613076,0.03015075376884422,3.901439984227676,3.871289230458832,208.04545454545453,10.0,198.04545454545453,True,True,True,True,True,4,4,True,44.0,7758.0,199.0,199.0,1.2857142857142858,1.7777777777777777,5,0.3333333333333333,2,3,0.4444444444444444
task-p3-bd261ddf18c10d04,g-63a93cc8703f978f,phase3-m12-b02-g-63a93cc8703f978f,development,12,12,12,8,12,4096,6,5,0.8333333333333334,5,0.001220703125,0.001220703125,2.9133899436317554,2.9133899436317554,0.6989700043360189,3.612359947967774,-2.9133899436317554,0.0,2142.0,1,10.0,[2065],10.0,682.9702219482572,672.9702219482572,0.05025125628140704,3.4320111655691314,3.3817599092877244,213.1316254560121,21.0,192.1316254560121,True,True,True,True,True,5,5,True,20.0,6299.0,199.0,199.0,1.0,1.5,3,0.5,3,4,0.42857142857142855
task-p3-c0d5d0b8db783fa9,g-5017fd274a1c10ec,phase3-m16-b02-g-5017fd274a1c10ec,development,16,16,16,10,16,65536,10,6,0.6,6,9.1552734375e-05,9.1552734375e-05,4.038328680240055,4.038328680240055,0.7781512503836436,4.816479930623699,-4.038328680240055,0.0,1761.0,1,14.0,[33028],14.0,738.561820371882,724.561820371882,0.07035175879396985,3.7113659315169953,3.6410141727230254,210.05555555555557,33.0,177.05555555555557,True,True,True,True,True,6,6,True,36.0,7875.0,199.0,199.0,1.25,1.6,4,0.6,3,4,0.35555555555555557
task-p3-c23931c80ca8aabc,g-3115314f81a28bbb,phase3-m14-b04-g-3115314f81a28bbb,interpolation_holdout,14,14,14,9,14,16384,7,5,0.7142857142857143,5,0.00030517578125,0.00030517578125,3.515449934959718,3.515449934959718,0.6989700043360189,4.214419939295737,-3.515449934959718,0.0,2465.0,1,18.0,[4226],18.0,658.2902297003832,640.2902297003832,0.09045226130653267,3.307991104022026,3.217538842715493,210.7058823529412,25.0,185.7058823529412,True,True,True,True,True,5,5,True,34.0,5577.0,199.0,199.0,1.0,1.5555555555555556,3,0.5714285714285714,3,4,0.3888888888888889
task-p3-c2b256f487cef0e9,g-6561c85f253791c6,phase3-m18-b00-g-6561c85f253791c6,development,18,18,18,9,18,262144,11,2,0.18181818181818182,2,7.62939453125e-06,7.62939453125e-06,5.11750992628768,5.11750992628768,0.3010299956639812,5.418539921951662,-5.11750992628768,0.0,1083.0,1,10.0,[8196],10.0,859.2978695502759,849.2978695502759,0.05025125628140704,4.318079746483798,4.267828490202391,204.23684210526318,15.0,189.23684210526318,True,True,True,True,True,2,2,True,76.0,11487.0,199.0,199.0,1.5714285714285714,2.0,4,0.36363636363636365,2,3,0.5
task-p3-c2e04610be1de706,g-3115314f81a28bbb,phase3-m14-b04-g-3115314f81a28bbb,interpolation_holdout,14,14,14,9,14,16384,7,4,0.5714285714285714,4,0.000244140625,0.000244140625,3.612359947967774,3.612359947967774,0.6020599913279624,4.214419939295737,-3.612359947967774,0.0,1302.0,1,18.0,[4226],18.0,713.0932196374401,695.0932196374401,0.09045226130653267,3.583383013253468,3.4929307519469353,210.7058823529412,25.0,185.7058823529412,True,True,True,True,True,4,4,True,34.0,5577.0,199.0,199.0,1.0,1.5555555555555556,3,0.5714285714285714,3,4,0.3888888888888889
task-p3-c3838972a3aa5aca,g-0510569b7dbe24ff,phase3-m18-b03-g-0510569b7dbe24ff,development,18,18,18,9,18,262144,11,3,0.2727272727272727,3,1.1444091796875e-05,1.1444091796875e-05,4.941418667231999,4.941418667231999,0.47712125471966244,5.418539921951662,-4.941418667231999,0.0,853.0,1,8.0,[65544],8.0,848.0643490008247,840.0643490008247,0.04020100502512563,4.261629894476506,4.2214288894513805,205.21875,13.0,192.21875,True,True,True,True,True,3,3,True,64.0,9332.0,199.0,199.0,1.5714285714285714,2.0,5,0.45454545454545453,2,3,0.5
task-p3-c595132eed67feae,g-b8890b869f8ae8b3,phase3-m20-b03-g-b8890b869f8ae8b3,extrapolation_holdout,20,20,20,10,20,1048576,12,1,0.08333333333333333,1,9.5367431640625e-07,9.5367431640625e-07,6.020599913279624,6.020599913279624,0.0,6.020599913279624,-6.020599913279624,0.0,615.0,1,20.0,[69640],20.0,886.2303276238256,866.2303276238256,0.10050251256281408,4.453418731778018,4.352916219215204,203.85365853658536,20.0,183.85365853658536,True,True,True,True,True,1,1,True,82.0,11469.0,199.0,199.0,1.5,2.0,7,0.3333333333333333,2,3,0.4444444444444444
task-p3-c6cd880cfe3563bd,g-31c1e4ae69d6af03,phase3-m22-b02-g-31c1e4ae69d6af03,extrapolation_holdout,22,22,22,13,22,4194304,17,10,0.5882352941176471,10,2.384185791015625e-06,2.384185791015625e-06,5.622659904607587,5.622659904607587,1.0,6.622659904607587,-5.622659904607587,0.0,2421.0,1,10.0,[139297],10.0,719.5609291802059,709.5609291802059,0.05025125628140704,3.6158840662321903,3.5656328099507832,207.00313531955155,25.0,182.00313531955155,True,True,True,True,True,10,10,True,46.0,11337.0,199.0,199.0,1.5454545454545454,1.6923076923076923,3,0.5882352941176471,3,5,0.28205128205128205
task-p3-c6e70d92d83fd552,g-4471e11eca661209,phase3-m20-b01-g-4471e11eca661209,extrapolation_holdout,20,20,20,11,20,1048576,12,3,0.25,3,2.86102294921875e-06,2.86102294921875e-06,5.543478658559962,5.543478658559962,0.47712125471966244,6.020599913279624,-5.543478658559962,0.0,1283.0,1,8.0,[32776],8.0,832.8429773987415,824.8429773987415,0.04020100502512563,4.185140589943424,4.144939584918299,206.96,16.0,190.96,True,True,True,True,True,3,3,True,50.0,11592.0,199.0,199.0,1.3333333333333333,1.8181818181818181,5,0.4166666666666667,2,4,0.36363636363636365
task-p3-c81637288d27101d,g-2fd196f1ec0acd82,phase3-m12-b03-g-2fd196f1ec0acd82,development,12,12,12,8,12,4096,6,6,1.0,6,0.00146484375,0.00146484375,2.8342086975841307,2.8342086975841307,0.7781512503836436,3.612359947967774,-2.8342086975841303,4.440892098500626e-16,1647.0,2,7.0,"[520, 529]",7.0,686.7874440136935,679.7874440136935,0.035175879396984924,3.4511931859984597,3.416017306601475,214.3076923076923,22.0,192.3076923076923,True,True,True,True,True,6,6,True,26.0,4585.0,199.0,199.0,1.0,1.5,4,0.5,2,3,0.42857142857142855
task-p3-caa0c0ea626868d3,g-c0fc2d5e7eacaffa,phase3-m16-b01-g-c0fc2d5e7eacaffa,development,16,16,16,9,16,65536,11,3,0.2727272727272727,3,4.57763671875e-05,4.57763671875e-05,4.339358675904037,4.339358675904037,0.47712125471966244,4.816479930623699,-4.339358675904037,0.0,949.0,1,13.0,[32833],13.0,758.3308626970451,745.3308626970451,0.06532663316582915,3.81070785274897,3.7453812195831406,208.04545454545453,20.0,188.04545454545453,True,True,True,True,True,3,3,True,44.0,7134.0,199.0,199.0,1.5714285714285714,1.7777777777777777,4,0.5454545454545454,2,4,0.4444444444444444
task-p3-cb1b4b4199772036,g-3e6704b429f1ca32,phase3-m20-b00-g-3e6704b429f1ca32,extrapolation_holdout,20,20,20,10,20,1048576,12,2,0.16666666666666666,2,1.9073486328125e-06,1.9073486328125e-06,5.719569917615643,5.719569917615643,0.3010299956639812,6.020599913279624,-5.719569917615643,0.0,499.0,1,11.0,[132098],11.0,867.6175677535632,856.6175677535632,0.05527638190954774,4.359887275143533,4.304610893233986,204.68571428571425,14.0,190.68571428571425,True,True,True,True,True,2,2,True,70.0,9827.0,199.0,199.0,1.5,2.0,6,0.3333333333333333,2,3,0.4444444444444444
task-p3-cc52ce93843212f5,g-7b29ecdabf11c2a7,phase3-m22-b03-g-7b29ecdabf11c2a7,extrapolation_holdout,22,22,22,10,22,4194304,14,1,0.07142857142857142,1,2.384185791015625e-07,2.384185791015625e-07,6.622659904607587,6.622659904607587,0.0,6.622659904607587,-6.622659904607587,0.0,849.0,1,12.0,[2097216],12.0,869.8896444150948,857.8896444150948,0.06030150753768844,4.371304745804497,4.311003238266808,202.9019607843137,12.0,190.9019607843137,True,True,True,True,True,1,1,True,102.0,12124.0,199.0,199.0,1.75,2.2,7,0.2857142857142857,2,3,0.4888888888888889
task-p3-cce91c6eca9298cf,g-b8890b869f8ae8b3,phase3-m20-b03-g-b8890b869f8ae8b3,extrapolation_holdout,20,20,20,10,20,1048576,12,12,1.0,12,1.1444091796875e-05,1.1444091796875e-05,4.941418667231999,4.941418667231999,1.0791812460476249,6.020599913279624,-4.941418667231999,0.0,2436.0,2,7.0,"[2052, 32776]",7.0,831.4428646115323,824.4428646115323,0.035175879396984924,4.178104847294132,4.142928967897147,203.85365853658536,21.0,182.85365853658536,True,True,True,True,True,12,12,True,82.0,11469.0,199.0,199.0,1.5,2.0,7,0.3333333333333333,2,3,0.4444444444444444
task-p3-cd63d56bd79bc136,g-51ac21fe95f0c3f4,phase3-m12-b04-g-51ac21fe95f0c3f4,interpolation_holdout,12,12,12,9,12,4096,6,5,0.8333333333333334,5,0.001220703125,0.001220703125,2.9133899436317554,2.9133899436317554,0.6989700043360189,3.612359947967774,-2.9133899436317554,0.0,2785.0,1,17.0,[1545],17.0,641.6043012209514,624.6043012209514,0.08542713567839195,3.2241422171907104,3.1387150815123186,218.06819945647229,28.0,190.06819945647229,True,True,True,True,True,5,5,True,18.0,6104.0,199.0,199.0,0.8571428571428571,1.3333333333333333,2,0.6666666666666666,4,4,0.3333333333333333
task-p3-ce64151224de84d7,g-bb12128d9b6a7786,phase3-m22-b00-g-bb12128d9b6a7786,extrapolation_holdout,22,22,22,10,22,4194304,14,3,0.21428571428571427,3,7.152557373046875e-07,7.152557373046875e-07,6.145538649887924,6.145538649887924,0.47712125471966244,6.622659904607587,-6.145538649887924,0.0,900.0,1,10.0,[264194],10.0,874.3217270767353,864.3217270767353,0.05025125628140704,4.393576517973544,4.343325261692137,202.75471698113208,19.0,183.75471698113208,True,True,True,True,True,3,3,True,106.0,13484.0,199.0,199.0,1.75,2.2,8,0.2857142857142857,2,3,0.4888888888888889
task-p3-d08de1ed37f42af5,g-0deca2d7d26bc264,phase3-m20-b02-g-0deca2d7d26bc264,extrapolation_holdout,20,20,20,12,20,1048576,16,9,0.5625,9,8.58306884765625e-06,8.58306884765625e-06,5.066357403840299,5.066357403840299,0.9542425094393249,6.020599913279624,-5.066357403840299,0.0,2332.0,1,16.0,[328721],16.0,721.7017805099209,705.7017805099209,0.08040201005025126,3.6266421131151807,3.5462401030649295,205.63333333333335,28.0,177.63333333333335,True,True,True,True,True,9,9,True,60.0,9430.0,199.0,199.0,1.6,1.6666666666666667,3,0.625,4,5,0.30303030303030304
task-p3-d5a042f6663d0161,g-3e6704b429f1ca32,phase3-m20-b00-g-3e6704b429f1ca32,extrapolation_holdout,20,20,20,10,20,1048576,12,3,0.25,3,2.86102294921875e-06,2.86102294921875e-06,5.543478658559962,5.543478658559962,0.47712125471966244,6.020599913279624,-5.543478658559962,0.0,607.0,1,9.0,[8196],9.0,863.4896407670992,854.4896407670992,0.04522613065326633,4.33914392345276,4.293917792799493,204.68571428571425,14.0,190.68571428571425,True,True,True,True,True,3,3,True,70.0,9827.0,199.0,199.0,1.5,2.0,6,0.3333333333333333,2,3,0.4444444444444444
task-p3-d68e836641aa0696,g-3973175f1911b646,phase3-m18-b01-g-3973175f1911b646,development,18,18,18,10,18,262144,12,12,1.0,12,4.57763671875e-05,4.57763671875e-05,4.339358675904037,4.339358675904037,1.0791812460476249,5.418539921951662,-4.339358675904037,0.0,3255.0,1,4.0,[69640],4.0,693.0045836059697,689.0045836059697,0.020100502512562814,3.4824350934973354,3.4623345909847725,209.4736842105263,14.0,195.4736842105263,True,True,True,True,True,12,12,True,38.0,10333.0,199.0,199.0,1.5,1.8,4,0.5,3,4,0.4
task-p3-d7268060101625ef,g-0deca2d7d26bc264,phase3-m20-b02-g-0deca2d7d26bc264,extrapolation_holdout,20,20,20,12,20,1048576,16,5,0.3125,5,4.76837158203125e-06,4.76837158203125e-06,5.321629908943605,5.321629908943605,0.6989700043360189,6.020599913279624,-5.321629908943605,0.0,1941.0,1,16.0,[328721],16.0,732.5876152873568,716.5876152873568,0.08040201005025126,3.681344800438979,3.6009427903887277,205.63333333333335,25.0,180.63333333333335,True,True,True,True,True,5,5,True,60.0,9430.0,199.0,199.0,1.6,1.6666666666666667,3,0.625,4,5,0.30303030303030304
task-p3-d897f06a5740a3d0,g-340c0c88fcc14180,phase3-m16-b04-g-340c0c88fcc14180,interpolation_holdout,16,16,16,9,16,65536,9,1,0.1111111111111111,1,1.52587890625e-05,1.52587890625e-05,4.816479930623699,4.816479930623699,0.0,4.816479930623699,-4.816479930623699,0.0,1182.0,1,7.0,[32898],7.0,742.913845822673,735.913845822673,0.035175879396984924,3.7332354061440856,3.698059526747101,205.86206896551727,7.0,198.86206896551727,True,True,True,True,True,1,1,True,58.0,7523.0,199.0,199.0,1.2857142857142858,1.7777777777777777,4,0.6666666666666666,3,4,0.4444444444444444
task-p3-d90a961aa04a2bd4,g-e62b89c25adcfec3,phase3-m22-b04-g-e62b89c25adcfec3,extrapolation_holdout,22,22,22,12,22,4194304,15,3,0.2,3,7.152557373046875e-07,7.152557373046875e-07,6.145538649887924,6.145538649887924,0.47712125471966244,6.622659904607587,-6.145538649887924,0.0,1370.0,1,12.0,[17412],12.0,809.4347739570313,797.4347739570313,0.06030150753768844,4.067511426919755,4.007209919382067,206.1071428571429,16.0,190.1071428571429,True,True,True,True,True,3,3,True,56.0,10970.0,199.0,199.0,1.5,1.8333333333333333,4,0.4,3,4,0.3333333333333333
task-p3-dd568553252d555a,g-275f626d73d8e8bd,phase3-m12-b01-g-275f626d73d8e8bd,development,12,12,12,9,12,4096,6,5,0.8333333333333334,5,0.001220703125,0.001220703125,2.9133899436317554,2.9133899436317554,0.6989700043360189,3.612359947967774,-2.9133899436317554,0.0,1661.0,1,8.0,[1092],8.0,665.0509004190192,657.0509004190192,0.04020100502512563,3.3419643237136643,3.3017633186885385,216.03167078589948,30.0,186.03167078589948,True,True,True,True,True,5,5,True,18.0,4439.0,199.0,199.0,0.8571428571428571,1.3333333333333333,3,0.6666666666666666,3,4,0.3333333333333333
task-p3-dd5fb5e56bb32b7a,g-3e6704b429f1ca32,phase3-m20-b00-g-3e6704b429f1ca32,extrapolation_holdout,20,20,20,10,20,1048576,12,1,0.08333333333333333,1,9.5367431640625e-07,9.5367431640625e-07,6.020599913279624,6.020599913279624,0.0,6.020599913279624,-6.020599913279624,0.0,415.0,1,14.0,[66050],14.0,870.8614123255106,856.8614123255106,0.07035175879396985,4.3761880016357315,4.305836242841762,204.68571428571425,14.0,190.68571428571425,True,True,True,True,True,1,1,True,70.0,9827.0,199.0,199.0,1.5,2.0,6,0.3333333333333333,2,3,0.4444444444444444
task-p3-e0c8183c0c2a1a94,g-c0fc2d5e7eacaffa,phase3-m16-b01-g-c0fc2d5e7eacaffa,development,16,16,16,9,16,65536,11,2,0.18181818181818182,2,3.0517578125e-05,3.0517578125e-05,4.515449934959718,4.515449934959718,0.3010299956639812,4.816479930623699,-4.515449934959718,0.0,925.0,1,13.0,[32833],13.0,759.4864353548278,746.4864353548278,0.06532663316582915,3.816514750526773,3.7511881173609436,208.04545454545453,18.0,190.04545454545453,True,True,True,True,True,2,2,True,44.0,7134.0,199.0,199.0,1.5714285714285714,1.7777777777777777,4,0.5454545454545454,2,4,0.4444444444444444
task-p3-e3c4987cb4f420e6,g-f9e9faf277cb53e1,phase3-m14-b03-g-f9e9faf277cb53e1,development,14,14,14,8,14,16384,8,8,1.0,8,0.00048828125,0.00048828125,3.311329952303793,3.311329952303793,0.9030899869919435,4.214419939295737,-3.311329952303793,0.0,1916.0,1,8.0,[4104],8.0,730.8165287725892,722.8165287725892,0.04020100502512563,3.6724448682039657,3.63224386317884,208.04545454545453,18.0,190.04545454545453,True,True,True,True,True,8,8,True,44.0,6666.0,199.0,199.0,1.3333333333333333,1.75,5,0.5,2,3,0.5
task-p3-e41f24ea719a60d1,g-22d56a3beb2cd856,phase3-m14-b02-g-22d56a3beb2cd856,development,14,14,14,9,14,16384,8,8,1.0,8,0.00048828125,0.00048828125,3.311329952303793,3.311329952303793,0.9030899869919435,4.214419939295737,-3.311329952303793,0.0,2175.0,1,10.0,[2114],10.0,669.9015777503832,659.9015777503832,0.05025125628140704,3.366339586685343,3.316088330403936,212.26666666666665,26.0,186.26666666666665,True,True,True,True,True,8,8,True,30.0,5830.0,199.0,199.0,1.1428571428571428,1.5555555555555556,3,0.625,3,4,0.3888888888888889
task-p3-e583c66df4316206,g-0510569b7dbe24ff,phase3-m18-b03-g-0510569b7dbe24ff,development,18,18,18,9,18,262144,11,11,1.0,11,4.1961669921875e-05,4.1961669921875e-05,4.377147236793436,4.377147236793436,1.041392685158225,5.418539921951662,-4.377147236793437,8.881784197001252e-16,2455.0,1,8.0,[65544],8.0,791.8503823922829,783.8503823922829,0.04020100502512563,3.979147650212477,3.938946645187351,205.21875,19.0,186.21875,True,True,True,True,True,11,11,True,64.0,9332.0,199.0,199.0,1.5714285714285714,2.0,5,0.45454545454545453,2,3,0.5
task-p3-e5b1288aa9c9bfcf,g-6561c85f253791c6,phase3-m18-b00-g-6561c85f253791c6,development,18,18,18,9,18,262144,11,1,0.09090909090909091,1,3.814697265625e-06,3.814697265625e-06,5.418539921951662,5.418539921951662,0.0,5.418539921951662,-5.418539921951662,0.0,1018.0,1,15.0,[129],15.0,861.3440223585168,846.3440223585168,0.07537688442211055,4.328361921399582,4.252985036977471,204.23684210526318,15.0,189.23684210526318,True,True,True,True,True,1,1,True,76.0,11487.0,199.0,199.0,1.5714285714285714,2.0,4,0.36363636363636365,2,3,0.5
task-p3-e69ee791ac49bc0b,g-afad664ce9d18d68,phase3-m22-b01-g-afad664ce9d18d68,extrapolation_holdout,22,22,22,12,22,4194304,14,8,0.5714285714285714,8,1.9073486328125e-06,1.9073486328125e-06,5.719569917615643,5.719569917615643,0.9030899869919435,6.622659904607587,-5.719569917615643,0.0,2273.0,1,6.0,[16392],6.0,817.7400571393141,811.7400571393141,0.03015075376884422,4.1092465182880105,4.079095764519166,206.1071428571429,23.0,183.1071428571429,True,True,True,True,True,8,8,True,56.0,12284.0,199.0,199.0,1.4,1.8333333333333333,5,0.42857142857142855,2,4,0.3333333333333333
task-p3-e87d08a345aac418,g-cd9098863d67a067,phase3-m16-b00-g-cd9098863d67a067,development,16,16,16,9,16,65536,9,2,0.2222222222222222,2,3.0517578125e-05,3.0517578125e-05,4.515449934959718,4.515449934959718,0.3010299956639812,4.816479930623699,-4.515449934959718,0.0,631.0,1,13.0,[257],13.0,854.5284745824229,841.5284745824229,0.06532663316582915,4.294112937600115,4.228786304434286,205.19963440431874,17.0,188.19963440431874,True,True,True,True,True,2,2,True,56.0,8493.0,199.0,199.0,1.2857142857142858,1.7777777777777777,5,0.4444444444444444,2,3,0.4444444444444444
task-p3-e8f743802f42a17f,g-275f626d73d8e8bd,phase3-m12-b01-g-275f626d73d8e8bd,development,12,12,12,9,12,4096,6,3,0.5,3,0.000732421875,0.000732421875,3.135238693248112,3.135238693248112,0.47712125471966244,3.612359947967774,-3.1352386932481116,4.440892098500626e-16,1199.0,1,8.0,[1092],8.0,687.3720178811745,679.3720178811745,0.04020100502512563,3.45413074312148,3.4139297380963542,218.7098316185243,21.0,197.7098316185243,True,True,True,True,True,3,3,True,18.0,4439.0,199.0,199.0,0.8571428571428571,1.3333333333333333,3,0.6666666666666666,3,4,0.3333333333333333
task-p3-e9bcaf1b39a948a8,g-c0fc2d5e7eacaffa,phase3-m16-b01-g-c0fc2d5e7eacaffa,development,16,16,16,9,16,65536,11,7,0.6363636363636364,7,0.0001068115234375,0.0001068115234375,3.9713818906094422,3.9713818906094422,0.8450980400142568,4.816479930623699,-3.9713818906094422,0.0,1424.0,2,13.0,"[4100, 32833]",13.0,736.3869431675826,723.3869431675826,0.06532663316582915,3.7004369003396107,3.6351102671737814,208.04545454545453,22.0,186.04545454545453,True,True,True,True,True,7,7,True,44.0,7134.0,199.0,199.0,1.5714285714285714,1.7777777777777777,4,0.5454545454545454,2,4,0.4444444444444444
task-p3-ea92ac39ff34274f,g-b8890b869f8ae8b3,phase3-m20-b03-g-b8890b869f8ae8b3,extrapolation_holdout,20,20,20,10,20,1048576,12,2,0.16666666666666666,2,1.9073486328125e-06,1.9073486328125e-06,5.719569917615643,5.719569917615643,0.3010299956639812,6.020599913279624,-5.719569917615643,0.0,848.0,1,7.0,[32776],7.0,878.660411552221,871.660411552221,0.035175879396984924,4.4153789525237235,4.380203073126738,203.85365853658536,20.0,183.85365853658536,True,True,True,True,True,2,2,True,82.0,11469.0,199.0,199.0,1.5,2.0,7,0.3333333333333333,2,3,0.4444444444444444
task-p3-eac9ec0e8d9747fc,g-3973175f1911b646,phase3-m18-b01-g-3973175f1911b646,development,18,18,18,10,18,262144,12,4,0.3333333333333333,4,1.52587890625e-05,1.52587890625e-05,4.816479930623699,4.816479930623699,0.6020599913279624,5.418539921951662,-4.816479930623699,0.0,2050.0,1,4.0,[69640],4.0,727.5036032310662,723.5036032310662,0.020100502512562814,3.6557970011611367,3.635696498648574,204.19807762394862,14.0,190.19807762394862,True,True,True,True,True,4,4,True,38.0,10333.0,199.0,199.0,1.5,1.8,4,0.5,3,4,0.4
task-p3-eba2c2d5b53b4e31,g-e7e26759e1ed20ef,phase3-m16-b03-g-e7e26759e1ed20ef,development,16,16,16,9,16,65536,9,2,0.2222222222222222,2,3.0517578125e-05,3.0517578125e-05,4.515449934959718,4.515449934959718,0.3010299956639812,4.816479930623699,-4.515449934959718,0.0,817.0,2,9.0,"[8450, 32784]",9.0,796.1569749732304,787.1569749732304,0.04522613065326633,4.000788818960957,3.9555626883076904,205.6547470462012,9.0,196.6547470462012,True,True,True,True,True,2,2,True,44.0,7758.0,199.0,199.0,1.2857142857142858,1.7777777777777777,5,0.3333333333333333,2,3,0.4444444444444444
task-p3-ed738b21378f8b4f,g-51ac21fe95f0c3f4,phase3-m12-b04-g-51ac21fe95f0c3f4,interpolation_holdout,12,12,12,9,12,4096,6,6,1.0,6,0.00146484375,0.00146484375,2.8342086975841307,2.8342086975841307,0.7781512503836436,3.612359947967774,-2.8342086975841303,4.440892098500626e-16,2898.0,1,17.0,[1545],17.0,640.0150074280407,623.0150074280407,0.08542713567839195,3.21615581622131,3.1307286805429184,221.11111111111111,28.0,193.11111111111111,True,True,True,True,True,6,6,True,18.0,6104.0,199.0,199.0,0.8571428571428571,1.3333333333333333,2,0.6666666666666666,4,4,0.3333333333333333
task-p3-ee4fc5c5e918e391,g-3cf4bd3967c31b19,phase3-m14-b00-g-3cf4bd3967c31b19,development,14,14,14,8,14,16384,8,2,0.25,2,0.0001220703125,0.0001220703125,3.9133899436317554,3.9133899436317554,0.3010299956639812,4.214419939295737,-3.9133899436317554,0.0,671.0,1,4.0,[2056],4.0,812.270618001015,808.270618001015,0.020100502512562814,4.081761899502588,4.061661396990026,209.4736842105263,16.0,193.4736842105263,True,True,True,True,True,2,2,True,38.0,8618.0,199.0,199.0,1.3333333333333333,1.75,4,0.5,2,3,0.5
task-p3-f0813208348e0348,g-340c0c88fcc14180,phase3-m16-b04-g-340c0c88fcc14180,interpolation_holdout,16,16,16,9,16,65536,9,3,0.3333333333333333,3,4.57763671875e-05,4.57763671875e-05,4.339358675904037,4.339358675904037,0.47712125471966244,4.816479930623699,-4.339358675904037,0.0,1483.0,1,7.0,[32898],7.0,729.9392901647517,722.9392901647517,0.035175879396984924,3.668036633993727,3.6328607545967424,205.86206896551727,22.0,183.86206896551727,True,True,True,True,True,3,3,True,58.0,7523.0,199.0,199.0,1.2857142857142858,1.7777777777777777,4,0.6666666666666666,3,4,0.4444444444444444
task-p3-f12b9c09c4ad922c,g-8e75832e853cc6ea,phase3-m14-b01-g-8e75832e853cc6ea,development,14,14,14,9,14,16384,7,1,0.14285714285714285,1,6.103515625e-05,6.103515625e-05,4.214419939295737,4.214419939295737,0.0,4.214419939295737,-4.214419939295737,0.0,254.0,1,11.0,[6148],11.0,785.8522183383838,774.8522183383838,0.05527638190954774,3.949006122303436,3.8937297403938884,210.7058823529412,11.0,199.7058823529412,True,True,True,True,True,1,1,True,34.0,7390.0,199.0,199.0,1.0,1.5555555555555556,4,0.5714285714285714,3,4,0.3888888888888889
task-p3-f49c3edc31c95c96,g-2fd196f1ec0acd82,phase3-m12-b03-g-2fd196f1ec0acd82,development,12,12,12,8,12,4096,6,1,0.16666666666666666,1,0.000244140625,0.000244140625,3.612359947967774,3.612359947967774,0.0,3.612359947967774,-3.612359947967774,0.0,232.0,1,7.0,[520],7.0,784.4477171294079,777.4477171294079,0.035175879396984924,3.941948327283457,3.906772447886472,207.12018894289258,7.0,200.12018894289258,True,True,True,True,True,1,1,True,26.0,4585.0,199.0,199.0,1.0,1.5,4,0.5,2,3,0.42857142857142855
task-p3-f4f6907fa619220a,g-31c1e4ae69d6af03,phase3-m22-b02-g-31c1e4ae69d6af03,extrapolation_holdout,22,22,22,13,22,4194304,17,3,0.17647058823529413,3,7.152557373046875e-07,7.152557373046875e-07,6.145538649887924,6.145538649887924,0.47712125471966244,6.622659904607587,-6.145538649887924,0.0,1871.0,1,12.0,[131332],12.0,735.2144571793235,723.2144571793235,0.06030150753768844,3.6945450109513747,3.6342435034136864,207.54813901443976,25.0,182.54813901443976,True,True,True,True,True,3,3,True,46.0,11337.0,199.0,199.0,1.5454545454545454,1.6923076923076923,3,0.5882352941176471,3,5,0.28205128205128205
task-p3-f7556266a069262a,g-275f626d73d8e8bd,phase3-m12-b01-g-275f626d73d8e8bd,development,12,12,12,9,12,4096,6,2,0.3333333333333333,2,0.00048828125,0.00048828125,3.311329952303793,3.311329952303793,0.3010299956639812,3.612359947967774,-3.311329952303793,0.0,1104.0,1,17.0,[1553],17.0,692.4962520685045,675.4962520685045,0.08542713567839195,3.479880663660827,3.394453527982435,207.0911444013848,21.0,186.0911444013848,True,True,True,True,True,2,2,True,18.0,4439.0,199.0,199.0,0.8571428571428571,1.3333333333333333,3,0.6666666666666666,3,4,0.3333333333333333
task-p3-f811d219e14df4de,g-7b29ecdabf11c2a7,phase3-m22-b03-g-7b29ecdabf11c2a7,extrapolation_holdout,22,22,22,10,22,4194304,14,8,0.5714285714285714,8,1.9073486328125e-06,1.9073486328125e-06,5.719569917615643,5.719569917615643,0.9030899869919435,6.622659904607587,-5.719569917615643,0.0,1707.0,1,9.0,[524320],9.0,844.6926868466453,835.6926868466453,0.04522613065326633,4.244686868576107,4.19946073792284,202.9019607843137,22.0,180.9019607843137,True,True,True,True,True,8,8,True,102.0,12124.0,199.0,199.0,1.75,2.2,7,0.2857142857142857,2,3,0.4888888888888889
task-p3-f9e619e10a9f7af9,g-31c1e4ae69d6af03,phase3-m22-b02-g-31c1e4ae69d6af03,extrapolation_holdout,22,22,22,13,22,4194304,17,17,1.0,17,4.0531158447265625e-06,4.0531158447265625e-06,5.392210983229313,5.392210983229313,1.2304489213782739,6.622659904607587,-5.392210983229313,0.0,3158.0,1,8.0,[2129953],8.0,703.1429296914704,695.1429296914704,0.04020100502512563,3.5333815562385444,3.4931805512134186,207.65217391304347,25.0,182.65217391304347,True,True,True,True,True,17,17,True,46.0,11337.0,199.0,199.0,1.5454545454545454,1.6923076923076923,3,0.5882352941176471,3,5,0.28205128205128205
task-p3-fa9bbbbc60ce0e0a,g-0510569b7dbe24ff,phase3-m18-b03-g-0510569b7dbe24ff,development,18,18,18,9,18,262144,11,2,0.18181818181818182,2,7.62939453125e-06,7.62939453125e-06,5.11750992628768,5.11750992628768,0.3010299956639812,5.418539921951662,-5.11750992628768,0.0,844.0,1,8.0,[65544],8.0,848.4132893452816,840.4132893452816,0.04020100502512563,4.263383363544128,4.2231823585190025,205.21875,13.0,192.21875,True,True,True,True,True,2,2,True,64.0,9332.0,199.0,199.0,1.5714285714285714,2.0,5,0.45454545454545453,2,3,0.5
task-p3-fb2dfbb22305dfe2,g-51ac21fe95f0c3f4,phase3-m12-b04-g-51ac21fe95f0c3f4,interpolation_holdout,12,12,12,9,12,4096,6,4,0.6666666666666666,4,0.0009765625,0.0009765625,3.010299956639812,3.010299956639812,0.6020599913279624,3.612359947967774,-3.0102999566398116,4.440892098500626e-16,2770.0,1,17.0,[1545],17.0,641.841682757713,624.841682757713,0.08542713567839195,3.2253350892347386,3.1399079535563468,218.08750723587136,28.0,190.08750723587136,True,True,True,True,True,4,4,True,18.0,6104.0,199.0,199.0,0.8571428571428571,1.3333333333333333,2,0.6666666666666666,4,4,0.3333333333333333
task-p3-ff25d52b46ff8fca,g-595b062626366822,phase3-m18-b02-g-595b062626366822,development,18,18,18,10,18,262144,11,1,0.09090909090909091,1,3.814697265625e-06,3.814697265625e-06,5.418539921951662,5.418539921951662,0.0,5.418539921951662,-5.418539921951662,0.0,1102.0,1,23.0,[8452],23.0,834.4973843167779,811.4973843167779,0.11557788944723618,4.193454192546623,4.077876303099387,209.4736842105263,23.0,186.4736842105263,True,True,True,True,True,1,1,True,38.0,9258.0,199.0,199.0,1.375,1.8,4,0.45454545454545453,3,4,0.4
