task_id,base_graph_id,base_instance_id,size_stratum,stress_level,dilution_score,feasible_state_fraction,log_feasibility_gain_O0,log_feasibility_gain_O2,log_feasibility_gain_O3,p_feas_O0,p_feas_O2,p_feas_O3,p_opt_O0,p_opt_O2,p_opt_O3,p_opt_given_feasible_O0,p_opt_given_feasible_O2,p_opt_given_feasible_O3,expected_route_cost_given_feasible_O0,expected_route_cost_given_feasible_O2,expected_route_cost_given_feasible_O3,mean_energy_O0,mean_energy_O2,mean_energy_O3,objective_improvement_O0,objective_improvement_O2,objective_improvement_O3,p_feas_change_O0,p_feas_change_O2,p_feas_change_O3,p_opt_change_O0,p_opt_change_O2,p_opt_change_O3,paired_analysis_eligible,Delta_CVAR_MEAN,Delta_CVAR_CAPACITY,capacity_gap,cvar_residual_gap,stable_gap_closure_eligible,gap_closure,O2_greater_than_O0,O3_greater_than_O0,O3_at_least_O2,O3_within_NI_of_O2,O3_popt_vs_O0,O3_both_pfeas_and_popt_greater,O3_feasibility_up_conditional_quality_down
task-v2-004cf44adcd0,g-4a80ed839b63ddd7,v2-S5-b002-g-4a80ed839b63ddd7,S5,D3,5.24244866289598,5.7220458984375e-06,2.7895757459350805,3.6075055103577776,3.365675299610692,0.0035247399672216,0.0231769800778603,0.0132808733972798,0.0027898927533444,0.0110478863486371,0.0065235536867852,0.7915173258989758,0.4766749728188526,0.4911991471977591,12.291863886540913,15.983365642845206,15.831850710303211,1.3190510430008782,1.789787277146596,1.6793450522807845,0.2410245494769001,0.021025317572544,0.1058559109861738,0.0013730774619053,0.021025317572544,0.0111292108919635,0.0014725299063423,0.009730523501635,0.0052061908397831,True,0.5760995536756113,-0.24183021074708577,0.817929764422697,0.24183021074708577,True,0.7043386593006895,True,True,False,False,WIN,True,True
task-v2-00b7b12999ba,g-28cd30a80498cca2,v2-S4-b002-g-28cd30a80498cca2,S4,D1,4.816479930623699,1.52587890625e-05,2.1654822938716976,2.819876542829634,2.8046026781907383,0.0022335843770246,0.0100785165245199,0.0097302219671669,0.0022335843770246,0.0100785165245199,0.0097302219671669,1.0,1.0,1.0,23.0,23.0,23.0,1.402244576899763,1.7364729790637972,1.579375574796824,0.1127592970800788,0.0083250938309119,0.0595703901452144,0.0004801616834166,0.0083250938309119,0.0079767992735589,0.0004801616834166,0.0083250938309119,0.0079767992735589,True,0.6391203843190407,-0.015273864638895684,0.6543942489579364,0.015273864638895684,True,0.9766595371777519,True,True,False,True,WIN,True,False
task-v2-01f33dead804,g-ad76642cd3b9f76c,v2-S5-b004-g-ad76642cd3b9f76c,S5,D5,4.941418667231999,1.1444091796875e-05,2.98283472796062,3.1029369533812647,3.2463825535335697,0.0110005920825733,0.0145050184700104,0.0201819853367981,0.0052924096229212,0.0074065126588281,0.0110002829086958,0.4811022518783588,0.5106172511356224,0.5450545486542824,14.913274941452116,14.889177770103991,14.814450510753188,1.4694042151402793,1.518071199526951,1.557340719472207,0.1280972727410381,0.0117825824377046,0.1743956687302047,0.0082781560502675,0.0117825824377046,0.0174595493044924,0.0040208110241541,0.006134914060061,0.0097286843099287,True,0.26354782557294953,0.143445600152305,0.12010222542064453,-0.143445600152305,True,2.1943625494856813,True,True,True,True,WIN,True,False
task-v2-05a98ad7eaff,g-28cd30a80498cca2,v2-S4-b002-g-28cd30a80498cca2,S4,D7,3.9133899436317554,0.0001220703125,1.9014443844767992,2.5899828934084344,2.585590430065812,0.0097286916983531,0.0474889918271444,0.047011107922378,0.0021016449117212,0.0085163749815306,0.0085539898935465,0.2160254407154231,0.1793336656320157,0.1819567815264084,20.607200367228508,20.970494748588536,20.93928044868717,1.3303319535382272,1.3352634868611448,1.320408423076981,0.0007630181022926,0.0375745981831849,0.3422274815498786,-0.0001857019456062,0.037574598183185,0.0370967142784186,-1.5588309689075572e-05,0.0063991417601203,0.0064367566721362,True,0.6841460455890129,-0.0043924633426222215,0.6885385089316352,0.0043924633426222215,True,0.9936205988689902,True,True,False,True,WIN,True,True
task-v2-07632e755d52,g-a529fbde22ed09f4,v2-S1-b002-g-a529fbde22ed09f4,S1,D3,1.630088714928206,0.0234375,1.087345865000073,1.1225792056474662,1.033339940466956,0.2865874380282492,0.3108067847964361,0.2530761538121439,0.1084897193116616,0.1058769389080273,0.1024087301309312,0.3785571344580974,0.3406519551282375,0.4046557867595393,14.075939515499378,14.347620775921508,13.872253996860014,1.1858802504577264,1.1789233803832009,1.2373877527038526,0.0515075022461262,0.0577306309842923,0.0,0.0335112842161053,0.0577306309842922,0.0,0.0060809891807303,0.003468208777096,0.0,True,-0.05400592453311681,-0.08923926518051006,0.03523334064739325,0.08923926518051006,True,-1.532807379055964,True,False,False,True,LOSS,False,False
task-v2-0880cdc8b47d,g-b9a8415aa1799cc5,v2-S5-b003-g-b9a8415aa1799cc5,S5,D1,5.719569917615643,1.9073486328125e-06,2.798289701915776,3.326808635325608,3.4939497551027414,0.001198725611245,0.0040479833518352,0.0059481215873741,0.001198725611245,0.0040479833518352,0.0059481215873741,1.0,1.0,1.0,12.0,12.0,12.0,1.4733837852881788,1.76823940460006,1.7071998725480655,0.2064970186580388,0.0036070684296468,0.0544431244552532,0.0007578106890566,0.0036070684296468,0.0055072066651857,0.0007578106890566,0.0036070684296468,0.0055072066651857,True,0.6956600531869652,0.16714111977713353,0.5285189334098317,-0.16714111977713353,True,1.316244337168384,True,True,True,True,WIN,True,False
task-v2-0ae6410749b4,g-f0c91af33253395a,v2-S3-b003-g-f0c91af33253395a,S3,D3,3.436268688912093,0.0003662109375,2.15530231787356,2.357230048163932,2.348879983730151,0.0523640982393693,0.0833607012294205,0.0817732567976526,0.0288905850213373,0.0340259094579828,0.0363849954278491,0.5517250557676239,0.408176862192398,0.444949814312564,10.305812079149112,11.4364234445338,11.132636772100524,1.3599492605706685,1.506323027203487,1.446458509669097,0.0924466775723817,0.0391100512257127,0.3717518133699287,0.0081134482356615,0.0391100512257127,0.0375226067939448,0.0031286809239657,0.0082640053606111,0.0106230913304774,True,0.19357766585659064,-0.008350064433781057,0.2019277302903717,0.008350064433781057,True,0.9586482529082376,True,True,False,True,WIN,True,True
task-v2-0b36d078e255,g-ad76642cd3b9f76c,v2-S5-b004-g-ad76642cd3b9f76c,S5,D1,5.719569917615643,1.9073486328125e-06,2.5700990138678765,3.2583196548835898,3.023040332907978,0.0007088087926372,0.0034574008725824,0.0020112701831808,0.0007088087926372,0.0034574008725824,0.0020112701831808,1.0,1.0,1.0,16.0,16.0,16.0,1.3366486418395445,1.7936488285053631,1.521840823371402,0.2191364739287782,0.0031894096047277,0.0142458446834132,0.0004408175247825,0.0031894096047277,0.0017432789153261,0.0004408175247825,0.0031894096047277,0.0017432789153261,True,0.4529413190401015,-0.23527932197561174,0.6882206410157132,0.23527932197561174,True,0.6581338774896757,True,True,False,False,WIN,True,False
task-v2-0da346e5ae20,g-8c950d2bd101a5de,v2-S2-b004-g-8c950d2bd101a5de,S2,D3,2.533178701920149,0.0029296875,1.5289137622690911,1.6376145013752994,1.6376305056720613,0.0990227676072534,0.127184972218266,0.1271896592304888,0.0420853246478756,0.0520833157205765,0.0522411804138629,0.4250065481384596,0.4095084097765479,0.4107344946902734,20.540938204920657,20.814735528986507,20.78659390948064,1.4907992723368846,1.4842209798758814,1.4812276390785193,0.0612065581321337,0.053611406468374,0.2694850161457148,0.0254492018573613,0.0536114064683739,0.0536160934805967,0.0086002594756512,0.018598250548352,0.0187561152416384,True,0.1087167434029701,1.6004296761851222e-05,0.10870073910620826,-1.6004296761851222e-05,True,1.0001472326397542,True,True,True,True,WIN,True,True
task-v2-0ec069828687,g-b9a8415aa1799cc5,v2-S5-b003-g-b9a8415aa1799cc5,S5,D6,4.816479930623699,1.52587890625e-05,2.8192707614392445,2.8727420560923456,2.996663513269725,0.0100644681727603,0.0113831412645352,0.0151420118821732,0.0029659893511751,0.003276404977737,0.0047058006587662,0.2946990640998495,0.2878295983152612,0.3107777681977922,12.58165998661834,12.66514075181918,12.811069047590422,1.359523069987161,1.4433989294185872,1.380206484287936,0.2638367885977517,0.0069327083394075,0.1267441303067993,0.0056140352476325,0.0069327083394075,0.0106915789570455,0.0019193671830141,0.002229782809576,0.0036591784906052,True,0.1773927518304803,0.12392145717737924,0.053471294653101076,-0.12392145717737924,True,3.317532387822826,True,True,True,True,WIN,True,False
task-v2-10d8be977e09,g-e23fad4558949e26,v2-S1-b004-g-e23fad4558949e26,S1,D2,1.806179973983887,0.015625,0.8555421173062188,0.8717557265714359,0.8681102453643023,0.1120371733749584,0.1162989389805676,0.115326807875375,0.0516727161435485,0.0556040277363647,0.0561138367958477,0.4612104588770173,0.4781129408726216,0.4865636865323259,14.693947705614914,14.609435295636894,14.56718156733837,1.4712789064381888,1.4869856509051105,1.5050281176302671,1.936312574790655e-05,0.0042756192452773,0.0012956556247195,1.3853639668076624e-05,0.0042756192452772,0.0033034881400847,1.593469673603215e-05,0.0039472462895522,0.0044570553490352,True,0.012568128058083494,-0.003645481207133594,0.016213609265217088,0.003645481207133594,True,0.7751591797050265,True,True,False,True,WIN,True,False
task-v2-110f51ef504a,g-ad76642cd3b9f76c,v2-S5-b004-g-ad76642cd3b9f76c,S5,D7,4.640388671568018,2.288818359375e-05,2.127488829426765,2.987592860212458,3.233216608089772,0.0030697298539786,0.0222435545164547,0.0391586703321318,0.0002492061436387,0.0022096351656326,0.0044707039310519,0.0811817832490224,0.0993382224049693,0.1141689412110484,14.62504786532168,14.734039012953104,14.753890933256146,1.1987884127170008,1.2713035557760484,1.223973804713933,0.0898102648091725,0.0199511580325995,0.3813864579634337,0.0007773333701233,0.0199511580325994,0.0368662738482765,8.958316973300165e-06,0.0019693873389671,0.0042304561043865,True,1.1057277786630069,0.245623747877314,0.8601040307856929,-0.245623747877314,True,1.2855744643504812,True,True,True,True,WIN,True,False
task-v2-147f90045792,g-fc8e50acd167f0aa,v2-S3-b002-g-fc8e50acd167f0aa,S3,D7,3.0682919036174985,0.0008544921875,2.098685904312765,2.1932218653965645,2.160454230496159,0.1072491850207857,0.133330639388417,0.1236409481654899,0.0183874485130372,0.0223272717061057,0.020870572013541,0.1714460441771524,0.1674579212139098,0.1687998379437075,15.255679579181082,15.387013463316013,15.33454435723141,1.2220265285522327,1.3283780673529877,1.3136857466796972,0.176156907286916,0.068107977022183,0.3513489960240915,0.0420265226545517,0.0681079770221829,0.0584182857992559,0.0080750273635325,0.012014850556601,0.0105581508640363,True,0.06176832618339434,-0.03276763490040535,0.09453596108379969,0.03276763490040535,True,0.653384442018217,True,True,False,True,WIN,True,True
task-v2-26d674ac9727,g-28cd30a80498cca2,v2-S4-b002-g-28cd30a80498cca2,S4,D2,4.515449934959718,3.0517578125e-05,2.295391837288331,2.455277048628515,2.451854123312842,0.0060247898415829,0.00870616940992,0.0086378207683745,0.0039661232750266,0.0054182471167747,0.0053913434998882,0.658300684225134,0.6223457024166155,0.6241555184413503,24.70849657887433,24.88827148791692,24.87922240779325,1.3808388472073367,1.506702478808949,1.490896155005596,0.1151656908107372,0.0065286546499295,0.0570776341046914,0.0038472750815925,0.0065286546499296,0.0064603060083841,0.0024200556442752,0.0038721794860232,0.0038452758691368,True,0.15646228602451107,-0.003422925315673009,0.15988521134018407,0.003422925315673009,True,0.9785913575934791,True,True,False,True,WIN,True,True
task-v2-2bbd08239dbd,g-ad76642cd3b9f76c,v2-S5-b004-g-ad76642cd3b9f76c,S5,D6,4.816479930623699,1.52587890625e-05,2.1661229207177524,3.01292546528896,3.0060598037688666,0.0022368815637217,0.0157197463708258,0.0154731905252085,0.0001673163540097,0.0015089511401006,0.0015087135018275,0.0747989329088159,0.0959908070082554,0.0975050038561591,14.547260303661322,14.687083712701604,14.68443316393286,1.373998583383385,1.483245376758989,1.4812121930770468,0.2618043508867802,0.0137994898639615,0.1446662144315378,0.0003166250568574,0.0137994898639615,0.0135529340183442,-1.474945730894122e-05,0.0013268853287819,0.0013266476905088,True,0.8399368830511142,-0.006865661520093269,0.8468025445712075,0.006865661520093269,True,0.9918922521382245,True,True,False,True,WIN,True,False
task-v2-30409dd5a775,g-686fdbb6f8f550f1,v2-S2-b003-g-686fdbb6f8f550f1,S2,D1,3.010299956639812,0.0009765625,0.7721995990598289,1.3135942548116748,1.7636317253850196,0.0057796247532504,0.0201045472888581,0.056667201908723,0.0057796247532504,0.0201045472888581,0.056667201908723,1.0,1.0,1.0,25.0,25.0,25.0,1.5161276199986684,2.047563597076954,1.950013037474416,0.264539221009954,0.0194191124573268,0.5641640578786994,0.0050941899217191,0.0194191124573268,0.0559817670771917,0.0050941899217191,0.0194191124573268,0.0559817670771917,True,0.9914321263251906,0.45003747057334476,0.5413946557518459,-0.45003747057334476,True,1.8312558422808376,True,True,True,True,WIN,True,False
task-v2-356d367a6a2c,g-f0c91af33253395a,v2-S3-b003-g-f0c91af33253395a,S3,D5,3.2144199392957367,0.0006103515625,2.221629598980991,2.282924887805314,2.276292521719084,0.1016739414784351,0.1170859943449073,0.1153114896024333,0.0345086766444702,0.0339272147987432,0.0348440317605954,0.3394053200129897,0.289763220516382,0.3021731128505004,10.99157504807837,11.272903167448383,11.20620347707916,1.199135815423419,1.3216406908816514,1.2999502968737988,0.1827604386588899,0.0509908903171152,0.347989479312268,0.0355788374506429,0.0509908903171152,0.0492163855746411,0.0145232339469435,0.0139417721012165,0.0148585890630687,True,0.054662922738093034,-0.006632366086229968,0.061295288824323,0.006632366086229968,True,0.8917964787597488,True,True,False,True,WIN,True,True
task-v2-36c69f7819b3,g-28cd30a80498cca2,v2-S4-b002-g-28cd30a80498cca2,S4,D6,4.038328680240055,9.1552734375e-05,2.347648275057846,2.554885209674306,2.582598016403097,0.0203854167699026,0.0328516002422179,0.0350162259634674,0.0045675672092678,0.0065731116389175,0.0070164178999025,0.2240605262489147,0.2000849757836275,0.2003761886624446,20.282645738142644,20.50589541226165,20.636890841316948,1.313058140979276,1.435990290730593,1.3404025242618869,0.1099429097012416,0.0140864191394154,0.1792886559890367,0.0016202356671002,0.0140864191394155,0.0162510448606649,0.0009392418641902,0.0029447862938399,0.0033880925548249,True,0.23494974134525126,0.027712806728791062,0.2072369346164602,-0.027712806728791062,True,1.1337252299165688,True,True,True,True,WIN,True,True
task-v2-404bfd76cc2e,g-64377640089a831f,v2-S3-b004-g-64377640089a831f,S3,D4,3.311329952303793,0.00048828125,1.9414845882217369,2.112637527873925,2.1196248709472663,0.0426731434755742,0.063285989605447,0.0643124298872628,0.0120993762132247,0.0167950225029199,0.0171042013961553,0.2835360891599261,0.2653829482264166,0.2659548306002179,16.698847798480774,16.72513201515016,16.72508682928771,1.3489333659690557,1.5372749575381686,1.5335410961600895,0.1586870590842855,0.0393019574627094,0.4030315461809293,0.0186891113328366,0.0393019574627094,0.0403283977445252,0.0054321238419757,0.0101277701316709,0.0104369490249064,True,0.1781402827255294,0.006987343073341368,0.17115293965218803,-0.006987343073341368,True,1.0408251420486312,True,True,True,True,WIN,True,True
task-v2-41f38ee1e3c2,g-2fa0de1665fa7816,v2-S4-b004-g-2fa0de1665fa7816,S4,D4,4.214419939295737,6.103515625e-05,2.2987335733891463,2.6366200875811003,2.6138009539836764,0.0121426543899053,0.0264362681440235,0.0250830887438937,0.0052311692815754,0.0102581920684186,0.0098062856562824,0.4308093694838519,0.3880348017553959,0.3909520775693833,14.19445477641421,14.299126335158508,14.317281493967654,1.4337534439441506,1.545870809688395,1.5198013849180478,0.126401482091639,0.0201114136789581,0.185118862257541,0.0058177999248399,0.0201114136789581,0.0187582342788283,0.002710517399275,0.0077375401861182,0.007285633773982,True,0.3150673805945301,-0.022819133597423935,0.33788651419195403,0.022819133597423935,True,0.9324650951163433,True,True,False,True,WIN,True,True
task-v2-41fa72c23442,g-f6afb3a3727100d3,v2-S4-b003-g-f6afb3a3727100d3,S4,D3,4.339358675904037,4.57763671875e-05,0.917716093223374,2.723276147285516,2.504242151701862,0.0003787541650255,0.0242056902431396,0.0146178491487042,6.834656123880974e-05,0.0079602424077246,0.0054613193284896,0.1804509825897405,0.3288583109081439,0.3736062175038749,10.70556140683953,11.96165764210657,11.84431884930136,1.3475234507781668,1.6442275339380903,1.6213221507872506,0.1170007442175369,0.0237908522892831,0.1471834466699476,-3.608378883099094e-05,0.0237908522892831,0.0142030111948477,3.763296284150575e-05,0.0079295288093273,0.0054306057300923,True,1.586526058478488,-0.21903399558365422,1.8055600540621422,0.21903399558365422,True,0.8786891662280231,True,True,False,False,WIN,True,False
task-v2-4507b50770a7,g-686fdbb6f8f550f1,v2-S2-b003-g-686fdbb6f8f550f1,S2,D3,2.533178701920149,0.0029296875,1.471774420516321,1.5793065048073631,1.577362240654769,0.0868151897070884,0.1112058932526735,0.1107091557024963,0.0259695124123756,0.0354280820939532,0.0365573811733263,0.2991355833005251,0.3185809767604339,0.3302110014420609,20.92131466696397,20.769034938317915,20.60910631299383,1.55613895052629,1.6587461531384726,1.6379437244689097,0.1768561772128856,0.076497905470279,0.6826351467447741,0.0521072019246939,0.076497905470279,0.0760011679201018,0.013581313755291,0.0230398834368687,0.0241691825162417,True,0.10558782013844792,-0.0019442641525941884,0.10753208429104211,0.0019442641525941884,True,0.9819192181997336,True,True,False,True,WIN,True,False
task-v2-45bf90adfb6d,g-28cd30a80498cca2,v2-S4-b002-g-28cd30a80498cca2,S4,D4,4.214419939295737,6.103515625e-05,2.299856976866577,2.394614243944779,2.5803083991793976,0.0121741048432134,0.015142385717688,0.0232214032305037,0.0026528981917863,0.0036323091171867,0.0082332827752246,0.2179132039646597,0.2398769378159333,0.3545557817285286,22.665910780098603,22.5794008455683,21.73903558921252,1.332638750029695,1.4358669230285015,1.655271110999836,0.1119000281054822,0.0106582992978164,0.157832343021731,0.0076900184233418,0.0106582992978165,0.0187373168106322,0.0017033239040458,0.0026827348294462,0.0072837084874841,True,0.2804514223128205,0.18569415523461874,0.09475726707820176,-0.18569415523461874,True,2.959682470383703,True,True,True,True,WIN,True,False
task-v2-51e0b98b7ef5,g-2fa0de1665fa7816,v2-S4-b004-g-2fa0de1665fa7816,S4,D3,4.339358675904037,4.57763671875e-05,2.486605201747888,2.6539007402227384,2.652340439426609,0.0140361023323054,0.0206320349265975,0.0205580426881017,0.0067374394176178,0.0100910410280943,0.0101660535096689,0.4800078581723482,0.4890957709210544,0.4945049323957605,14.173049740895848,13.921059697370625,13.881331307698716,1.4395104065335589,1.5561716242355583,1.53924073117925,0.1257191223575045,0.0149752283160741,0.1459550686751093,0.0083792957217819,0.014975228316074,0.0149012360775782,0.0040147327449967,0.0073683343554732,0.0074433468370477,True,0.1657352376787209,-0.0015603007961293436,0.16729553847485024,0.0015603007961293436,True,0.9906733866882893,True,True,False,True,WIN,True,False
task-v2-59e59ed3c03f,g-686fdbb6f8f550f1,v2-S2-b003-g-686fdbb6f8f550f1,S2,D4,2.4082399653118496,0.00390625,1.5545199438984143,1.592303592719997,1.587042642812699,0.1400489891758109,0.1527789874550189,0.1509394202303467,0.0494380719018163,0.0517623294600455,0.0530322723740314,0.3530055603596971,0.3388052920254194,0.3513480593280372,19.132598124124744,19.291621111195887,19.20530040242048,1.2227470583232154,1.2531940834042592,1.2494717383381773,0.0101811367154904,0.0141795682479346,0.0029642449326683,0.0014495699687266,0.0141795682479346,0.0123400010232624,0.0008642286428801,0.0031884862011093,0.0044584291150951,True,0.03252269891428461,-0.005260949907298196,0.037783648821582805,0.005260949907298196,True,0.8607612003768934,True,True,False,True,WIN,True,True
task-v2-59fd840ba77c,g-64377640089a831f,v2-S3-b004-g-64377640089a831f,S3,D1,3.9133899436317554,0.0001220703125,1.8109605425527355,2.0749802436901748,2.053689282495032,0.0078989724467791,0.0145074238648161,0.0138133602684538,0.0078989724467791,0.0145074238648161,0.0138133602684538,1.0,1.0,1.0,15.0,15.0,15.0,1.3606797085515814,1.545040379273484,1.4857051384455124,0.0920975940975659,0.0114050416536053,0.0884384808873152,0.0047965902355683,0.0114050416536052,0.0107109780572429,0.0047965902355683,0.0114050416536052,0.0107109780572429,True,0.2427287399422966,-0.02129096119514262,0.2640197011374392,0.02129096119514262,True,0.9193584376339426,True,True,False,True,WIN,True,False
task-v2-5ae92cb9d249,g-4a80ed839b63ddd7,v2-S5-b002-g-4a80ed839b63ddd7,S5,D1,5.719569917615643,1.9073486328125e-06,3.2010139857438524,3.866906778905666,3.865658359517811,0.0030300100440459,0.0140390222161618,0.0139987237056397,0.0030300100440459,0.0140390222161618,0.0139987237056397,1.0,1.0,1.0,10.0,10.000000000000002,10.0,1.4074050959911628,1.8849494420875184,1.869810999308158,0.2990381717630845,0.0128460607222885,0.1198114643042971,0.0018370485501726,0.0128460607222885,0.0128057622117664,0.0018370485501726,0.0128460607222885,0.0128057622117664,True,0.6646443737739585,-0.0012484193878550265,0.6658927931618135,0.0012484193878550265,True,0.9981251946249077,True,True,False,True,WIN,True,False
task-v2-5da0eece9ed4,g-fc8e50acd167f0aa,v2-S3-b002-g-fc8e50acd167f0aa,S3,D4,3.311329952303793,0.00048828125,2.0351931347941665,2.1564733871017348,2.1597064321397244,0.0529496608201287,0.0700073171570624,0.0705304215936957,0.0109909848761866,0.0188910019968759,0.0194174135873188,0.2075742262735789,0.2698432501633177,0.2753055085814826,14.951075160247555,14.377929433322542,14.328477882025428,1.2782868011258546,1.438143282386585,1.4375345460318414,0.0927951490527267,0.0426194911122141,0.4231739546044648,0.0255618347752805,0.0426194911122142,0.0431425955488475,0.0060575362362885,0.0139575533569777,0.0144839649474206,True,0.12451329734555783,0.0032330450379896014,0.12128025230756823,-0.0032330450379896014,True,1.0266576377973766,True,True,True,True,WIN,True,False
task-v2-5e0ea2a0e332,g-c45ecbe0242c6377,v2-S1-b003-g-c45ecbe0242c6377,S1,D2,1.806179973983887,0.015625,0.8245684068836241,0.8831428196376244,0.9086988717663008,0.1043250094924206,0.1193885961904862,0.1266248365529619,0.0363442874559176,0.0515087062276845,0.0612576175762859,0.3483755969229802,0.4314374058431985,0.4837725302860657,16.95487320923106,16.705687782470402,16.548682409141804,1.5479894453101248,1.597268055019063,1.6988253159520692,0.000811238474301,0.0191775195637503,0.0048341417964339,0.0041139328656848,0.0191775195637503,0.0264137599262261,0.0028024161791865,0.0179668349509535,0.0277157462995548,True,0.08413046488267673,0.0255560521286764,0.05857441275400033,-0.0255560521286764,True,1.4363006119413644,True,True,True,True,WIN,True,False
task-v2-607a9c50d675,g-fc8e50acd167f0aa,v2-S3-b002-g-fc8e50acd167f0aa,S3,D2,3.612359947967774,0.000244140625,2.130723512939852,2.435900516329715,2.4441740570900183,0.032988575694409,0.0666101740358383,0.0678912975591755,0.0152581720766882,0.0357097669156057,0.0369113984662201,0.4625289742131622,0.5361007898942399,0.5436837973828285,16.68735512893419,16.319496050528798,16.281581013085855,1.4293999808795632,1.5458378163180806,1.5411917903278218,0.0377409742180738,0.0405689586326508,0.4081757343781433,0.0069473602912217,0.0405689586326509,0.0418500821559882,0.0052284050064569,0.0256799998453744,0.0268816313959888,True,0.31345054415016627,0.008273540760303177,0.3051770033898631,-0.008273540760303177,True,1.027110629793208,True,True,True,True,WIN,True,False
task-v2-628efc62dabb,g-e23fad4558949e26,v2-S1-b004-g-e23fad4558949e26,S1,D1,2.1072099696478683,0.0078125,1.120296413342129,1.0632342697035202,1.071152075847447,0.1030591232989729,0.0903700036986988,0.092032687903113,0.1030591232989729,0.0903700036986988,0.092032687903113,1.0,1.0,1.0,17.0,17.0,17.0,1.3011478758567436,1.6024037493367114,1.5908511757895765,0.3333199472490293,0.0487042376277826,0.495279466756002,0.0613933572280567,0.0487042376277826,0.0503669218321968,0.0613933572280567,0.0487042376277826,0.0503669218321968,True,-0.04914433749468183,0.007917806143926898,-0.05706214363860873,-0.007917806143926898,False,,False,False,True,True,LOSS,False,False
task-v2-6372d6a2314d,g-f6afb3a3727100d3,v2-S4-b003-g-f6afb3a3727100d3,S4,D6,3.9133899436317554,0.0001220703125,1.813120469196226,2.478926226033693,2.651568275017019,0.0079383551660959,0.0367736113989998,0.0547240626456142,0.0014599529814214,0.0073765790869898,0.0096245515658532,0.1839112701402918,0.200594361183423,0.1758742151177722,14.6011855260537,14.645898010915316,14.84924824391872,1.4523430751754522,1.4867276838573114,1.5828721497536211,4.259704109443874e-07,0.0288393571631714,0.4602527244734152,4.100930267482775e-06,0.0288393571631714,0.0467898084097858,5.30700578450392e-07,0.0059171568061468,0.0081651292850102,True,0.8384478058207931,0.17264204898332602,0.6658057568374671,-0.17264204898332602,True,1.259297921669173,True,True,True,True,WIN,True,True
task-v2-66ecfca58e61,g-b9a8415aa1799cc5,v2-S5-b003-g-b9a8415aa1799cc5,S5,D7,4.719569917615643,1.9073486328125e-05,2.726379807686429,2.847804567799362,2.901776008803938,0.0101580393316176,0.0134349065578166,0.015212692653891,0.002388246036773,0.0028523762730407,0.0035489787540075,0.2351089574283728,0.212310838245557,0.2332906366250557,12.557261922148555,12.686900184456375,12.803657947112006,1.3379414798720726,1.3979033724694825,1.4207468978837927,0.2309586925825233,0.0078499931660522,0.1166920959276714,0.0045731259398532,0.0078499931660522,0.0096277792621267,0.0011827547369697,0.0016468849732375,0.0023434874542043,True,0.17539620111750898,0.05397144100457574,0.12142476011293324,-0.05397144100457574,True,1.4444846418010515,True,True,True,True,WIN,True,True
task-v2-676c7042f456,g-4a80ed839b63ddd7,v2-S5-b002-g-4a80ed839b63ddd7,S5,D4,5.11750992628768,7.62939453125e-06,2.5683861179218823,3.702645800796424,3.492833048699317,0.0028240747748953,0.0384712125261745,0.0237313870416505,0.0005379170104197,0.0164901737717113,0.0109719110494075,0.1904754842901373,0.4286367049255856,0.4623375376311111,10.307139789461592,11.132404970995395,10.64518634586048,1.2649234279233812,1.709913908963664,1.632430812287058,0.1967785668988046,0.0358432510557594,0.2046406186709145,0.0001961133044802,0.0358432510557594,0.0211034255712353,-0.0005333013035753,0.0154189554577162,0.0099006927354124,True,0.9244469307774348,-0.2098127520971067,1.1342596828745415,0.2098127520971067,True,0.815022295806741,True,True,False,False,WIN,True,False
task-v2-693f08fcb4be,g-8c950d2bd101a5de,v2-S2-b004-g-8c950d2bd101a5de,S2,D4,2.4082399653118496,0.00390625,1.610232336328778,1.62949350998263,1.6254412428884666,0.1592180757948998,0.166438404780838,0.1648926423838169,0.0452542741930849,0.0435284743516586,0.0458311644047467,0.284228244608233,0.2615290287657817,0.2779454785985331,19.97510208827097,20.03470475173827,20.019452325523066,1.4042821325737649,1.4186048704863672,1.408031376102623,0.0157581046282728,0.008034298329028,0.0009058735807723,0.0008139693430899,0.008034298329028,0.0064885359320069,0.0028343816881864,0.00110858184676,0.0034112718998482,True,0.01520890655968854,-0.004052267094163398,0.019261173653851937,0.004052267094163398,True,0.7896147365166916,True,True,False,True,WIN,True,True
task-v2-6bb369c86974,g-4a80ed839b63ddd7,v2-S5-b002-g-4a80ed839b63ddd7,S5,D6,4.816479930623699,1.52587890625e-05,2.708637799195896,3.3602802633101345,3.364616884593293,0.0078011363483606,0.0349784316373405,0.0353294563020708,0.00171619862533,0.0110822635792488,0.0114917969359731,0.2199934148940588,0.31683134607494,0.3252752274961988,11.172766163614048,11.382242653439656,11.29714728352242,1.2433099122526396,1.5319790039388308,1.5368021441906334,0.1878973977063214,0.0294872040161416,0.2924919405227806,0.0023099087271617,0.0294872040161417,0.029838228680872,-0.0001033040897795,0.0092627608641392,0.0096722942208635,True,0.655979085397397,0.004336621283158593,0.6516424641142384,-0.004336621283158593,True,1.0066549089753585,True,True,True,True,WIN,True,False
task-v2-6dd269836f23,g-c45ecbe0242c6377,v2-S1-b003-g-c45ecbe0242c6377,S1,D1,2.1072099696478683,0.0078125,0.9962048158805032,1.1921843058900086,1.1117392136481852,0.0774452607328261,0.1216114134707127,0.1010483540964656,0.0774452607328261,0.1216114134707127,0.1010483540964656,1.0,1.0,1.0,18.0,18.0,18.0,1.6905861842243344,1.842622778705296,1.7691957204418498,0.0082373388048027,0.0452000796243338,0.2342952730349021,0.0010339268864472,0.0452000796243338,0.0246370202500867,0.0010339268864472,0.0452000796243338,0.0246370202500867,True,0.11553439776768193,-0.08044509224182339,0.19597949000950532,0.08044509224182339,True,0.5895229024326899,True,True,False,True,WIN,True,False
task-v2-6ee4e9bb2f23,g-ad76642cd3b9f76c,v2-S5-b004-g-ad76642cd3b9f76c,S5,D3,5.24244866289598,5.7220458984375e-06,2.694130710858877,3.251174030207605,3.238715975534537,0.0028293198594259,0.0102029408126046,0.0099144199968717,0.0007074516938401,0.0028938705705419,0.0032796975832934,0.2500430241152218,0.2836310259652668,0.3308007512621284,15.249870927654335,15.1491069221042,15.007597746213616,1.2966758729411323,1.5993509843878344,1.5987846363500644,0.1509663940080556,0.0088530588661505,0.0769433116752447,0.0014794379129718,0.0088530588661504,0.0085645380504176,0.0003866376162614,0.0025730564929633,0.0029588835057148,True,0.5445852646756602,-0.012458054673067931,0.5570433193487281,0.012458054673067931,True,0.977635393441872,True,True,False,True,WIN,True,False
task-v2-747868754e4a,g-f0c91af33253395a,v2-S3-b003-g-f0c91af33253395a,S3,D6,3.135238693248112,0.000732421875,2.1909432949537098,2.2518906218806345,2.24666954815551,0.113685375792581,0.1308133081255099,0.1292500902176831,0.0335698596440847,0.034033899344681,0.035901861623978,0.2952874053504735,0.2601715363090346,0.2777704956608706,11.10631752142166,11.276566988834324,11.190402351527732,1.1664632655174134,1.2751519127532505,1.2596961853312192,0.0393908206342785,0.0435863627958128,0.1353555644221931,0.0264584304628839,0.0435863627958128,0.042023144887986,0.0037317783515778,0.0041958180521741,0.0060637803314711,True,0.05572625320180036,-0.00522107372512437,0.06094732692692473,0.00522107372512437,True,0.9143346560320129,True,True,False,True,WIN,True,True
task-v2-7a2c20a84cd2,g-2fa0de1665fa7816,v2-S4-b004-g-2fa0de1665fa7816,S4,D5,4.11750992628768,7.62939453125e-05,2.5291434826086245,2.6639483471103103,2.685889397625271,0.0258008228171023,0.0351915520429336,0.0370151463933099,0.0086071648413842,0.0112337911631149,0.0116225984320439,0.3336004011344513,0.319218406434868,0.3139957440272237,15.250094403793272,15.369590768262691,15.456955893831818,1.3603793383561062,1.52383975865785,1.4106350159165235,0.1558657375155769,0.0175432039104853,0.2085078637693178,0.0081524746846541,0.0175432039104854,0.0193667982608617,0.0027006353850923,0.005327261706823,0.005716068975752,True,0.15674591501664636,0.021941050514960647,0.13480486450168572,-0.021941050514960647,True,1.1627615635093516,True,True,True,True,WIN,True,True
task-v2-7eefc621bd20,g-64377640089a831f,v2-S3-b004-g-64377640089a831f,S3,D6,3.135238693248112,0.000732421875,1.9743075736078888,2.1222031860702577,2.117438124217768,0.0690349286549571,0.0970430623245526,0.0959841295958866,0.0139507045588784,0.018372855818167,0.0180486997950808,0.2020818277165943,0.1893268346862401,0.1880383754175784,16.45446764065313,16.465601400916935,16.466477109928565,1.3064526723267738,1.459147967187632,1.4509391447050717,0.1265371800358286,0.052373140592908,0.514456717822433,0.0243650069233126,0.0523731405929081,0.0513142078642421,0.0045284627453647,0.0089506140046534,0.0086264579815671,True,0.14313055060987923,-0.004765061852489705,0.14789561246236893,0.004765061852489705,True,0.9677809113255328,True,True,False,True,WIN,True,True
task-v2-8029d558b1a1,g-fc8e50acd167f0aa,v2-S3-b002-g-fc8e50acd167f0aa,S3,D6,3.135238693248112,0.000732421875,1.9624125136616,2.1077641584284628,2.102712479411222,0.0671697636905995,0.0938697076260558,0.0927841484305478,0.0114891949080948,0.018463886667411,0.0179047035089697,0.1710471241348552,0.1966969657662587,0.1929715777083632,14.872726858376062,14.617426988441377,14.655670329309531,1.2620269929973105,1.4211612488715468,1.4145594064602367,0.0777611282241033,0.0580937185158216,0.5574778815748289,0.0313937745803653,0.0580937185158217,0.0570081593203137,0.0058972716876231,0.0128719634469393,0.012312780288498,True,0.14029996574962222,-0.0050516790172405734,0.1453516447668628,0.0050516790172405734,True,0.9652451196865145,True,True,False,True,WIN,True,False
task-v2-835da0eb601e,g-64377640089a831f,v2-S3-b004-g-64377640089a831f,S3,D3,3.436268688912093,0.0003662109375,1.839482813840818,2.140915586297811,2.149000988933643,0.0253054535120123,0.0506578667606934,0.051609814728607,0.009570997947745,0.0177676515487521,0.0181957543157109,0.3782187876301756,0.350738250244254,0.3525638371576082,16.605292343802397,16.63622124048084,16.633943237721596,1.3737845423013777,1.5575514634875307,1.5484845088924393,0.1097847422799069,0.0297712482914676,0.3070860663153344,0.0044188350427865,0.0297712482914675,0.0307231962593812,0.0020275987291451,0.0102242523301521,0.0106523550971109,True,0.3095181750928251,0.008085402635832128,0.30143277245699296,-0.008085402635832128,True,1.0268232368031107,True,True,True,True,WIN,True,True
task-v2-87f0030ee4db,g-64377640089a831f,v2-S3-b004-g-64377640089a831f,S3,D2,3.612359947967774,0.000244140625,1.8161667616690136,2.0378393885657564,2.08510309477692,0.0159884665881944,0.0266366399653433,0.029699090298276,0.0082545806200936,0.014168798295852,0.0156856488718362,0.5162834456050115,0.5319288887144517,0.5281525027972579,16.451149663184967,16.404213333856642,16.415542491608228,1.344583838548612,1.508540722912744,1.563585699415311,0.1043163577820343,0.0204523196614492,0.2128041125824169,0.0098041462843003,0.0204523196614492,0.0235147699943819,0.0051263933860966,0.011040611061855,0.0125574616378392,True,0.2689363331079062,0.04726370621116338,0.22167262689674283,-0.04726370621116338,True,1.213213994315948,True,True,True,True,WIN,True,False
task-v2-8ac52cd83f67,g-b9a8415aa1799cc5,v2-S5-b003-g-b9a8415aa1799cc5,S5,D2,5.418539921951662,3.814697265625e-06,2.932813380402305,3.351103179838828,3.2405118118309844,0.0032679353666357,0.0085617641044144,0.0066370011039487,0.0026342319965648,0.0068523495799212,0.0053303525848148,0.8060844848583144,0.800343188197422,0.80312666840502,14.908732727125283,14.99485217703867,14.9530999739247,1.4000818359047975,1.6194054428881384,1.4751532297128955,0.172777883463115,0.0077117298950553,0.0547833847393528,0.0024179011572766,0.0077117298950553,0.0057869668945896,0.0019472836874735,0.0061654012708299,0.0046434042757234,True,0.30769843142867925,-0.11059136800784364,0.4182897994365229,0.11059136800784364,True,0.735610650422695,True,True,False,False,WIN,True,True
task-v2-8b88de51ba21,g-f0c91af33253395a,v2-S3-b003-g-f0c91af33253395a,S3,D1,3.9133899436317554,0.0001220703125,2.212550882098493,2.699015559978502,2.769335425646671,0.0199141116849507,0.0610415589138815,0.071770419055862,0.0199141116849507,0.0610415589138815,0.071770419055862,1.0,1.0,1.0,7.0,7.0,7.0,1.5970289288938828,1.8622826742038443,1.9080745986019192,0.0502316413041465,0.0385174604717779,0.5013895228014991,-0.0026099867571528,0.0385174604717779,0.0492463206137584,-0.0026099867571528,0.0385174604717779,0.0492463206137584,True,0.556784543548178,0.07031986566816917,0.4864646778800088,-0.07031986566816917,True,1.1445528706721728,True,True,True,True,WIN,True,False
task-v2-8d2ef8b298b4,g-c45ecbe0242c6377,v2-S1-b003-g-c45ecbe0242c6377,S1,D3,1.630088714928206,0.0234375,1.1024406496608918,1.1013691362860507,1.0824847901018588,0.2967234943048248,0.2959923054327694,0.2833975394058762,0.1091876856264491,0.1060525888604287,0.1028343749889047,0.3679778909393685,0.3582950871150843,0.3628626247231719,18.719955819524984,18.76446744727017,18.74658991436719,1.169966642511215,1.194788870457327,1.1898381704826688,0.0198715279714538,0.0125947660268931,0.0,0.0133259548989486,0.0125947660268931,0.0,0.0063533106375444,0.0032182138715239,0.0,True,-0.019955859559033007,-0.01888434618419188,-0.0010715133748411265,0.01888434618419188,False,,False,False,False,True,LOSS,False,False
task-v2-8d35df6592f7,g-64377640089a831f,v2-S3-b004-g-64377640089a831f,S3,D7,3.0682919036174985,0.0008544921875,2.0345594655792265,2.0888936215192184,2.1102354049868115,0.0925268041383781,0.1048580357152644,0.1101396016413802,0.0147203687033617,0.0163508337420236,0.0171826009709854,0.159093020022033,0.1559330539666344,0.1560074733784926,16.41258273635154,16.41204734764169,16.411392950234468,1.2517198000817418,1.380838190092212,1.3588494457575409,0.2078382407536494,0.0507176858968227,0.4642769083262287,0.0383864543199366,0.0507176858968228,0.0559992518229386,0.0059145671786595,0.0075450322173213,0.0083767994462831,True,0.07567593940758499,0.02134178346759308,0.05433415593999191,-0.02134178346759308,True,1.3927876139488302,True,True,True,True,WIN,True,True
task-v2-8ea177161d6a,g-4a80ed839b63ddd7,v2-S5-b002-g-4a80ed839b63ddd7,S5,D7,4.640388671568018,2.288818359375e-05,2.8364403677777013,3.170516998577069,3.2066364223099444,0.0157054974347305,0.0338944293911562,0.0368339039046541,0.0037254278882773,0.0062652072406365,0.0054388822625492,0.2372053418721428,0.1848447474460586,0.1476596745386541,11.696480774277068,12.501480647192002,12.599193920085886,1.251501781845878,1.4028137596031394,1.4338314453854597,0.3534682852284778,0.0293325301553127,0.3263246824261893,0.0111435981988871,0.0293325301553128,0.0322720046688107,0.0026413861243438,0.005181165476703,0.0043548404986158,True,0.37019605453224314,0.036119423732875244,0.3340766307993679,-0.036119423732875244,True,1.1081171815174555,True,True,True,True,WIN,True,True
task-v2-9065c1a0a08c,g-a529fbde22ed09f4,v2-S1-b002-g-a529fbde22ed09f4,S1,D2,1.806179973983887,0.015625,1.0912621577243424,1.1178151457290488,1.0472246689359297,0.1927889702989587,0.2049439827462489,0.1741986138807083,0.1519841366545892,0.1709282819330887,0.142461176844699,0.7883445635863231,0.8340243984851377,0.8178089002605774,10.904898927723092,10.49378041363376,10.639719897654803,1.400428090656535,1.4137445191865037,1.4881575569620955,0.0001277221542412,0.0123726819775312,0.0,0.0002176695302411,0.0123726819775313,-0.0183726868880093,0.001019754356092,0.0199638996345914,-0.0085032054537982,True,-0.04403748878841274,-0.07059047679311914,0.0265529880047064,0.07059047679311914,True,-1.6584758288071868,True,False,False,True,LOSS,False,False
task-v2-980575647e27,g-28cd30a80498cca2,v2-S4-b002-g-28cd30a80498cca2,S4,D5,4.11750992628768,7.62939453125e-05,2.272997302633861,2.693666355315734,2.688374528017456,0.0143049839986568,0.037683950879703,0.0372275625263484,0.0041805275478366,0.0131840239930299,0.0128755098194078,0.2922427280050926,0.3498577958324166,0.3458595982558612,20.070291588041204,19.006116735162337,19.048716295839363,1.3543226873468526,1.6715395442806291,1.6429542010124714,0.1008597602797907,0.0303075372664087,0.2621873741341934,0.0069285703853624,0.0303075372664087,0.029851148913054,0.0015362158042876,0.0105397122494809,0.0102311980758588,True,0.4153772253835952,-0.00529182729827804,0.42066905268187327,0.00529182729827804,True,0.9874204501982229,True,True,False,True,WIN,True,False
task-v2-9bb6197d70f9,g-2fa0de1665fa7816,v2-S4-b004-g-2fa0de1665fa7816,S4,D1,4.816479930623699,1.52587890625e-05,2.13872052852902,2.752122580890512,2.776870519042397,0.0021001030124927,0.0086226875676701,0.0091283143717699,0.0021001030124927,0.0086226875676701,0.0091283143717699,1.0,1.0,1.0,24.0,24.0,24.0,1.506305242847665,1.8619377570944693,1.7044451267050502,0.1347901491516985,0.0075284856484628,0.0596333352924063,0.0010059010932854,0.0075284856484627,0.0080341124525626,0.0010059010932854,0.0075284856484627,0.0080341124525626,True,0.638149990513377,0.024747938151884696,0.6134020523614923,-0.024747938151884696,True,1.0403453787880386,True,True,True,True,WIN,True,False
task-v2-9e1a55247e55,g-f6afb3a3727100d3,v2-S4-b003-g-f6afb3a3727100d3,S4,D1,4.816479930623699,1.52587890625e-05,0.8443587863241155,2.8100796262572514,2.782452275386367,0.0001066298641005,0.0098537081628129,0.0092463929238589,0.0001066298641005,0.0098537081628129,0.0092463929238589,1.0,1.0,1.0,8.0,8.0,8.0,1.3653772149288037,1.6981558700489736,1.6636586902067163,0.1665160069347104,0.0096592290894914,0.091887961760163,-8.78492092209273e-05,0.0096592290894915,0.0090519138505375,-8.78492092209273e-05,0.0096592290894915,0.0090519138505375,True,1.9380934890622517,-0.027627350870884193,1.9657208399331358,0.027627350870884193,True,0.9859454352267925,True,True,False,True,WIN,True,False
task-v2-a11d89c8c060,g-ad76642cd3b9f76c,v2-S5-b004-g-ad76642cd3b9f76c,S5,D4,5.11750992628768,7.62939453125e-06,2.044785909998524,3.1427300494414268,3.486745568196477,0.000845816170272,0.010597907464399,0.0234010660227865,0.000236776144657,0.0047870776976221,0.0117077891107741,0.279938068080354,0.4517002732570653,0.5003100755911646,15.160185795758936,14.644899180228805,14.499069773226507,1.2221695420369545,1.6452608868235412,1.5542679266297452,0.1445209079678198,0.0098182596487015,0.206096052758094,6.616835457456125e-05,0.0098182596487015,0.022621418207089,-7.752620949271632e-06,0.0045425489320157,0.0114632603451678,True,1.4419596581979528,0.3440155187550502,1.0979441394429026,-0.3440155187550502,True,1.3133269775724692,True,True,True,True,WIN,True,False
task-v2-a4fc95665697,g-e23fad4558949e26,v2-S1-b004-g-e23fad4558949e26,S1,D3,1.630088714928206,0.0234375,1.1145618118467184,1.107520878177203,1.0491008295499804,0.3051217010661973,0.3002148448973195,0.262429174684395,0.0854877231974985,0.0996096606173943,0.1011885757880961,0.2801758213158087,0.3317945874777219,0.3855843235028592,13.221236877588185,12.958977923858978,12.65089789994632,1.015129591113901,1.068070239043822,1.1855988473212389,0.0893459603668815,0.0471754027261428,0.0036952129944865,0.0520822588950206,0.0471754027261428,0.0093897325132183,0.0172665549500827,0.0313884923699786,0.0329674075406803,True,-0.06546098229673802,-0.05842004862722261,-0.0070409336695154146,0.05842004862722261,False,,False,False,False,True,WIN,False,False
task-v2-a9de39f81405,g-0780828b282bb310,v2-S2-b002-g-0780828b282bb310,S2,D2,2.709269960975831,0.001953125,1.5086133297735564,1.7074138512102504,1.6217271250392171,0.0630004089834547,0.0995735269225625,0.0817442406852282,0.03689162890261,0.0515565537887745,0.042968269101207,0.5855776096993043,0.5177737033345176,0.5256427699495623,12.828844780601392,12.964452593330966,12.948714460100875,1.3555509543008353,1.556358991819956,1.480729629379623,0.132664117986198,0.0758608237483694,0.6143441045168356,0.0392877058092616,0.0758608237483694,0.0580315375110351,0.0219080251364351,0.0365729500225996,0.0279846653350322,True,0.11311379526566068,-0.08568672617103323,0.1988005214366939,0.08568672617103323,True,0.568981381176511,True,True,False,True,WIN,True,True
task-v2-aefa943bb0f9,g-2fa0de1665fa7816,v2-S4-b004-g-2fa0de1665fa7816,S4,D7,3.9133899436317554,0.0001220703125,2.395387489407014,2.641568801968135,2.630478960602227,0.0303387403953763,0.0534784557872451,0.0521301550890655,0.0078186245127055,0.0131620205827568,0.012915235092374,0.2577109138617076,0.2461181870157143,0.247749792232693,16.568468322445646,16.74135821492476,16.71876478516083,1.2727820208846283,1.345379558441968,1.3486209331911063,0.1080421212048039,0.0399169154564055,0.3816878860205548,0.0167772000645368,0.0399169154564055,0.038568614758226,0.0043860300321617,0.0097294261022129,0.0094826406118302,True,0.23509147119521323,-0.011089841365907738,0.24618131256112097,0.011089841365907738,True,0.954952545948611,True,True,False,True,WIN,True,True
task-v2-b0f919379fb8,g-0780828b282bb310,v2-S2-b002-g-0780828b282bb310,S2,D3,2.533178701920149,0.0029296875,0.6845189199573443,1.553504847515592,1.440889703437738,0.0141690332041675,0.104791521388661,0.0808557670592756,0.0056363347090731,0.0366055747092426,0.028143719710661,0.3977924695253979,0.3493180958168965,0.3480731274248971,13.204415060949204,13.301363808366206,13.303853745150205,1.555446773662215,1.3288048700468742,1.4639006611633223,0.0002052341222511,0.0905125822542365,0.7105024628157142,-0.0001099059302568,0.0905125822542365,0.0665768279248512,-5.174874520129207e-05,0.0309174912549681,0.0224556362563865,True,0.7563707834803937,-0.112615144077854,0.8689859275582477,0.112615144077854,True,0.8704062511181397,True,True,False,False,WIN,True,True
task-v2-b9e5059853ca,g-a529fbde22ed09f4,v2-S1-b002-g-a529fbde22ed09f4,S1,D1,2.1072099696478683,0.0078125,1.0734717158695333,1.2525073475357442,1.1299769458976276,0.0925255650983692,0.1397324834812937,0.1053821309455321,0.0925255650983692,0.1397324834812937,0.1053821309455321,1.0,1.0,1.0,9.0,9.0,9.0,1.763022489305015,1.969483717349588,1.819741689859789,0.0018007597966824,0.0483847586896557,0.0960653460354288,0.0011778403067313,0.0483847586896557,0.0140344061538942,0.0011778403067313,0.0483847586896557,0.0140344061538942,True,0.05650523002809438,-0.12253040163811657,0.17903563166621095,0.12253040163811657,True,0.31560885116679543,True,True,False,False,WIN,True,False
task-v2-ba2b70f61e3b,g-f0c91af33253395a,v2-S3-b003-g-f0c91af33253395a,S3,D7,3.0682919036174985,0.0008544921875,2.1239675717792497,2.220981196674009,2.2278953065954727,0.1136778021038184,0.1421311575524938,0.1444120399988536,0.0376124590198626,0.0524216057263965,0.0686908150225474,0.3308689851824577,0.3688255737102226,0.475658504810906,11.09025180982459,10.912278713327646,10.337392139792744,1.0875172428662765,1.11452811958697,1.174895286523549,0.051978977015898,0.0719110121227473,0.3127722062666997,0.0434576566740719,0.0719110121227473,0.0741918945691071,0.0119122448830947,0.0267213915896287,0.0429906008857796,True,0.10392773481622308,0.006914109921463574,0.09701362489475951,-0.006914109921463574,True,1.071269473014373,True,True,True,True,WIN,True,False
task-v2-c4754bf838d1,g-2fa0de1665fa7816,v2-S4-b004-g-2fa0de1665fa7816,S4,D6,4.038328680240055,9.1552734375e-05,2.402080497498216,2.6294022524262752,2.640853841103325,0.0231074391073206,0.0390008050869917,0.0400428666504829,0.0074043675348809,0.0110956917613979,0.0115714957139921,0.3204321993662711,0.284499043972269,0.2889777051926571,15.834503960510784,16.419585930610715,16.28162219974105,1.368602040393237,1.525657822276701,1.4043588240672678,0.1464735837398354,0.0217127874573836,0.2427344942036803,0.0058194214777125,0.0217127874573836,0.0227548490208748,0.0021010947569422,0.0057924189834592,0.0062682229360534,True,0.23877334360510893,0.011451588677049873,0.22732175492805906,-0.011451588677049873,True,1.050376122956969,True,True,True,True,WIN,True,True
task-v2-cb6317a18cf3,g-f6afb3a3727100d3,v2-S4-b003-g-f6afb3a3727100d3,S4,D7,3.816479930623699,0.000152587890625,2.5232092116092697,2.718183919524496,2.716340843018994,0.0509013476776637,0.0797450966793536,0.0794073883065223,0.0089816439600971,0.0142872015712881,0.0142815405666145,0.1764519874203346,0.1791608784266131,0.179851533606496,14.588208016172551,14.560818501087743,14.5436570331647,1.192381782683375,1.231741586954879,1.2370592521778825,0.0373690798192967,0.0370420595928169,0.3647025129858439,0.008198310591127,0.0370420595928169,0.0367043512199857,0.0021171521536275,0.0074227097648185,0.0074170487601449,True,0.19313163140972422,-0.0018430765055019727,0.1949747079152262,0.0018430765055019727,True,0.9905470995432735,True,True,False,True,WIN,True,False
task-v2-cd3aef86a98f,g-fc8e50acd167f0aa,v2-S3-b002-g-fc8e50acd167f0aa,S3,D5,3.2144199392957367,0.0006103515625,2.0123338008118656,2.13769597417965,2.1366310108845976,0.0627933801324584,0.0838061779761503,0.0836009228603076,0.0114246034845367,0.0184185330032106,0.0183670525403137,0.1819396162531351,0.2197753608147145,0.2196991601516648,14.65456258855622,14.088230984979123,14.088845691162,1.2640927435615934,1.4253157101036664,1.4263301305008795,0.0982800029201231,0.0519686764439277,0.5084944850293411,0.0309558786002359,0.0519686764439278,0.0517634213280851,0.0061745357706887,0.0131684652893626,0.0131169848264657,True,0.12429721007273198,-0.0010649632950525678,0.12536217336778455,0.0010649632950525678,True,0.9915049072105012,True,True,False,True,WIN,True,False
task-v2-cfa564be8207,g-fc8e50acd167f0aa,v2-S3-b002-g-fc8e50acd167f0aa,S3,D3,3.436268688912093,0.0003662109375,1.892726887148624,2.1521657240477863,2.152171479436862,0.0286060700789414,0.0519872727707813,0.0519879617248823,0.0045729823099979,0.0124010671593783,0.0124880465208003,0.1598605574753322,0.2385404445825855,0.2402103507517071,15.836896713432116,15.359819046444796,15.347553380507954,1.3238059139912,1.457359157930603,1.4593866692552793,0.0567236701733653,0.0297937478757959,0.2900064335300395,0.006412545183956,0.0297937478757959,0.0297944368298969,0.0018124258114093,0.0096405106607897,0.0097274900222117,True,0.2594445922882378,5.755389075545736e-06,0.25943883689916225,-5.755389075545736e-06,True,1.000022183991974,True,True,True,True,WIN,True,False
task-v2-d4d85eef1fda,g-28cd30a80498cca2,v2-S4-b002-g-28cd30a80498cca2,S4,D3,4.339358675904037,4.57763671875e-05,2.279318282233432,2.5836472699204243,2.7161841664552853,0.0087088258551838,0.0175504636429505,0.0238136239124812,0.0026278176384038,0.0059935373006626,0.0094298014388256,0.3017418974843462,0.3415030749384252,0.3959834703647644,24.05117792014304,24.08511495383716,23.899383690005568,1.3998559462419091,1.5655075430264114,1.651357521405459,0.1914280393617611,0.0124402540607311,0.1827360583251874,0.0035986162729643,0.012440254060731,0.0187034143302618,0.0012443232687907,0.0046100429310495,0.0080463070692125,True,0.43686588422185313,0.132536896534861,0.3043289876869921,-0.132536896534861,True,1.4355053310635582,True,True,True,True,WIN,True,False
task-v2-d50991f4f8ba,g-2fa0de1665fa7816,v2-S4-b004-g-2fa0de1665fa7816,S4,D2,4.515449934959718,3.0517578125e-05,2.364785939840395,2.814263635356377,2.547383085828314,0.0070686422935633,0.0198981958160396,0.0107629953059795,0.0038373106675076,0.0108486468944097,0.0062253412315741,0.5428638921227934,0.5452075652841246,0.5784022992294291,19.11422497089486,19.09313191244288,18.79437930693513,1.4809899479052209,1.7063977750249646,1.5630194687946382,0.1093921191590845,0.0174723073326054,0.0786456578336874,0.0046427538101291,0.0174723073326054,0.0083371068225453,0.0025519780162451,0.0095633142431472,0.0049400085803116,True,0.18259714598791899,-0.2668805495280626,0.4494776955159816,0.2668805495280626,True,0.40624295222993234,True,True,False,False,WIN,True,False
task-v2-d5cf4ef0cd21,g-4a80ed839b63ddd7,v2-S5-b002-g-4a80ed839b63ddd7,S5,D5,4.941418667231999,1.1444091796875e-05,2.655527725328632,3.6141619302185672,3.437493563868915,0.0051773682739485,0.0470698986276172,0.031338261244577,0.0011060345757466,0.0151586300207678,0.0111364096199461,0.2136287235567113,0.3220450959686965,0.3553614392653405,10.360676220221276,10.942089573055554,10.541170889363965,1.2527205168052291,1.5927489011700513,1.5401728569154614,0.1807478740230357,0.0426858483581985,0.2640126894770538,0.0007933180045299,0.0426858483581986,0.0269542109751584,-0.0004964846540566,0.0135561107909645,0.0095338903901428,True,0.781965838540283,-0.17666836634965222,0.9586342048899352,0.17666836634965222,True,0.8157082592625242,True,True,False,False,WIN,True,False
task-v2-d6122c14c280,g-b9a8415aa1799cc5,v2-S5-b003-g-b9a8415aa1799cc5,S5,D5,4.941418667231999,1.1444091796875e-05,2.619199414026657,3.1692247361140025,3.186250822693517,0.0047619052172527,0.0168968624575741,0.0175724434935629,0.0018285946566813,0.0099488147513438,0.0110088157821171,0.3840048411833593,0.5887965754780872,0.6264817858796822,12.087650513720597,10.790686688421111,10.532514256664689,1.3664399165165244,1.4049888217941395,1.4051763900522567,0.0830468248481286,0.013804897420111,0.16165976135245,0.0016699401797896,0.013804897420111,0.0144804784560998,0.0006692440562735,0.008789464150936,0.0098494651817092,True,0.5670514086668601,0.017026086579514654,0.5500253220873454,-0.017026086579514654,True,1.0309550958761329,True,True,True,True,WIN,True,False
task-v2-d80673ba7cf0,g-0780828b282bb310,v2-S2-b002-g-0780828b282bb310,S2,D4,2.4082399653118496,0.00390625,1.5226713025270409,1.5746290913049883,1.5512258602658977,0.1301461535764847,0.146686155398855,0.1389907488969593,0.0409924634787048,0.0447699519803288,0.0485814216983192,0.3149725316669793,0.3052091171017104,0.3495298937797291,14.194919962146953,14.278156985052746,14.024628441326977,1.2621872082708316,1.2701772355989267,1.312136171650546,0.0415144634768878,0.0266191543547529,0.0011903841518304,0.0100791525323826,0.0266191543547529,0.0189237478528572,0.0026483454861272,0.0064258339877511,0.0102373037057415,True,0.028554557738856845,-0.02340323103909059,0.05195778877794743,0.02340323103909059,True,0.5495722279654889,True,True,False,True,WIN,True,False
task-v2-db534d0b262a,g-f6afb3a3727100d3,v2-S4-b003-g-f6afb3a3727100d3,S4,D5,4.038328680240055,9.1552734375e-05,2.277308998778848,2.785028381343347,2.528199605568961,0.0173372542659023,0.0558084166312167,0.030893771164526,0.0039449099320328,0.0128868432677555,0.00702851550021,0.2275394864451755,0.2309121821697983,0.2275059092908856,13.881653610925635,14.106582588992874,13.90942743651563,1.4640425105142718,1.6577788385291738,1.5987090175278482,0.080536181454718,0.0501684468944643,0.2518408467793241,0.0116972845291499,0.0501684468944643,0.0252538014277736,0.0025823278781517,0.0115242612138744,0.0056659334463289,True,0.2508906067901129,-0.2568287757743861,0.507719382564499,0.2568287757743861,True,0.4941521151366337,True,True,False,False,WIN,True,True
task-v2-dcffea5b9a3e,g-4a80ed839b63ddd7,v2-S5-b002-g-4a80ed839b63ddd7,S5,D2,5.418539921951662,3.814697265625e-06,3.06800627126056,3.7076138445202886,3.470792465472296,0.0044613505510059,0.0194569123538963,0.0112785311543235,0.0034927190491017,0.0125562538550869,0.0073143180575087,0.7828837947545313,0.645336404189152,0.6485168997121473,12.171162052454688,13.546635958108483,13.514831002878529,1.3888588953628436,1.852456742278332,1.7382479263517951,0.2721826427202611,0.0173614299228074,0.0890267862405529,0.002365868119917,0.0173614299228074,0.0091830487232346,0.0020595340583337,0.0111230688643189,0.0058811330667407,True,0.40278619421173634,-0.2368213790479925,0.6396075732597288,0.2368213790479925,True,0.6297395638374889,True,True,False,False,WIN,True,True
task-v2-de1e481a2b9a,g-8c950d2bd101a5de,v2-S2-b004-g-8c950d2bd101a5de,S2,D1,3.010299956639812,0.0009765625,1.0056626762340075,1.7353492081885131,1.7292994520735574,0.0098937907189241,0.0530944653063498,0.0523599828263589,0.0098937907189241,0.0530944653063498,0.0523599828263589,1.0,1.0,1.0,16.0,16.0,16.0,1.5677065002560653,1.6672777952950846,1.6673574107889482,0.0367252883065938,0.0397457993250032,0.4200563489686587,-0.0034548752624224,0.0397457993250031,0.0390113168450122,-0.0034548752624224,0.0397457993250031,0.0390113168450122,True,0.7236367758395499,-0.006049756114955729,0.7296865319545056,0.006049756114955729,True,0.9917091026762531,True,True,False,True,WIN,True,False
task-v2-df25fe0d6e36,g-8c950d2bd101a5de,v2-S2-b004-g-8c950d2bd101a5de,S2,D2,2.709269960975831,0.001953125,1.4325907100031925,1.7679276594808482,1.7816500871419527,0.0528835680193331,0.1144610428697415,0.1181354190506084,0.0357357092876255,0.0630667212382919,0.0659052949742457,0.6757431585282094,0.5509885255026279,0.557879216105479,19.56682525618969,20.93912621947109,20.86332862283973,1.5146332646279663,1.6318711833907962,1.6379420370357691,0.1937778707255129,0.1014197539663261,0.904708614825239,0.0398422791159178,0.1014197539663262,0.1050941301471932,0.0290988731938989,0.0564298851445653,0.059268458880519,True,0.34905937713876023,0.013722427661104541,0.3353369494776557,-0.013722427661104541,True,1.0409213111841076,True,True,True,True,WIN,True,True
task-v2-df7a823d7a2b,g-f0c91af33253395a,v2-S3-b003-g-f0c91af33253395a,S3,D2,3.612359947967774,0.000244140625,2.169299571917684,2.342503780208909,2.3589812924053444,0.0360528518504927,0.0537209683224168,0.0557983484236728,0.0273385098168852,0.0342965813028525,0.0382235095745641,0.7582897999374653,0.6384207577386716,0.6850294077583772,9.900522400750418,11.338950907135942,10.779647106899471,1.3817843993446024,1.503880545647849,1.466096652391423,0.0551720253771086,0.0200146909560672,0.2186364011474273,0.0023465744841432,0.0200146909560672,0.0220920710573233,0.0012970712806081,0.0082551427665754,0.012182071038287,True,0.1896817204876604,0.016477512196435562,0.17320420829122485,-0.016477512196435562,True,1.095133440226408,True,True,True,True,WIN,True,True
task-v2-e0ae4ea7992e,g-b9a8415aa1799cc5,v2-S5-b003-g-b9a8415aa1799cc5,S5,D3,5.24244866289598,5.7220458984375e-06,2.73096570147523,3.2471874031294607,3.1686177597263963,0.0030797611667201,0.0101097109853437,0.0084366318238498,0.0022592955245615,0.0061299657158144,0.0058790108895284,0.7335943932846042,0.6063443084279272,0.6968433626448947,15.032986047264137,15.327890197761944,15.035032077911634,1.317148158424413,1.4856095011796409,1.3809760326844067,0.1405667136508501,0.0088820481942014,0.0691875523286672,0.0018520983755779,0.0088820481942014,0.0072089690327076,0.0014266724172456,0.0052973426084985,0.0050463877822125,True,0.43765205825116604,-0.07856964340306449,0.5162217016542305,0.07856964340306449,True,0.8477986431967344,True,True,False,True,WIN,True,True
task-v2-e1d0a1367c62,g-64377640089a831f,v2-S3-b004-g-64377640089a831f,S3,D5,3.2144199392957367,0.0006103515625,1.899903566090804,2.1243028254450937,2.1206542894484723,0.048471183830545,0.081261135409412,0.0805813149676815,0.0110572630860198,0.0175483270278146,0.0174411184150669,0.2281203431027381,0.2159498133936008,0.2164412236516864,16.554470242734585,16.566022931636766,16.565609015130676,1.3529735650649537,1.505569381113339,1.5097015538047789,0.1111087310220237,0.0473780091277188,0.4670013395594005,0.0145880575488518,0.0473780091277188,0.0466981886859883,0.0034903319330722,0.0099813958748671,0.0098741872621194,True,0.22075072335766843,-0.003648535996621405,0.22439925935428984,0.003648535996621405,True,0.9837408732670505,True,True,False,True,WIN,True,True
task-v2-e6a20043db41,g-f6afb3a3727100d3,v2-S4-b003-g-f6afb3a3727100d3,S4,D4,4.214419939295737,6.103515625e-05,2.2720204779493898,2.676473584001064,2.6817919705522995,0.011418276057514,0.0289770149402793,0.029334050226398,0.0039883029454744,0.0089180863315101,0.0091636379115942,0.3492911649171307,0.3077641485808681,0.3123891123411169,13.001330176720751,13.256230669258708,13.272917424505025,1.5519158744642116,1.7521579290227107,1.676913301398573,0.0847763512276633,0.0197662973905157,0.2066742734924511,0.0022075585077504,0.0197662973905157,0.0201233326766344,0.0006118966253241,0.0055416800113598,0.0057872315914438,True,0.4097714926029097,0.005318386551235399,0.4044531060516743,-0.005318386551235399,True,1.0131495752453337,True,True,True,True,WIN,True,True
task-v2-eb5609efbad0,g-f6afb3a3727100d3,v2-S4-b003-g-f6afb3a3727100d3,S4,D2,4.515449934959718,3.0517578125e-05,0.5270916254561809,2.7651837389499763,2.7507592421606057,0.0001027168495273,0.0177718976727627,0.0171913232787323,1.883656116678668e-05,0.0094737138397931,0.0092660177284367,0.1833833616729435,0.5330727204395608,0.5389938620897119,15.34954974494351,12.202345516043954,12.149055241192595,1.3666195929671223,1.6594522265720786,1.6125505446060475,0.1401516113918484,0.0174692096330146,0.1700967315857845,-0.0001999711902207,0.0174692096330146,0.0168886352389842,-6.864375876978045e-05,0.0093862335198565,0.0091785374085001,True,2.2236676167044247,-0.014424496789370522,2.238092113493795,0.014424496789370522,True,0.9935550030749838,True,True,False,True,WIN,True,False
task-v2-eb747215294a,g-fc8e50acd167f0aa,v2-S3-b002-g-fc8e50acd167f0aa,S3,D1,3.9133899436317554,0.0001220703125,2.1001811752010986,2.5382482170517693,2.5378163046354154,0.0153741541617234,0.0421558910493616,0.0421139872199717,0.0153741541617234,0.0421558910493616,0.0421139872199717,1.0,1.0,1.0,19.0,19.0,19.0,1.6625906483408557,1.907402430476988,1.912148816129065,0.0328262136640828,0.025808083478071,0.2452785399891897,-0.0009736534095671,0.025808083478071,0.0257661796486812,-0.0009736534095671,0.025808083478071,0.0257661796486812,True,0.4376351294343168,-0.00043191241635387456,0.4380670418506707,0.00043191241635387456,True,0.9990140495059177,True,True,False,True,WIN,True,False
task-v2-eed472030dc4,g-686fdbb6f8f550f1,v2-S2-b003-g-686fdbb6f8f550f1,S2,D2,2.709269960975831,0.001953125,1.5276682827588082,1.7485810558243005,1.735786654549582,0.0658261297957995,0.1094740272409996,0.1062959440923043,0.029023649157004,0.0542642173834587,0.0547466018363161,0.4409138019664658,0.4956812017520814,0.5150394241644419,19.268120574435944,18.55614437722294,18.304487485862257,1.5390156870265843,1.6694559388719603,1.6829250264084794,0.1047726066893672,0.0645853862503945,0.5804316013358983,0.0209374888051944,0.0645853862503945,0.0614073031016992,0.0083594768869671,0.0336000451134219,0.0340824295662792,True,0.20811837179077375,-0.012794401274718536,0.22091277306549228,0.012794401274718536,True,0.9420839225492612,True,True,False,True,WIN,True,False
task-v2-f09582cc278a,g-b9a8415aa1799cc5,v2-S5-b003-g-b9a8415aa1799cc5,S5,D4,5.11750992628768,7.62939453125e-06,2.83555379168147,3.678896504568976,3.690348888437143,0.0052244895566504,0.0364239111808767,0.0373971892527147,0.0021799452052548,0.036066015981121,0.0371000818342852,0.4172551560525078,0.990174168886521,0.9920553543096056,12.065003461389514,8.076930613629528,8.064104891541193,1.2963961626117655,1.6412678596371575,1.6406864105632244,0.1466102588977895,0.0331941707478566,0.3436833772665326,0.0019947491236303,0.0331941707478566,0.0341674488196946,0.000132687411515,0.0340187581873812,0.0350528240405454,True,0.854795096755673,0.01145238386816727,0.8433427128875057,-0.01145238386816727,True,1.0135797507859594,True,True,True,True,WIN,True,False
task-v2-f12c027474e2,g-f0c91af33253395a,v2-S3-b003-g-f0c91af33253395a,S3,D4,3.311329952303793,0.00048828125,2.213167693300067,2.2772724694143616,2.307450717909852,0.0797696600041094,0.0924575789686229,0.0991107506899075,0.0312353681927717,0.0333662034206139,0.0416644438877974,0.3915695289557791,0.3608812148535416,0.4203826890400106,11.45589771995846,11.72963154444514,11.287910883116188,1.23574089929525,1.3396536047360303,1.2776658668036045,0.220034268123304,0.0489546489712303,0.5560857551597358,0.0362667300067168,0.0489546489712303,0.0556078206925149,0.0134587248429035,0.0155895600707456,0.0238878005379292,True,0.09428302460978477,0.030178248495490223,0.06410477611429455,-0.030178248495490223,True,1.470764431681103,True,True,True,True,WIN,True,False
task-v2-f27d61c02d71,g-ad76642cd3b9f76c,v2-S5-b004-g-ad76642cd3b9f76c,S5,D2,5.418539921951662,3.814697265625e-06,2.6446404740329026,3.2720523316610306,3.5351315816162865,0.0016830636952344,0.0071369459823446,0.0130795155843189,0.0016830636952344,0.0071369459823446,0.0130795155843189,1.0,1.0,1.0,16.0,16.0,16.0,1.300324941734056,1.7194855357464307,1.7365993288892938,0.2191813708278696,0.0063482853386389,0.1001685736143525,0.0008944030515288,0.0063482853386389,0.0122908549406133,0.0008944030515288,0.0063482853386389,0.0122908549406133,True,0.8904911075833839,0.2630792499552559,0.627411857628128,-0.2630792499552559,True,1.419308699312446,True,True,True,True,WIN,True,False
task-v2-ff6e67bbbcba,g-0780828b282bb310,v2-S2-b002-g-0780828b282bb310,S2,D1,3.010299956639812,0.0009765625,0.6200813985936446,1.7239433195993032,1.56536408757695,0.0040717531586848,0.0517181954356056,0.0358974939462173,0.0040717531586848,0.0517181954356056,0.0358974939462173,1.0,1.0,1.0,12.0,11.999999999999998,12.0,1.814416929979414,1.7006860847253162,1.886620294170141,0.0004828151156872,0.047491945182071,0.3611122624947067,-0.0001544970948497,0.047491945182071,0.0316712436926828,-0.0001544970948497,0.047491945182071,0.0316712436926828,True,0.9452826889833053,-0.15857923202235336,1.1038619210056586,0.15857923202235336,True,0.8563414236828807,True,True,False,False,WIN,True,False
