run_id,training_regime,task_id,graph_id,size_stratum,m,dilution_score,objective,alpha,shots_per_evaluation,seed,nfev_budget,actual_nfev,scipy_reported_nfev,nit,termination_reason,optimizer_status,optimizer_success,wall_time_s,total_sampled_bitstrings,sampled_objective_terminal,mean_energy,P_feas,P_opt,P_opt_given_feas,G_feas,terminal_parameters
a3train-00e315e1c4cf80a7f860,SHOT_1000,task-v2-cb6317a18cf3,g-f6afb3a3727100d3,S4,16,3.816479930623699,O3,0.1,1000,7304,240,52,52,26,EARLY_CONVERGENCE,0,True,2.24661232996732,52000,0.34529069767441867,1.258100565319297,0.058344499100125465,0.010587427669988343,0.18146402545712445,2.582479846307931,"[6.5342505797580515, 7.574893062137805, 0.029005638916019795, 2.6589734312828526, -0.23660177762759613, 0.003657422067486086]"
a3train-05b586a74b43b44c6480,SHOT_1000,task-v2-07632e755d52,g-a529fbde22ed09f4,S1,7,1.630088714928206,O0,0.1,1000,7302,240,50,50,24,EARLY_CONVERGENCE,0,True,0.080922263674438,50000,1.1790763858122006,1.2414901853020033,0.2538150337002495,0.10124185235425458,0.39888044013113577,1.034606057114379,"[2.2893673754099595, 4.2682834329584685, -0.0004222830049803397, 3.178304153961202, -0.49319582284815233, 0.0018590226897673948]"
a3train-079861abbd26e93f92f7,SHOT_1000,task-v2-30409dd5a775,g-686fdbb6f8f550f1,S2,10,3.010299956639812,O3,0.1,1000,7301,240,53,53,26,EARLY_CONVERGENCE,0,True,0.1372991017997265,53000,1.0884302325581394,1.7854598679662292,0.0010773525628211067,0.0010773525628211067,1.0,0.042657805742282756,"[2.38463975406501, 4.166016232600538, 0.5010032669251085, 3.755828624290574, -1.0187781157462874, 0.0027142272833108596]"
a3train-08c4469c60700e7ed98f,SHOT_1000,task-v2-693f08fcb4be,g-8c950d2bd101a5de,S2,10,2.4082399653118496,O0,0.1,1000,7303,240,48,48,23,EARLY_CONVERGENCE,0,True,0.11422310769557953,48000,1.3660513001592698,1.4200357218300175,0.15842943505842969,0.042422062216185004,0.26776629103385685,1.6080758388774263,"[6.042586230205549, 4.3715704806504, 0.0002375855227901779, 2.6163389972960167, 0.13058589827294392, -5.490665997039384e-05]"
a3train-0cb97aadac9f51b786ef,SHOT_10000,task-v2-693f08fcb4be,g-8c950d2bd101a5de,S2,10,2.4082399653118496,O3,0.1,10000,7302,240,46,46,23,EARLY_CONVERGENCE,0,True,0.16176802292466164,460000,0.09999999999999998,1.4157224995496693,0.15405784230241815,0.04541441382011941,0.29478806882787667,1.5959237762541723,"[6.542175273622504, 4.371943687019119, -0.027478531606949765, 2.6157204088543557, 0.13080404929750636, 3.6915090469232686e-05]"
a3train-0e59c361018080b93451,SHOT_1000,task-v2-693f08fcb4be,g-8c950d2bd101a5de,S2,10,2.4082399653118496,O3,0.1,1000,7305,240,46,46,23,EARLY_CONVERGENCE,0,True,0.13782425690442324,46000,0.09860465116279066,1.4229215822256944,0.15779737793907836,0.04200488266298877,0.26619506110681895,1.6063397477337271,"[6.017374650580962, 4.372050977444406, -5.862324083020862e-05, 2.61589647574229, 0.1309839977622125, -0.00010198747139183081]"
a3train-0e5d2695ef2eb3c6fe15,SHOT_10000,task-v2-30409dd5a775,g-686fdbb6f8f550f1,S2,10,3.010299956639812,O0,0.1,10000,7304,240,69,69,39,EARLY_CONVERGENCE,0,True,0.226628297008574,690000,1.6245059039448937,1.6379269950731308,0.0015830570387303773,0.0015830570387303773,1.0,0.2097965197394278,"[2.3236557609264255, 4.618087496763224, 0.5900307522991283, 3.8756282072547665, -0.992560323522638, -0.16597324952176348]"
a3train-0f995407d3dc2c1a2a95,SHOT_10000,task-v2-8d35df6592f7,g-64377640089a831f,S3,13,3.0682919036174985,O3,0.1,10000,7301,240,54,54,27,EARLY_CONVERGENCE,0,True,0.37024236749857664,540000,0.16502616279069768,1.4412591904663083,0.0888447979116903,0.013631378717474859,0.1534291150172252,2.0169239074595726,"[6.045286941820132, 4.776914908096857, -0.002768244706377032, 2.532892488277876, 0.1985752828574823, -0.005653952784781928]"
a3train-10143c1ad55164f5a1a1,SHOT_10000,task-v2-8ea177161d6a,g-4a80ed839b63ddd7,S5,19,4.640388671568018,O0,0.1,10000,7303,240,47,47,23,EARLY_CONVERGENCE,0,True,63.04431834537536,470000,1.56216455572369,1.575683012793126,0.006908253330342374,0.0022403092628335425,0.32429460179082814,2.4797569266291184,"[4.095248557243267, 4.103248728566759, 0.009119740934875362, 3.407497530697008, -0.8831786239302636, 0.010197333341883835]"
a3train-111e0129c03f32fb8d80,SHOT_1000,task-v2-8b88de51ba21,g-f0c91af33253395a,S3,13,3.9133899436317554,O0,0.1,1000,7301,240,50,50,24,EARLY_CONVERGENCE,0,True,0.3218780504539609,50000,1.564777648966659,1.609417469861903,0.024713319454204123,0.024713319454204123,1.0,2.3063210267036585,"[5.827708367884347, 4.132969780089255, -4.3822432568214194e-05, 2.41205505917881, 0.1594865155907157, -0.002671306066071662]"
a3train-130a3e417031bea3e41d,SHOT_1000,task-v2-30409dd5a775,g-686fdbb6f8f550f1,S2,10,3.010299956639812,O3,0.1,1000,7305,240,60,60,30,EARLY_CONVERGENCE,0,True,0.15361362881958485,60000,0.9405294891396387,2.187681159979031,0.0112515676009805,0.0112515676009805,1.0,1.0615129904674518,"[2.0081671024005137, 4.139818638722621, 0.07297147753460284, 3.7077696125587254, -0.5249129142350271, -0.1121328198536809]"
a3train-13265f2c013859774cb7,SHOT_1000,task-v2-cb6317a18cf3,g-f6afb3a3727100d3,S4,16,3.816479930623699,O0,0.1,1000,7303,240,46,46,21,EARLY_CONVERGENCE,0,True,2.015382630750537,46000,1.1804700860729336,1.2088699629067121,0.04645287416718864,0.008105703386987382,0.17449304337583346,2.4834925207796985,"[6.467447340831824, 7.049533175549684, 0.5000103648909726, 2.6235403621944755, -0.2385464875616502, -6.322643024521514e-07]"
a3train-13955ae1d44915632e7a,SHOT_1000,task-v2-30409dd5a775,g-686fdbb6f8f550f1,S2,10,3.010299956639812,O0,0.1,1000,7305,240,50,50,24,EARLY_CONVERGENCE,0,True,0.10694889817386866,50000,1.7329068644685863,1.7747190215089368,0.0008490974425496769,0.0008490974425496769,1.0,-0.06074251055642308,"[2.3895202610250488, 4.12119005105337, 0.0, 3.765746594549294, -1.0375723583247598, 0.0]"
a3train-14b0d667944f068570ff,SHOT_10000,task-v2-07632e755d52,g-a529fbde22ed09f4,S1,7,1.630088714928206,O3,0.1,10000,7304,240,33,33,20,EARLY_CONVERGENCE,0,True,0.0841746274381876,330000,0.052325581395348826,1.2373877527038526,0.2530761538121439,0.10240873013093126,0.4046557867595393,1.033339940466956,"[2.250200247560789, 4.270793580028745, 0.5, 3.151499755542524, -0.47765860019613887, 0.0]"
a3train-155e494cf485dbc933a5,SHOT_1000,task-v2-8ea177161d6a,g-4a80ed839b63ddd7,S5,19,4.640388671568018,O0,0.1,1000,7304,240,50,50,23,EARLY_CONVERGENCE,0,True,61.70131032541394,50000,1.5290017199948571,1.5751691382222424,0.006278501587904535,0.0020185361850053383,0.32149966942654384,2.438244679994391,"[4.032025588798394, 4.083874027417117, 0.5000165488335345, 3.410438175779447, -0.8933632306292475, -0.002241166744391186]"
a3train-17e1b24a92194d14064f,SHOT_1000,task-v2-cb6317a18cf3,g-f6afb3a3727100d3,S4,16,3.816479930623699,O3,0.1,1000,7303,240,53,53,27,EARLY_CONVERGENCE,0,True,2.2811143277212977,53000,0.45582041343669244,1.2199478074911556,0.05142159765107841,0.008969601207840253,0.17443256564495604,2.5276254965180245,"[6.468651296623141, 7.0688847574927705, -0.0009867801518633518, 2.666611418963886, -0.25231958923866854, 0.0030051300601222517]"
a3train-1a12e63f3ab9777f9be8,SHOT_10000,task-v2-07632e755d52,g-a529fbde22ed09f4,S1,7,1.630088714928206,O0,0.1,10000,7303,240,51,51,25,EARLY_CONVERGENCE,0,True,0.13241058867424726,510000,1.2049681244023436,1.2294869617590702,0.2611806079514427,0.10432190684175675,0.3994243970101782,1.0470296433799207,"[2.25826309105972, 4.283083708985947, 0.5008025998384151, 3.1488069054671217, -0.43422595387307317, -0.019739627916284835]"
a3train-1a5b5b37cd9a01762a35,SHOT_1000,task-v2-693f08fcb4be,g-8c950d2bd101a5de,S2,10,2.4082399653118496,O0,0.1,1000,7305,240,48,48,22,EARLY_CONVERGENCE,0,True,0.11041379999369383,48000,1.3843787459055747,1.4284301216580952,0.15638133612222394,0.04128157085209636,0.26398016461396434,1.6024248847338465,"[5.973769658512066, 4.372061419211934, 0.5000076836986046, 2.6152207743804023, 0.13020524860280508, -0.0010277014006607793]"
a3train-1a60d5a568818c645865,SHOT_1000,task-v2-00b7b12999ba,g-28cd30a80498cca2,S4,16,4.816479930623699,O0,0.1,1000,7301,240,51,51,25,EARLY_CONVERGENCE,0,True,2.2845447873696685,51000,1.4779371015932634,1.5160836099721033,0.0018788994592420008,0.0018788994592420008,1.0,2.0903834720522543,"[3.067870393551855, 5.1050718385036635, -0.0006720298323780713, 3.1849326438601753, -0.7666338420498116, 0.0006963973491591557]"
a3train-1b4516e9868c31aea947,SHOT_1000,task-v2-6dd269836f23,g-c45ecbe0242c6377,S1,7,2.1072099696478683,O0,0.1,1000,7302,240,52,52,25,EARLY_CONVERGENCE,0,True,0.09495603200048208,52000,1.6532847700779385,1.6989575122454519,0.0769634160505123,0.0769634160505123,1.0,0.993494305431295,"[5.484401149146545, 3.9207082558697968, -0.019531116802128698, 2.5940971778527406, 0.1753552646860337, -0.0008141670886165903]"
a3train-1b9d3b97c72aee91a4ad,SHOT_1000,task-v2-0880cdc8b47d,g-b9a8415aa1799cc5,S5,19,5.719569917615643,O0,0.1,1000,7304,240,53,53,26,EARLY_CONVERGENCE,0,True,65.2528285374865,53000,1.628780704796622,1.6543586196808846,0.0004350013371248021,0.0004350013371248021,1.0,2.3580605095243734,"[4.205277299553629, 6.194376707880534, 0.0, 0.5974769423783285, -1.0609096427095384, 0.0]"
a3train-1cae9b8a7c0bafa43615,SHOT_10000,task-v2-8b88de51ba21,g-f0c91af33253395a,S3,13,3.9133899436317554,O0,0.1,10000,7305,240,47,47,22,EARLY_CONVERGENCE,0,True,0.31942502595484257,470000,1.5912525206190582,1.6067454642114378,0.019059070263657527,0.019059070263657527,1.0,2.193491654770813,"[5.799849509767653, 4.17088265456154, 0.5247794860611242, 2.363461508837087, 0.15548794824531634, -4.0635449514269354e-05]"
a3train-1ccdaaa7b7fad210810f,SHOT_10000,task-v2-30409dd5a775,g-686fdbb6f8f550f1,S2,10,3.010299956639812,O3,0.1,10000,7301,240,65,65,35,EARLY_CONVERGENCE,0,True,0.22204036358743906,650000,1.0288106029100008,2.134346122827654,0.009801284245691582,0.009801284245691582,1.0,1.0015829409318728,"[2.8373034385184814, 4.093812917755341, -0.0539614719144214, 3.70808444778556, -0.8583520607710777, 0.11286658956039573]"
a3train-1cf8d95d160fffe0dfd9,SHOT_10000,task-v2-8ea177161d6a,g-4a80ed839b63ddd7,S5,19,4.640388671568018,O3,0.1,10000,7305,240,49,49,23,EARLY_CONVERGENCE,0,True,66.68764563463628,490000,0.9727658562367865,1.5763816133158757,0.006390452457274315,0.002079905502446773,0.325470773212497,2.445920279764145,"[4.031870448185498, 4.10959844093811, -0.024682873639427436, 3.414758397541651, -0.8927868229421047, 0.0026434724986337784]"
a3train-1d30d784ca7a295d48bf,SHOT_10000,task-v2-cb6317a18cf3,g-f6afb3a3727100d3,S4,16,3.816479930623699,O3,0.1,10000,7304,240,55,55,28,EARLY_CONVERGENCE,0,True,2.597310893237591,550000,0.45143863049095606,1.2652775260085023,0.05891703464981541,0.010625061837902652,0.18033938573206756,2.586720810891534,"[6.4627758653644145, 7.547648639861465, 0.5230704746496516, 2.6736717292354295, -0.2349089380899908, -0.00473585943049499]"
a3train-1dce9929814c376d13b5,SHOT_1000,task-v2-cb6317a18cf3,g-f6afb3a3727100d3,S4,16,3.816479930623699,O3,0.1,1000,7301,240,49,49,23,EARLY_CONVERGENCE,0,True,2.2301510330289602,49000,0.39545219638242896,1.2351757483988488,0.05516335718003672,0.0099432884447613,0.18025169157688095,2.5581306196067994,"[6.467412789161071, 7.549406838097363, 0.4998228819916329, 2.6237367862039043, -0.2383650799250391, 0.00011776543346585435]"
a3train-1df113269401d9250dd6,SHOT_10000,task-v2-cb6317a18cf3,g-f6afb3a3727100d3,S4,16,3.816479930623699,O3,0.1,10000,7302,240,54,54,28,EARLY_CONVERGENCE,0,True,2.5708628157153726,540000,0.44081266149870807,1.2630707694724725,0.05861226341749281,0.01061574306924742,0.181118121878896,2.5844684233881394,"[6.530766237209518, 7.545808180681163, -0.03476868283697849, 2.6705717147021955, -0.24427292325679636, 0.007590252525142102]"
a3train-1f7a917520a2e72b8c0c,SHOT_1000,task-v2-cb6317a18cf3,g-f6afb3a3727100d3,S4,16,3.816479930623699,O0,0.1,1000,7305,240,57,57,28,EARLY_CONVERGENCE,0,True,2.497256087139249,57000,1.17891498675392,1.2018589892751717,0.04727036972140267,0.008287476946962434,0.17532075580974568,2.491068929739329,"[6.4641896996592765, 7.022648131597971, 0.4369986947277639, 2.5945759953472005, -0.18735258560447585, -0.01958606731434266]"
a3train-2009830119b2855f1b1a,SHOT_10000,task-v2-8ea177161d6a,g-4a80ed839b63ddd7,S5,19,4.640388671568018,O3,0.1,10000,7302,240,50,50,24,EARLY_CONVERGENCE,0,True,70.54531494155526,500000,0.9276437632135305,1.6034310398829175,0.013018704797505512,0.0029389127588354074,0.22574540282982117,2.754956450940261,"[4.0407287708964, 4.086838315959304, 0.5023560243282142, 3.364388484062085, -0.6560333587242939, -0.06485642166270619]"
a3train-201bee3ed8c54e01b41e,SHOT_1000,task-v2-8b88de51ba21,g-f0c91af33253395a,S3,13,3.9133899436317554,O3,0.1,1000,7303,240,57,57,28,EARLY_CONVERGENCE,0,True,0.3400905719026923,57000,0.51921682626539,1.8680760052210208,0.03989818339603699,0.03989818339603699,1.0,2.5143430659090478,"[5.299650674047154, 4.708476722621386, -0.012462384665544213, 2.3434682355550285, 0.24837280439139084, 0.04168101999279268]"
a3train-21aa0da05b1e069439a4,SHOT_1000,task-v2-8b88de51ba21,g-f0c91af33253395a,S3,13,3.9133899436317554,O3,0.1,1000,7302,240,49,49,23,EARLY_CONVERGENCE,0,True,0.26230331417173147,49000,0.5803043775649797,1.6732710515929832,0.034513441748237846,0.034513441748237846,1.0,2.4513782137820224,"[5.305393157226575, 4.670558056383748, -0.00021953882982134973, 2.361913291000588, 0.1537440921579606, -0.0008247862274311746]"
a3train-223a545c7019c5800848,SHOT_1000,task-v2-8b88de51ba21,g-f0c91af33253395a,S3,13,3.9133899436317554,O0,0.1,1000,7304,240,49,49,23,EARLY_CONVERGENCE,0,True,0.2715542959049344,49000,1.5732087194094901,1.6147223505976491,0.02367210087806427,0.02367210087806427,1.0,2.2876267465233195,"[5.814147498696958, 4.17125508458569, 0.0005112386166199243, 2.373705848971822, 0.16832960960650706, 0.012904615147045238]"
a3train-246d346cc52d9aa422f4,SHOT_1000,task-v2-8d35df6592f7,g-64377640089a831f,S3,13,3.0682919036174985,O3,0.1,1000,7304,240,49,49,23,EARLY_CONVERGENCE,0,True,0.2850098330527544,49000,0.11438953488372089,1.3369317211966938,0.07761709792693935,0.012120160458273896,0.15615322888885322,1.958249304223529,"[6.022363226155469, 4.70501764026905, -0.0034638958645711463, 2.483133206851078, 0.12645105199905374, -0.0011282571504290532]"
a3train-25c3956a0835dff727ad,SHOT_10000,task-v2-00b7b12999ba,g-28cd30a80498cca2,S4,16,4.816479930623699,O3,0.1,10000,7303,240,52,52,25,EARLY_CONVERGENCE,0,True,2.389737601391971,520000,1.0287861077111384,1.518217106064236,0.0018500249368461374,0.0018500249368461374,1.0,2.0836575130060013,"[3.1296798690950354, 5.104303792015093, -0.022330688783959253, 3.187378831058797, -0.7673252837539423, -0.0033076599220581942]"
a3train-25f999d4119451faeb78,SHOT_10000,task-v2-8d35df6592f7,g-64377640089a831f,S3,13,3.0682919036174985,O3,0.1,10000,7304,240,55,55,28,EARLY_CONVERGENCE,0,True,0.3933355947956443,550000,0.16752325581395347,1.4863967661233002,0.08719537679791263,0.013494842484326114,0.15476557335834767,2.0087853623530116,"[6.034033180252271, 4.67859561338569, -0.0025205352406404025, 2.56345687152906, 0.20412600175187232, 0.0022165944544152985]"
a3train-27c9075520a1e385846b,SHOT_10000,task-v2-8ea177161d6a,g-4a80ed839b63ddd7,S5,19,4.640388671568018,O3,0.1,10000,7304,240,47,47,22,EARLY_CONVERGENCE,0,True,65.84459841437638,470000,0.9172494714587738,1.602296213963724,0.012975677703870325,0.0029315641569847774,0.22592763352239892,2.753518721353642,"[4.0374208139097565, 4.1140892561160225, 0.5000147718791391, 3.3674502718573915, -0.655917424126884, -0.06517185213913654]"
a3train-27f91f3c85aa54883b45,SHOT_10000,task-v2-cb6317a18cf3,g-f6afb3a3727100d3,S4,16,3.816479930623699,O0,0.1,10000,7301,240,51,51,26,EARLY_CONVERGENCE,0,True,2.3315644608810544,510000,1.1985873268258742,1.206251904432179,0.04405141842628606,0.007730348235990809,0.17548466115629116,2.4604398275895023,"[6.4920484101168245, 7.024438383480809, -0.00023320366122865676, 2.5903438180318443, -0.20130989159646276, 0.004622185745652163]"
a3train-2aa2d56ed4d20c4830ff,SHOT_1000,task-v2-8b88de51ba21,g-f0c91af33253395a,S3,13,3.9133899436317554,O3,0.1,1000,7304,240,48,48,22,EARLY_CONVERGENCE,0,True,0.2846030993387103,48000,0.5293980848153216,1.6768317505296493,0.0355160348486041,0.0355160348486041,1.0,2.4638144170813523,"[5.299320804596538, 4.694172860050814, 0.49996661675522064, 2.3640608207340654, 0.1553581814860441, -0.0012285783235796996]"
a3train-2c00dec6e14830de8334,SHOT_10000,task-v2-00b7b12999ba,g-28cd30a80498cca2,S4,16,4.816479930623699,O0,0.1,10000,7304,240,51,51,24,EARLY_CONVERGENCE,0,True,2.5483450666069984,510000,1.502693238570628,1.5146983233633646,0.001870475254947767,0.001870475254947767,1.0,2.088431897789987,"[2.5669566944593973, 5.605247601382894, 6.799996086135928e-05, 3.180283550535178, -0.7652640736091962, 0.00032368556019616446]"
a3train-2c55725eee656afd6e06,SHOT_1000,task-v2-6dd269836f23,g-c45ecbe0242c6377,S1,7,2.1072099696478683,O0,0.1,1000,7301,240,49,49,24,EARLY_CONVERGENCE,0,True,0.12934940494596958,49000,1.66511238989679,1.6988858690471895,0.07602201782455649,0.07602201782455649,1.0,0.9881493623871997,"[5.483767412745114, 3.921819290345235, 0.0002429539457756444, 2.5898058458079465, 0.1767394368576935, -0.002423804692654263]"
a3train-2c994d103518104aa2a9,SHOT_1000,task-v2-07632e755d52,g-a529fbde22ed09f4,S1,7,1.630088714928206,O3,0.1,1000,7304,240,48,48,24,EARLY_CONVERGENCE,0,True,0.08826455753296614,48000,0.05232558139534881,1.2373877527038526,0.2530761538121439,0.10240873013093126,0.4046557867595393,1.033339940466956,"[2.250200247560789, 4.270793580028745, 0.0, 3.151499755542524, -0.47765860019613887, 0.0]"
a3train-306b445356c91113e0ed,SHOT_10000,task-v2-cb6317a18cf3,g-f6afb3a3727100d3,S4,16,3.816479930623699,O0,0.1,10000,7305,240,50,50,26,EARLY_CONVERGENCE,0,True,2.2445205375552177,500000,1.196839260575848,1.206398519857411,0.04384892614043809,0.007695004132146646,0.17548899846489527,2.458438892590462,"[6.49198667756473, 7.024316374815699, 0.0016443666227203028, 2.5886916168569902, -0.23311217420136957, 0.03839891419416815]"
a3train-309f95e5624e2150598a,SHOT_10000,task-v2-693f08fcb4be,g-8c950d2bd101a5de,S2,10,2.4082399653118496,O0,0.1,10000,7303,240,49,49,23,EARLY_CONVERGENCE,0,True,0.1747136628255248,490000,1.3981125053775998,1.416849975257208,0.15334360941562486,0.045437586472421784,0.2963122274581855,1.593905646814823,"[6.544332535204968, 4.349197102932313, 0.49993855896445266, 2.612399186932768, 0.132856374094481, 0.001695365291991061]"
a3train-3121bbbde8360e0e19da,SHOT_10000,task-v2-07632e755d52,g-a529fbde22ed09f4,S1,7,1.630088714928206,O0,0.1,10000,7302,240,50,50,24,EARLY_CONVERGENCE,0,True,0.1295049674808979,500000,1.2206302195574574,1.2397041104369728,0.2567650056088502,0.10238782940456953,0.39876084033252085,1.0396245485517253,"[2.259020715696599, 4.244163489930446, -0.00028526706149493384, 3.1531279786549193, -0.49865218373093717, 0.043526711405629796]"
a3train-3179a081141659469758,SHOT_10000,task-v2-07632e755d52,g-a529fbde22ed09f4,S1,7,1.630088714928206,O3,0.1,10000,7303,240,32,32,21,EARLY_CONVERGENCE,0,True,0.08310496993362904,320000,0.052325581395348826,1.2373877527038526,0.2530761538121439,0.10240873013093126,0.4046557867595393,1.033339940466956,"[2.250200247560789, 4.270793580028745, 0.5, 3.151499755542524, -0.47765860019613887, 0.0]"
a3train-320cb36933dca1c38200,SHOT_1000,task-v2-6dd269836f23,g-c45ecbe0242c6377,S1,7,2.1072099696478683,O0,0.1,1000,7305,240,53,53,27,EARLY_CONVERGENCE,0,True,0.09237516019493341,53000,1.6697799002103388,1.711442788211552,0.07985306120026582,0.07985306120026582,1.0,1.0095015393008344,"[5.981091867029589, 3.9001741606931764, -0.00013744159796001863, 2.604496212253395, 0.17472334723636784, -0.006792316618803068]"
a3train-3361e864bc26d32a6be3,SHOT_1000,task-v2-8d35df6592f7,g-64377640089a831f,S3,13,3.0682919036174985,O0,0.1,1000,7305,240,51,51,24,EARLY_CONVERGENCE,0,True,0.335919220931828,51000,1.324867673214027,1.3554123900269592,0.06237183335661113,0.01071213441577108,0.17174634509337608,1.863280413500881,"[5.960054002583027, 4.202722919970237, -0.02496712406054054, 2.481491327175906, 0.1293011937941461, -0.00042008472982420046]"
a3train-351ea15c01c433bcfdff,SHOT_1000,task-v2-8b88de51ba21,g-f0c91af33253395a,S3,13,3.9133899436317554,O3,0.1,1000,7305,240,50,50,24,EARLY_CONVERGENCE,0,True,0.31438275799155235,50000,0.6821169630642956,1.8197620417843363,0.02788384869101595,0.02788384869101595,1.0,2.3587426610459907,"[5.292889658008404, 4.167516184387042, -0.000766765162551513, 2.2985516143077134, 0.06681741537147289, 0.22421643042554848]"
a3train-35b982694cb88598a254,SHOT_1000,task-v2-0880cdc8b47d,g-b9a8415aa1799cc5,S5,19,5.719569917615643,O0,0.1,1000,7301,240,55,55,27,EARLY_CONVERGENCE,0,True,50.4992888905108,55000,1.566223131807351,1.6036430215791553,0.0003719015017707435,0.0003719015017707435,1.0,2.2899978496972024,"[4.263313179595858, 6.685600085540171, 0.48170820787975605, 0.6562603440767409, -1.1012084985039756, -0.04450959455598846]"
a3train-36e2c9e44c2e3889bb74,SHOT_1000,task-v2-8ea177161d6a,g-4a80ed839b63ddd7,S5,19,4.640388671568018,O0,0.1,1000,7303,240,53,53,26,EARLY_CONVERGENCE,0,True,64.4611654849723,53000,1.5292040402044316,1.571083348710502,0.006016863891673238,0.0017365048105453104,0.28860629753457884,2.419758858934058,"[4.0962980787254955, 3.5935851394682845, 0.5187520345276965, 3.4168854571590095, -0.9007083340891406, -0.012233331338805055]"
a3train-3942af9bdcd9909f6f01,SHOT_1000,task-v2-00b7b12999ba,g-28cd30a80498cca2,S4,16,4.816479930623699,O3,0.1,1000,7301,240,64,64,33,EARLY_CONVERGENCE,0,True,2.743611676618457,64000,1.0016829865361074,1.5150306835276153,0.0021855616204011956,0.0021855616204011956,1.0,2.1560429862551125,"[3.077831040564711, 5.117401713226512, 0.0528167728589534, 3.1377804572428114, -0.7076179349442475, -0.020093362217269477]"
a3train-3a1bd34f908df2c9ef73,SHOT_10000,task-v2-00b7b12999ba,g-28cd30a80498cca2,S4,16,4.816479930623699,O0,0.1,10000,7303,240,57,57,29,EARLY_CONVERGENCE,0,True,2.515873226337135,570000,1.440298851690857,1.450844396920206,0.0027592579556219186,0.0027592579556219186,1.0,2.2572722340265456,"[2.602377578215394, 5.122271326317387, 0.5178375175763101, 3.195728086240009, -0.7039090646264491, -0.10281736711432682]"
a3train-3dbc6701e0659a1a83e9,SHOT_1000,task-v2-0880cdc8b47d,g-b9a8415aa1799cc5,S5,19,5.719569917615643,O3,0.1,1000,7303,240,51,51,25,EARLY_CONVERGENCE,0,True,65.69436332117766,51000,1.0174105525854313,1.6592028684256483,0.00046787503482967184,0.00046787503482967184,1.0,2.389699790067982,"[4.15655023373041, 6.192027770186211, -0.0014634924415121008, 0.5908108402205712, -1.0579606506114076, 0.009199618782204171]"
a3train-3dc9a0aedcb5171366b7,SHOT_1000,task-v2-30409dd5a775,g-686fdbb6f8f550f1,S2,10,3.010299956639812,O3,0.1,1000,7304,240,54,54,26,EARLY_CONVERGENCE,0,True,0.13143349159508944,54000,1.031151372476796,2.377558535808311,0.007302556437533288,0.007302556437533288,1.0,0.8737748787269692,"[2.3891941685709623, 4.6276914732188255, -0.0008799491584763023, 3.7649375697985876, -0.5119118272569199, 0.0013636719425485784]"
a3train-3efcb0e8cbf4777f205b,SHOT_1000,task-v2-6dd269836f23,g-c45ecbe0242c6377,S1,7,2.1072099696478683,O3,0.1,1000,7303,240,51,51,24,EARLY_CONVERGENCE,0,True,0.09080685954540968,51000,0.21390905751859843,1.7227600801456755,0.07700528461464667,0.07700528461464667,1.0,0.9937305000180963,"[5.977698498927904, 3.903231002439752, 0.4882413477916624, 2.5881414290950437, 0.1810598253487815, 0.008741908679736355]"
a3train-3f70d30765ad8cd9b527,SHOT_10000,task-v2-693f08fcb4be,g-8c950d2bd101a5de,S2,10,2.4082399653118496,O3,0.1,10000,7305,240,50,50,25,EARLY_CONVERGENCE,0,True,0.18677000049501657,500000,0.10037209302325578,1.4360211199657167,0.1578931648162849,0.043036068354070284,0.2725644799389796,1.6066032951502767,"[6.541375128382947, 4.3723746325434885, 0.0027617837089331737, 2.656381096313042, 0.1523771318207655, 0.011909056054921154]"
a3train-40417a37812594244ee5,SHOT_10000,task-v2-00b7b12999ba,g-28cd30a80498cca2,S4,16,4.816479930623699,O0,0.1,10000,7301,240,49,49,23,EARLY_CONVERGENCE,0,True,2.1622470561414957,490000,1.5056284836523934,1.5149450682636894,0.0017450207468536125,0.0017450207468536125,1.0,2.0582805253518366,"[2.5687794306892178, 5.105640683169648, -0.024752212626668654, 3.186557204770725, -0.7657619110028494, -0.0016888048211926086]"
a3train-43ea5c2eb7454d3bc89b,SHOT_1000,task-v2-00b7b12999ba,g-28cd30a80498cca2,S4,16,4.816479930623699,O0,0.1,1000,7305,240,50,50,24,EARLY_CONVERGENCE,0,True,2.1526807341724634,50000,1.4706665912479402,1.515729115533631,0.0019053998467526416,0.0019053998467526416,1.0,2.096466056575869,"[3.0913698016197118, 5.101148128536317, -0.026508376942590388, 3.180802796883092, -0.768203955957527, 0.005105602785190097]"
a3train-4716949cacd044cd4a4e,SHOT_10000,task-v2-8ea177161d6a,g-4a80ed839b63ddd7,S5,19,4.640388671568018,O3,0.1,10000,7301,240,52,52,27,EARLY_CONVERGENCE,0,True,79.36497030314058,520000,0.8933472515856236,1.558697336928431,0.014404121204375836,0.0035827528928281905,0.24873109868999047,2.798875438680633,"[4.093067756690865, 4.103152402812903, 0.506444048104084, 3.3115533218205413, -0.6475766380418411, -0.20156985771560948]"
a3train-48d9c19fbe4ca795c7e4,SHOT_10000,task-v2-8ea177161d6a,g-4a80ed839b63ddd7,S5,19,4.640388671568018,O0,0.1,10000,7302,240,47,47,22,EARLY_CONVERGENCE,0,True,64.67149032652378,470000,1.5662312315644804,1.58024069522752,0.005978182970757626,0.0019613379594536407,0.3280826246114506,2.4169578746724727,"[4.032147963382811, 4.08629766156742, 0.5003071160673588, 3.4118494813696003, -0.8972698650088573, 0.00465362154635217]"
a3train-493c21775a919affe20e,SHOT_10000,task-v2-00b7b12999ba,g-28cd30a80498cca2,S4,16,4.816479930623699,O3,0.1,10000,7301,240,52,52,25,EARLY_CONVERGENCE,0,True,2.5074728606268764,520000,1.0114176866585067,1.6138188193246379,0.003673127652225309,0.003673127652225309,1.0,2.381515952269759,"[3.073469739442396, 5.614904330411609, 0.5218496249967148, 3.1763951493886666, -0.5316268162338427, -0.06809528560358188]"
a3train-4bf28f386d147584d51a,SHOT_10000,task-v2-07632e755d52,g-a529fbde22ed09f4,S1,7,1.630088714928206,O3,0.1,10000,7301,240,34,34,21,EARLY_CONVERGENCE,0,True,0.09530853852629662,340000,0.052325581395348826,1.3087570848547667,0.2107112751497562,0.09458880322748925,0.4489024289766332,0.9537764902340156,"[2.250200247560789, 4.770793580028745, 0.0, 3.151499755542524, -0.47765860019613887, 0.0]"
a3train-4d6449c462c069fe9ab7,SHOT_10000,task-v2-cb6317a18cf3,g-f6afb3a3727100d3,S4,16,3.816479930623699,O3,0.1,10000,7303,240,50,50,24,EARLY_CONVERGENCE,0,True,2.4317795811221004,500000,0.43754780361757106,1.2597988170464807,0.05913675052454735,0.010675988161750484,0.18053051726808927,2.5883373876411584,"[6.464844705603739, 7.538338265426542, 0.4837571026255997, 2.6684293909283228, -0.236156378812603, -0.009547357987440818]"
a3train-4fac2f78ceef9c1e10c6,SHOT_10000,task-v2-693f08fcb4be,g-8c950d2bd101a5de,S2,10,2.4082399653118496,O0,0.1,10000,7301,240,52,52,25,EARLY_CONVERGENCE,0,True,0.1589931845664978,520000,1.4095258391802508,1.427762795033041,0.1571046844743698,0.04074457026727281,0.2593466286736976,1.6044291001356428,"[6.042467469417374, 4.371984816655796, 0.4998824727627728, 2.614852088743567, 0.13075150490891396, 0.02479286947052724]"
a3train-502841157f17bc50ffc0,SHOT_1000,task-v2-0880cdc8b47d,g-b9a8415aa1799cc5,S5,19,5.719569917615643,O3,0.1,1000,7301,240,51,51,25,EARLY_CONVERGENCE,0,True,67.91022530850023,51000,1.0233062015503873,1.659437266405217,0.0004591431328331418,0.0004591431328331418,1.0,2.3815180107988216,"[4.158125769815449, 6.192499396919913, -0.002357195255123909, 0.5862637030658459, -1.045157731001043, -0.0037144251500566107]"
a3train-509186c17371e8fe62b8,SHOT_10000,task-v2-0880cdc8b47d,g-b9a8415aa1799cc5,S5,19,5.719569917615643,O3,0.1,10000,7301,240,51,51,25,EARLY_CONVERGENCE,0,True,76.82300146762282,510000,1.030150339599926,1.8060963308129636,0.0008812183910471141,0.0008812183910471141,1.0,2.6646534699243,"[4.156661512735881, 6.691267616041578, -0.004726608833967643, 0.6234732130733188, -1.0987973714417871, 0.21357826234959115]"
a3train-510cd9666e06d8e47bd2,SHOT_1000,task-v2-8d35df6592f7,g-64377640089a831f,S3,13,3.0682919036174985,O3,0.1,1000,7302,240,50,50,24,EARLY_CONVERGENCE,0,True,0.28278838377445936,50000,0.21691860465116278,1.4905591911034186,0.07199253712410945,0.010819981805115111,0.15029310310959476,1.9255793826348646,"[5.466890267717781, 4.6708073280288795, 0.00021550552975239796, 2.472244897135914, 0.1667410731397624, 0.004040528395745844]"
a3train-52010d54087a1300c28a,SHOT_1000,task-v2-6dd269836f23,g-c45ecbe0242c6377,S1,7,2.1072099696478683,O0,0.1,1000,7303,240,51,51,25,EARLY_CONVERGENCE,0,True,0.09137683268636465,51000,1.6220189988812006,1.6988549124748205,0.07661581209373731,0.07661581209373731,1.0,0.9915283789199846,"[5.484593027820196, 3.9240900108156818, -0.025012763779035465, 2.5917131921933194, 0.17559037157117577, -0.0005529629772049852]"
a3train-5832115ed683dc3881df,SHOT_10000,task-v2-8d35df6592f7,g-64377640089a831f,S3,13,3.0682919036174985,O0,0.1,10000,7304,240,50,50,25,EARLY_CONVERGENCE,0,True,0.34728561248630285,500000,1.3248116323011432,1.3367367198641098,0.07625438408244627,0.011890528320410395,0.15593238950765576,1.9505567211849235,"[6.021941305355568, 4.704357922769436, 0.00027483987759846984, 2.4846434036357, 0.12315602464194254, -0.0037984186658409137]"
a3train-5891863d74787d28d13c,SHOT_10000,task-v2-00b7b12999ba,g-28cd30a80498cca2,S4,16,4.816479930623699,O0,0.1,10000,7302,240,49,49,23,EARLY_CONVERGENCE,0,True,2.1501810336485505,490000,1.5009082552958461,1.514785294649803,0.0018716659491484265,0.0018716659491484265,1.0,2.088708270011252,"[3.063553490109563, 5.10520022867837, 0.5002475242073109, 3.1841238497584703, -0.7671423564683654, -0.0011646690366757654]"
a3train-59693660c3177543253d,SHOT_1000,task-v2-8ea177161d6a,g-4a80ed839b63ddd7,S5,19,4.640388671568018,O3,0.1,1000,7305,240,50,50,25,EARLY_CONVERGENCE,0,True,61.867553069256246,50000,0.9574207188160679,1.5889308578132169,0.005857259067131291,0.0017354137149737353,0.29628426796284574,2.4080831049074565,"[3.9856530737133298, 3.584855779367342, -0.025693476151512365, 3.404008755399804, -0.8763721857932671, 6.035900915043657e-05]"
a3train-59bf35df08c9ba195676,SHOT_1000,task-v2-00b7b12999ba,g-28cd30a80498cca2,S4,16,4.816479930623699,O3,0.1,1000,7305,240,51,51,26,EARLY_CONVERGENCE,0,True,2.19292772654444,51000,1.0045899632802935,1.5149701736501993,0.001820850618458151,0.001820850618458151,1.0,2.076754248609488,"[2.6201117019193005, 5.082481751196303, -0.0074994636776870354, 3.1765425349062375, -0.7631360590222114, 0.004971950947726194]"
a3train-5a1b9d6ab2146ca4f830,SHOT_10000,task-v2-00b7b12999ba,g-28cd30a80498cca2,S4,16,4.816479930623699,O0,0.1,10000,7305,240,49,49,24,EARLY_CONVERGENCE,0,True,2.2825194196775556,490000,1.5024300786807578,1.5159781234148553,0.0016696806479247598,0.0016696806479247598,1.0,2.0391133442223097,"[2.5406829572476246, 5.081800658782717, 0.004149712334434095, 3.188990780421859, -0.771683109769994, -0.002879838695271376]"
a3train-5acf13ee40d4f7fde2ae,SHOT_10000,task-v2-693f08fcb4be,g-8c950d2bd101a5de,S2,10,2.4082399653118496,O3,0.1,10000,7301,240,53,53,26,EARLY_CONVERGENCE,0,True,0.1734984964132309,530000,0.1000581395348837,1.415827719635602,0.15349526600976204,0.0467519868302452,0.3045825975328246,1.594334951134557,"[6.5232533689501695, 4.371916677993267, 0.4925149709813201, 2.628148911905494, 0.14200056159850788, -0.04323653620194378]"
a3train-5bc19c3c4522d580a0e7,SHOT_10000,task-v2-cb6317a18cf3,g-f6afb3a3727100d3,S4,16,3.816479930623699,O0,0.1,10000,7304,240,53,53,27,EARLY_CONVERGENCE,0,True,2.492277097888291,530000,1.2005536512594261,1.2053665399011646,0.04477862213469705,0.0078387860441207,0.1750564369877464,2.467550656568266,"[6.461561902074122, 7.049851513719566, -0.026616495255447424, 2.593539774721012, -0.2437566717595024, 0.03449603150779733]"
a3train-5f09b197a6453f115e1c,SHOT_1000,task-v2-0880cdc8b47d,g-b9a8415aa1799cc5,S5,19,5.719569917615643,O3,0.1,1000,7302,240,47,47,23,EARLY_CONVERGENCE,0,True,61.07318625692278,47000,1.0249341085271313,1.655393406461423,0.00045384988695370654,0.00045384988695370654,1.0,2.376482149221705,"[4.205277299553629, 6.169878654638336, 0.0, 0.602461457133293, -1.0609096427095384, 1.7293509523579516e-20]"
a3train-5fab54e695ce56ad58a8,SHOT_10000,task-v2-00b7b12999ba,g-28cd30a80498cca2,S4,16,4.816479930623699,O3,0.1,10000,7304,240,50,50,25,EARLY_CONVERGENCE,0,True,2.3215247485786676,500000,1.0085354957160342,1.4675669907228843,0.003561295846850503,0.003561295846850503,1.0,2.368087983859234,"[3.005053520574591, 5.6112544254988, 0.5004599010135775, 3.1577939529685795, -0.5481422374701632, -0.20313038106964776]"
a3train-60cbacbbfdc51c8fc340,SHOT_10000,task-v2-6dd269836f23,g-c45ecbe0242c6377,S1,7,2.1072099696478683,O3,0.1,10000,7301,240,46,46,25,EARLY_CONVERGENCE,0,True,0.14585580676794052,460000,0.10465116279069765,1.742522993374859,0.10131597787204003,0.10131597787204003,1.0,1.1128879101164497,"[5.958409236712847, 3.931646366334247, 0.48108654834924114, 2.717839384786532, 0.16992316648184427, -0.024094306209761412]"
a3train-61a769bd52bfccd70ffc,SHOT_1000,task-v2-693f08fcb4be,g-8c950d2bd101a5de,S2,10,2.4082399653118496,O3,0.1,1000,7303,240,52,52,25,EARLY_CONVERGENCE,0,True,0.12289049569517374,52000,0.09854651162790695,1.4420953602406423,0.15069989020395377,0.036695867121661396,0.24350294530406127,1.5863529012108584,"[6.04117440916383, 4.872068555308977, -0.02404443493917169, 2.614072890234153, 0.12654872334540238, -0.00010997061623953574]"
a3train-6201251487bca1003b83,SHOT_10000,task-v2-30409dd5a775,g-686fdbb6f8f550f1,S2,10,3.010299956639812,O3,0.1,10000,7303,240,57,57,29,EARLY_CONVERGENCE,0,True,0.1984776956960559,570000,0.9978700040876002,2.209841317365319,0.012903987347175528,0.012903987347175528,1.0,1.1210238851795404,"[2.3467886277485412, 4.6397036228526005, -0.09646958194587045, 3.7074056612893487, -1.147257578668539, 0.5136102882013874]"
a3train-62c0fde99e8caf95bae2,SHOT_1000,task-v2-30409dd5a775,g-686fdbb6f8f550f1,S2,10,3.010299956639812,O0,0.1,1000,7303,240,45,45,22,EARLY_CONVERGENCE,0,True,0.10022970102727413,45000,1.7521716577843145,1.7759701362718776,0.0009912220115056028,0.0009912220115056028,1.0,0.006470894246398474,"[2.430548310082536, 4.096117693242797, -0.0014214368827857023, 3.8101325256015084, -1.027435199689611, -0.014596399126691448]"
a3train-65cac043591b8d979163,SHOT_10000,task-v2-30409dd5a775,g-686fdbb6f8f550f1,S2,10,3.010299956639812,O0,0.1,10000,7301,240,56,56,28,EARLY_CONVERGENCE,0,True,0.1782985543832183,560000,1.722461169111833,1.7322847675922963,0.00046918417337644757,0.00046918417337644757,1.0,-0.31835668938643735,"[2.448163770001775, 4.644879190764964, -0.013861671440584943, 3.853986731579397, -1.0391997478603292, -0.044490872300583455]"
a3train-6b4e31dbf1cf81c5193c,SHOT_1000,task-v2-00b7b12999ba,g-28cd30a80498cca2,S4,16,4.816479930623699,O3,0.1,1000,7304,240,55,55,28,EARLY_CONVERGENCE,0,True,2.407155162654817,55000,1.0209914320685434,1.5214824693232658,0.0021664434710556655,0.0021664434710556655,1.0,2.1522272921090786,"[2.5864180915724404, 5.148803782002778, -0.054326436771541343, 3.191362665850773, -0.7352741536833998, 0.009291245276570232]"
a3train-6d1f7f2feb3f106caef9,SHOT_1000,task-v2-8b88de51ba21,g-f0c91af33253395a,S3,13,3.9133899436317554,O0,0.1,1000,7303,240,49,49,23,EARLY_CONVERGENCE,0,True,0.26586104091256857,49000,1.5730676456630954,1.6068000322618392,0.01915702541257432,0.01915702541257432,1.0,2.1957180189799796,"[5.7999349837080425, 4.17055291795341, 0.5000311599470127, 2.3636763909436227, 0.15599347711023231, 4.58618737223011e-05]"
a3train-6d71265871a502b1956f,SHOT_1000,task-v2-693f08fcb4be,g-8c950d2bd101a5de,S2,10,2.4082399653118496,O0,0.1,1000,7301,240,52,52,25,EARLY_CONVERGENCE,0,True,0.14459337666630745,52000,1.386750570118685,1.4386940017904295,0.1478600851451828,0.041798505904989895,0.28268958362865965,1.5780909172617588,"[6.5276259028525665, 4.377572593930039, 0.5006904837513159, 2.597953273243201, 0.13424731097842946, 0.04375385307428998]"
a3train-6f357f4f05b505fb517c,SHOT_1000,task-v2-693f08fcb4be,g-8c950d2bd101a5de,S2,10,2.4082399653118496,O0,0.1,1000,7302,240,49,49,23,EARLY_CONVERGENCE,0,True,0.10907541774213314,49000,1.3828590690122498,1.4436007203094738,0.15069621664178862,0.03647878405267542,0.24206834694056759,1.586342314426616,"[6.0422662142783725, 4.871877074239347, 0.00016912118375307937, 2.6161690084860214, 0.13095738967199017, -3.877778625023336e-05]"
a3train-6f633926d646a7b14666,SHOT_10000,task-v2-6dd269836f23,g-c45ecbe0242c6377,S1,7,2.1072099696478683,O3,0.1,10000,7302,240,36,36,24,EARLY_CONVERGENCE,0,True,0.10856578126549721,360000,0.10465116279069765,1.7504101598458728,0.10869594463750605,0.10869594463750605,1.0,1.1434233108417273,"[5.913158518923946, 4.01547844046167, -0.0017969844004543376, 2.705444540016025, 0.17983404350041723, 0.02675370477876351]"
a3train-71d86e10deaaba3c7aec,SHOT_1000,task-v2-30409dd5a775,g-686fdbb6f8f550f1,S2,10,3.010299956639812,O0,0.1,1000,7302,240,47,47,22,EARLY_CONVERGENCE,0,True,0.09672843106091022,47000,1.7210856095942364,1.7750957398106664,0.00022315696753476993,0.00022315696753476993,1.0,-0.641089592180667,"[1.8862620830223138, 4.62687190521482, -0.0073062795043401145, 3.7718224991253724, -1.0845550804134554, 0.00451094097979789]"
a3train-72aead31d17b79d59f16,SHOT_10000,task-v2-8b88de51ba21,g-f0c91af33253395a,S3,13,3.9133899436317554,O0,0.1,10000,7303,240,50,50,23,EARLY_CONVERGENCE,0,True,0.3692543860524893,500000,1.589836558497889,1.6072417539368586,0.018521302400649666,0.018521302400649666,1.0,2.181061466232951,"[5.799800424062044, 4.145577806409501, -9.396884537180498e-06, 2.3638252258857197, 0.15652111758401854, -0.0002258040129918395]"
a3train-72fe82011a5f2353b185,SHOT_1000,task-v2-8d35df6592f7,g-64377640089a831f,S3,13,3.0682919036174985,O0,0.1,1000,7301,240,49,49,23,EARLY_CONVERGENCE,0,True,0.2913427744060755,49000,1.3015339989814168,1.3369639535216653,0.0777736804996966,0.012157179155437457,0.1563148236952073,1.959124555265012,"[6.022492070553838, 4.702725259380522, -0.0249994459791677, 2.4820212996889057, 0.126819209108666, -2.1683562913238104e-20]"
a3train-7352501c4b771dcf796f,SHOT_10000,task-v2-30409dd5a775,g-686fdbb6f8f550f1,S2,10,3.010299956639812,O3,0.1,10000,7302,240,58,58,29,EARLY_CONVERGENCE,0,True,0.19531437195837498,580000,1.0772186316108041,1.8850698737491667,0.004032267569921971,0.004032267569921971,1.0,0.6158492995924247,"[2.4088374452651258, 4.145371711437669, 0.08808813137116125, 3.7687398259289138, -0.9742791290942111, 0.06184279005403342]"
a3train-741a67ecc2e6fd1d8679,SHOT_1000,task-v2-00b7b12999ba,g-28cd30a80498cca2,S4,16,4.816479930623699,O3,0.1,1000,7303,240,55,55,27,EARLY_CONVERGENCE,0,True,2.3632169226184487,55000,1.0059853121175026,1.642562838845551,0.003083458441043667,0.003083458441043667,1.0,2.305518029989869,"[3.117573762736269, 5.094876488229099, 0.4764342755675942, 3.2353576136787887, -0.5280787247006938, -0.08148690726760836]"
a3train-7590afcbd9977dd5a36b,SHOT_1000,task-v2-00b7b12999ba,g-28cd30a80498cca2,S4,16,4.816479930623699,O0,0.1,1000,7302,240,47,47,22,EARLY_CONVERGENCE,0,True,2.3304783208295703,47000,1.4796003407092893,1.5160558800822712,0.0018775004188838686,0.0018775004188838686,1.0,2.090059973194143,"[3.0682272870908647, 5.105287369129304, -6.540975421228908e-05, 3.184829932428454, -0.7661075151799602, 2.81651965251493e-05]"
a3train-7653e05848d3260cd3bc,SHOT_1000,task-v2-8b88de51ba21,g-f0c91af33253395a,S3,13,3.9133899436317554,O0,0.1,1000,7305,240,51,51,24,EARLY_CONVERGENCE,0,True,0.27358423359692097,51000,1.5913336155522835,1.6348966550709603,0.031071699107841584,0.031071699107841584,1.0,2.405754946258586,"[5.801210343287534, 4.67053509540324, 0.49714092909750585, 2.361364609496311, 0.15689551835728774, 0.003026053861892729]"
a3train-778533d7b34a12b13e61,SHOT_1000,task-v2-8ea177161d6a,g-4a80ed839b63ddd7,S5,19,4.640388671568018,O3,0.1,1000,7304,240,50,50,24,EARLY_CONVERGENCE,0,True,60.25077859312296,50000,0.9656131078224103,1.5918128419254125,0.00532115323971488,0.0015889621911949405,0.2986123720955048,2.366394437578682,"[4.023071993319723, 3.603446126165623, -0.000951041257275788, 3.4478368075203987, -0.8915086095620618, -0.02641099141922111]"
a3train-7849a77f56e485b0997b,SHOT_10000,task-v2-0880cdc8b47d,g-b9a8415aa1799cc5,S5,19,5.719569917615643,O3,0.1,10000,7303,240,54,54,26,EARLY_CONVERGENCE,0,True,81.16441796626896,540000,1.0375481717899178,1.8373099724100592,0.0006150981726731504,0.0006150981726731504,1.0,2.5085143544440625,"[3.6975832971804707, 6.720076915631331, 0.4800533421463126, 0.5906371673697317, -1.1242587000996649, 0.20348529966708903]"
a3train-791970ecad3dc12020f8,SHOT_10000,task-v2-8d35df6592f7,g-64377640089a831f,S3,13,3.0682919036174985,O3,0.1,10000,7302,240,45,45,21,EARLY_CONVERGENCE,0,True,0.3145059794187546,450000,0.18049127906976742,1.3863606321239401,0.08369146382255303,0.013260774482535698,0.15844835156249482,1.9909730676583632,"[6.025204152219224, 4.691522677669637, -0.0002232043925364284, 2.47251856243198, 0.17503208448055874, 0.0076523490718348585]"
a3train-7a3aa606e981b056579e,SHOT_10000,task-v2-8ea177161d6a,g-4a80ed839b63ddd7,S5,19,4.640388671568018,O3,0.1,10000,7303,240,50,50,24,EARLY_CONVERGENCE,0,True,69.82765266112983,500000,0.9917003171247357,1.6605233463910678,0.007746315854804218,0.001900797670930347,0.2453808631817516,2.5294838728679516,"[4.021893713510697, 4.053899073763476, -0.005774766638104724, 3.4063102998992774, -0.9622848710417062, 0.24318894992278894]"
a3train-7b58b9f5fefbd7f13e27,SHOT_10000,task-v2-0880cdc8b47d,g-b9a8415aa1799cc5,S5,19,5.719569917615643,O0,0.1,10000,7302,240,59,59,33,EARLY_CONVERGENCE,0,True,81.87832079827785,590000,1.5207759936433898,1.5326533724971094,0.0009511673432770431,0.0009511673432770431,1.0,2.6978268487152994,"[4.212853613951763, 6.700009139387413, 0.5069314420196213, 0.7584706749265401, -0.9828670084013721, -0.15932559303077862]"
a3train-7da1534e3891ebf5b945,SHOT_1000,task-v2-8d35df6592f7,g-64377640089a831f,S3,13,3.0682919036174985,O3,0.1,1000,7303,240,51,51,24,EARLY_CONVERGENCE,0,True,0.28989040199667215,51000,0.09494186046511623,1.3875088065542693,0.08280907743488843,0.013055201376952779,0.15765423044614757,1.9863698498685614,"[5.95357677724849, 4.678189592297367, -0.0016039814281847262, 2.4749290017189822, 0.1702083465624659, 0.006081127196115931]"
a3train-7e005166ee3a37a20927,SHOT_10000,task-v2-0880cdc8b47d,g-b9a8415aa1799cc5,S5,19,5.719569917615643,O0,0.1,10000,7304,240,53,53,27,EARLY_CONVERGENCE,0,True,72.91710916813463,530000,1.6212045229558891,1.6295551803753519,0.0003287061941339985,0.0003287061941339985,1.0,2.236377805612295,"[4.214301852795446, 6.690077087814364, -0.0263595028944302, 0.6503646973673421, -1.0617588396210689, 0.004775647974953444]"
a3train-7ecc1971a62109d8ceda,SHOT_10000,task-v2-07632e755d52,g-a529fbde22ed09f4,S1,7,1.630088714928206,O0,0.1,10000,7305,240,49,49,23,EARLY_CONVERGENCE,0,True,0.11278257146477699,490000,1.2256352268594,1.2401461326402963,0.25453909273879904,0.10135870128685685,0.3982048501715544,1.0358432067362804,"[2.1822909581330263, 4.247627647786987, -0.0009138864834805719, 3.150187252695939, -0.47896470708163136, 0.0055299050944458295]"
a3train-7f21ea2c0d40f7f53199,SHOT_10000,task-v2-6dd269836f23,g-c45ecbe0242c6377,S1,7,2.1072099696478683,O3,0.1,10000,7303,240,53,53,34,EARLY_CONVERGENCE,0,True,0.14502933248877525,530000,0.10465116279069765,1.7830179104849886,0.10287282285087393,0.10287282285087393,1.0,1.1195106267735948,"[5.549941408737947, 3.931394353699265, 0.009521975855687446, 2.6509381749827563, 0.18814011750653606, 0.11796688315365315]"
a3train-7f30c37c106d4ad8cd7e,SHOT_1000,task-v2-8d35df6592f7,g-64377640089a831f,S3,13,3.0682919036174985,O0,0.1,1000,7304,240,50,50,23,EARLY_CONVERGENCE,0,True,0.2457806058228016,50000,1.3115561795469162,1.3387094572990117,0.07812540740971782,0.012162410401584993,0.15567804130352786,1.9610841987418668,"[6.0224872471617354, 4.727759683326686, 4.673735705622153e-06, 2.4818493716709704, 0.1289811000671329, -0.001767265698236049]"
a3train-7f7116ec0cb1eafbfd9f,SHOT_10000,task-v2-30409dd5a775,g-686fdbb6f8f550f1,S2,10,3.010299956639812,O0,0.1,10000,7303,240,66,66,38,EARLY_CONVERGENCE,0,True,0.22799339704215527,660000,1.6181012997354933,1.635524114411752,0.003098679958353061,0.003098679958353061,1.0,0.5014766798623846,"[1.975463872979779, 4.7610451832933816, 0.5405524509020403, 3.8934915588054753, -0.8775778088427292, -0.19695143916462038]"
a3train-7ff684917c027a287e7c,SHOT_10000,task-v2-6dd269836f23,g-c45ecbe0242c6377,S1,7,2.1072099696478683,O3,0.1,10000,7304,240,33,33,24,EARLY_CONVERGENCE,0,True,0.0884009376168251,330000,0.10465116279069765,1.765096204556842,0.10983467404128171,0.10983467404128171,1.0,1.147949435149677,"[5.939646938546895, 3.901313487158234, -0.0009418678203511148, 2.735573036833356, 0.18934417290491593, 0.004192623881005624]"
a3train-808bfded5d8238eec8a6,SHOT_1000,task-v2-07632e755d52,g-a529fbde22ed09f4,S1,7,1.630088714928206,O0,0.1,1000,7303,240,54,54,27,EARLY_CONVERGENCE,0,True,0.08923882991075516,54000,1.1422730955818696,1.2098421340680268,0.2601018844740349,0.10201031921495148,0.39219369525611736,1.045232213658911,"[2.2665622358911226, 4.262202041375182, 0.4765426903270687, 3.1708508128375463, -0.46477559159638965, -0.08702225672227366]"
a3train-808c55a15488be93feab,SHOT_10000,task-v2-6dd269836f23,g-c45ecbe0242c6377,S1,7,2.1072099696478683,O0,0.1,10000,7305,240,51,51,25,EARLY_CONVERGENCE,0,True,0.1332936268299818,510000,1.683622759695963,1.6988071486681715,0.07520373550032551,0.07520373550032551,1.0,0.9834493829374686,"[5.480729626920954, 3.9190998030344937, 0.5219549284682354, 2.5869813632569483, 0.1755687932918322, -0.00211823584648273]"
a3train-820c1e9619b97d6ee3e1,SHOT_10000,task-v2-0880cdc8b47d,g-b9a8415aa1799cc5,S5,19,5.719569917615643,O0,0.1,10000,7305,240,47,47,23,EARLY_CONVERGENCE,0,True,64.33200284373015,470000,1.6203501761960342,1.6303654504726555,0.000323618216849775,0.000323618216849775,1.0,2.2296028781907897,"[4.210193037625223, 6.685989281623722, 0.0034006751520797105, 0.6458791359097983, -1.0550661648352158, -0.0019098546684850036]"
a3train-83295077cd0147842f77,SHOT_10000,task-v2-6dd269836f23,g-c45ecbe0242c6377,S1,7,2.1072099696478683,O0,0.1,10000,7304,240,48,48,23,EARLY_CONVERGENCE,0,True,0.11510819103568792,480000,1.6774324784080388,1.7010718650683778,0.07800160730429319,0.07800160730429319,1.0,0.9993135215203137,"[5.458772159554316, 3.9218822021281423, -0.0002795395014272558, 2.595905705003515, 0.17774017762895641, 0.001989611330391913]"
a3train-84b1ab0be9a30639a4fe,SHOT_1000,task-v2-693f08fcb4be,g-8c950d2bd101a5de,S2,10,2.4082399653118496,O3,0.1,1000,7304,240,46,46,22,EARLY_CONVERGENCE,0,True,0.11698032729327679,46000,0.09802325581395344,1.420286882685846,0.1580859142466178,0.042353182014223736,0.26791243366661854,1.6071331405097535,"[6.0424295204816625, 4.371920049239261, 0.0007216680658257855, 2.6187764087211045, 0.129760515853316, -0.005392874228624371]"
a3train-856d7226bf1444fb1985,SHOT_1000,task-v2-8b88de51ba21,g-f0c91af33253395a,S3,13,3.9133899436317554,O3,0.1,1000,7301,240,47,47,22,EARLY_CONVERGENCE,0,True,0.2948031397536397,47000,0.5293980848153216,1.6850876803425596,0.0412140321310739,0.0412140321310739,1.0,2.528435048974418,"[5.309891519817188, 4.654729192709959, 0.018269758131047687, 2.4047743043765437, 0.1626039270270461, -0.008804480332495992]"
a3train-86de6e0d55dd0aa29314,SHOT_1000,task-v2-0880cdc8b47d,g-b9a8415aa1799cc5,S5,19,5.719569917615643,O0,0.1,1000,7302,240,48,48,23,EARLY_CONVERGENCE,0,True,39.85101311933249,48000,1.6253439954353899,1.653603483852368,0.0004228704586856653,0.0004228704586856653,1.0,2.345777264436873,"[4.207910615705045, 6.192647554364237, -0.026752794019037178, 0.5998024909405196, -1.0611095596339832, -0.004546916864459568]"
a3train-8addb97c790aada93fe0,SHOT_1000,task-v2-07632e755d52,g-a529fbde22ed09f4,S1,7,1.630088714928206,O0,0.1,1000,7301,240,51,51,25,EARLY_CONVERGENCE,0,True,0.11571704782545567,51000,1.2046503542461586,1.267904801660242,0.2396092880192485,0.09839141550293165,0.4106327276220928,1.0095923636092785,"[2.258590220728301, 4.291481539362596, 0.4787816598110176, 3.1428140713391897, -0.47526069954033967, 0.04155398600849946]"
a3train-8c5490127cbbaeed537c,SHOT_10000,task-v2-8d35df6592f7,g-64377640089a831f,S3,13,3.0682919036174985,O0,0.1,10000,7302,240,44,44,20,EARLY_CONVERGENCE,0,True,0.316659614443779,440000,1.3345828125891457,1.3483095621116732,0.07714439777383336,0.011994805205266431,0.15548511040856106,1.9555962966964944,"[5.959995963281283, 4.702904405863104, 2.6167253152223893e-05, 2.4815898103396217, 0.12796304432732067, 8.045632161388376e-05]"
a3train-8c5d6c03d512bdea0676,SHOT_1000,task-v2-0880cdc8b47d,g-b9a8415aa1799cc5,S5,19,5.719569917615643,O0,0.1,1000,7303,240,48,48,22,EARLY_CONVERGENCE,0,True,60.33309205900878,48000,1.6113918872619628,1.6391480359256998,0.00023367600482583197,0.00023367600482583197,1.0,2.08818403648302,"[4.267777195618713, 6.7193691175204355, 0.0, 0.5974769423783285, -1.060293639145134, -0.0001139818128998043]"
a3train-904810a691f3d4ff86ef,SHOT_10000,task-v2-8b88de51ba21,g-f0c91af33253395a,S3,13,3.9133899436317554,O3,0.1,10000,7301,240,50,50,24,EARLY_CONVERGENCE,0,True,0.48679868038743734,500000,0.6006668946648426,1.7226063264081577,0.03929272401194951,0.03929272401194951,1.0,2.507702081436948,"[5.30184686068273, 4.69300654060011, -0.000571083419029396, 2.3427730782510015, 0.1658967650596153, 0.04684388583431992]"
a3train-93b14a617ad52e18c492,SHOT_1000,task-v2-8ea177161d6a,g-4a80ed839b63ddd7,S5,19,4.640388671568018,O3,0.1,1000,7302,240,52,52,25,EARLY_CONVERGENCE,0,True,64.91144469287246,52000,0.9071247357293869,1.6563956338840056,0.008547914161235888,0.0020207979629271074,0.2364083125789056,2.5722488238657624,"[4.061948635893519, 4.085729365653141, -0.009919269059909669, 3.3729385531426357, -0.9508628698224078, 0.23940643691723534]"
a3train-943ad3087efd1b3357af,SHOT_1000,task-v2-8d35df6592f7,g-64377640089a831f,S3,13,3.0682919036174985,O0,0.1,1000,7302,240,48,48,22,EARLY_CONVERGENCE,0,True,0.24521022383123636,48000,1.3111129963489303,1.3496979181389672,0.07750130086211784,0.012045874302187932,0.15542802724845461,1.9576008958334614,"[5.9538921796029305, 4.702713115145874, -0.025003941225198854, 2.4819028610526868, 0.12842989943309835, 0.0011840745117242524]"
a3train-946f6b856d9ed9516121,SHOT_10000,task-v2-07632e755d52,g-a529fbde22ed09f4,S1,7,1.630088714928206,O3,0.1,10000,7305,240,46,46,27,EARLY_CONVERGENCE,0,True,0.10843588784337044,460000,0.052325581395348826,1.2373877527038526,0.2530761538121439,0.10240873013093126,0.4046557867595393,1.033339940466956,"[2.250200247560789, 4.270793580028745, 0.5, 3.151499755542524, -0.47765860019613887, 0.0]"
a3train-960bc167f0cfba46bbf8,SHOT_10000,task-v2-0880cdc8b47d,g-b9a8415aa1799cc5,S5,19,5.719569917615643,O3,0.1,10000,7304,240,51,51,25,EARLY_CONVERGENCE,0,True,76.79282903391868,510000,1.036056589147287,1.6543586196808846,0.0004350013371248021,0.0004350013371248021,1.0,2.3580605095243734,"[4.205277299553629, 6.194376707880534, 0.0, 0.5974769423783285, -1.0609096427095384, 0.0]"
a3train-96fb1cf4360a5f8d1d2e,SHOT_1000,task-v2-0880cdc8b47d,g-b9a8415aa1799cc5,S5,19,5.719569917615643,O3,0.1,1000,7304,240,52,52,25,EARLY_CONVERGENCE,0,True,67.62294639088213,52000,0.9978285569811017,1.6818300267278892,0.0004398479451361669,0.0004398479451361669,1.0,2.3628724850077947,"[3.703581457633947, 6.189206611129206, 0.5253582136291958, 0.5984968233435324, -1.060295371207265, 0.0014891895988605667]"
a3train-99c2166d8eb06af49495,SHOT_10000,task-v2-30409dd5a775,g-686fdbb6f8f550f1,S2,10,3.010299956639812,O0,0.1,10000,7302,240,52,52,26,EARLY_CONVERGENCE,0,True,0.1725339386612177,520000,1.7229856061168587,1.7363262506341721,0.00012978076688989048,0.00012978076688989048,1.0,-0.8764897072324473,"[2.3888156627226134, 4.614034119910873, 0.02229146971280893, 3.828345353741141, -1.0686870991603612, -0.04975945566652379]"
a3train-9cb239e0e3fbd69ee2ea,SHOT_10000,task-v2-30409dd5a775,g-686fdbb6f8f550f1,S2,10,3.010299956639812,O0,0.1,10000,7305,240,52,52,25,EARLY_CONVERGENCE,0,True,0.16522442270070314,520000,1.7603083068520184,1.7682181889382538,0.00040395274268999426,0.00040395274268999426,1.0,-0.38336948218378386,"[1.8882159015902389, 4.644418931901514, 7.326997199000345e-05, 3.7650218658015424, -1.036873176610842, -0.003392576778174676]"
a3train-9dd5c53581aacc373d1e,SHOT_1000,task-v2-8ea177161d6a,g-4a80ed839b63ddd7,S5,19,4.640388671568018,O3,0.1,1000,7301,240,53,53,26,EARLY_CONVERGENCE,0,True,66.37266815453768,53000,0.9629756871035942,1.6069983461562547,0.004532313194225732,0.0010684107774493615,0.2357318948766693,2.2967085846358737,"[3.5086282937030004, 3.558143652230841, -0.02566592563764681, 3.414170933210515, -0.8912776983510964, -0.0004542763126799115]"
a3train-a016222ce4935ec41c05,SHOT_10000,task-v2-8b88de51ba21,g-f0c91af33253395a,S3,13,3.9133899436317554,O3,0.1,10000,7302,240,50,50,26,EARLY_CONVERGENCE,0,True,0.3499486902728677,500000,0.5426337209302325,1.8756587001131275,0.04717524547325688,0.04717524547325688,1.0,2.587104112297099,"[5.327292883726735, 4.625004987127848, -0.029188205948703624, 2.410003131978754, 0.2443048767554792, 0.04193570065130031]"
a3train-a36fdf3f1a70c5c9d8af,SHOT_1000,task-v2-0880cdc8b47d,g-b9a8415aa1799cc5,S5,19,5.719569917615643,O3,0.1,1000,7305,240,52,52,26,EARLY_CONVERGENCE,0,True,63.31888972502202,52000,1.0248759689922478,1.653717219720383,0.0004354695416189158,0.0004354695416189158,1.0,2.358527701828609,"[4.230061463222614, 6.190691596305018, -0.00314863153873573, 0.5975792914692757, -1.0618168696690098, 0.0007678453628253708]"
a3train-a49a0547a0a5950aaf88,SHOT_1000,task-v2-693f08fcb4be,g-8c950d2bd101a5de,S2,10,2.4082399653118496,O3,0.1,1000,7301,240,48,48,23,EARLY_CONVERGENCE,0,True,0.13179978728294373,48000,0.09837209302325578,1.44239160966533,0.15075283757456925,0.036652368734683034,0.24312888118310275,1.5865054607932214,"[6.042905981218279, 4.872320964844082, 0.002345999191477829, 2.6152236823306922, 0.13156237080427657, -0.0041617912853919685]"
a3train-a58c4df2e53c080a5866,SHOT_10000,task-v2-cb6317a18cf3,g-f6afb3a3727100d3,S4,16,3.816479930623699,O3,0.1,10000,7301,240,53,53,28,EARLY_CONVERGENCE,0,True,2.4850189266726375,530000,0.4337939276485788,1.3160645107189075,0.05917053593883118,0.010818529009030771,0.1828364208195555,2.588585433553287,"[6.478200045226741, 7.5576714315802755, 0.4900260611407082, 2.7265330580977394, -0.24859093846006117, -0.0766292818561115]"
a3train-a5ca9fd99ff33a129bf7,SHOT_10000,task-v2-0880cdc8b47d,g-b9a8415aa1799cc5,S5,19,5.719569917615643,O0,0.1,10000,7303,240,66,66,34,EARLY_CONVERGENCE,0,True,90.97787844575942,660000,1.5268476312692356,1.5373073774386108,0.0009134268438490881,0.0009134268438490881,1.0,2.6802436881494067,"[4.2852088637739545, 6.678954379114844, 0.5306483876609503, 0.729810843284323, -1.029284696480127, -0.12669592171932267]"
a3train-a69c9012ed491f0d1a9f,SHOT_1000,task-v2-8d35df6592f7,g-64377640089a831f,S3,13,3.0682919036174985,O0,0.1,1000,7303,240,47,47,23,EARLY_CONVERGENCE,0,True,0.2518287245184183,47000,1.3223748573039042,1.353857009413597,0.08165482539004411,0.01255304112412682,0.15373299819287067,1.9802737580710437,"[5.957669665372158, 4.679554073166757, 0.49076727403944903, 2.5247431052058493, 0.122914359384399, -0.00023973764908067849]"
a3train-aa525602cb0094c36287,SHOT_1000,task-v2-00b7b12999ba,g-28cd30a80498cca2,S4,16,4.816479930623699,O3,0.1,1000,7302,240,53,53,27,EARLY_CONVERGENCE,0,True,2.341058182530105,53000,0.9883078335373315,1.490857408597502,0.0036090890065414447,0.0036090890065414447,1.0,2.373877523288124,"[3.1613734823476607, 5.640543306599469, 0.5024214809682992, 3.1827758481622523, -0.5602739306424042, -0.1856181866669694]"
a3train-aae92d42b4d386a60272,SHOT_1000,task-v2-6dd269836f23,g-c45ecbe0242c6377,S1,7,2.1072099696478683,O3,0.1,1000,7302,240,46,46,22,EARLY_CONVERGENCE,0,True,0.1090653957799077,46000,0.1642463780968253,1.7159739218941683,0.076822392557939,0.076822392557939,1.0,0.992697798362601,"[5.985757842420007, 3.9217268319202803, -0.0015353732013103465, 2.5922441254003545, 0.17864777767543355, -0.004801155915159578]"
a3train-ab32fae760009ea3415e,SHOT_10000,task-v2-cb6317a18cf3,g-f6afb3a3727100d3,S4,16,3.816479930623699,O0,0.1,10000,7302,240,52,52,26,EARLY_CONVERGENCE,0,True,2.340291769243777,520000,1.1914568151870102,1.1997877840966822,0.03605581990783944,0.0063298095670637315,0.1755558349038534,2.3734553064713193,"[6.4509859686889275, 7.033578618430342, 0.4683590239685063, 2.561432814356734, -0.21501053175627846, -0.09704182913238499]"
a3train-ab4c0038af221f851556,SHOT_1000,task-v2-cb6317a18cf3,g-f6afb3a3727100d3,S4,16,3.816479930623699,O0,0.1,1000,7301,240,55,55,26,EARLY_CONVERGENCE,0,True,2.4827963523566723,55000,1.185882455600097,1.2090927731686774,0.04607594171868536,0.008038325114857777,0.1744581839246047,2.47995415089135,"[6.472332112435243, 7.04926049089537, -0.0010972672398579788, 2.6235585482046058, -0.2393677158719251, -0.0024235670787075485]"
a3train-ac98957ed767c3a4d0b9,SHOT_10000,task-v2-6dd269836f23,g-c45ecbe0242c6377,S1,7,2.1072099696478683,O0,0.1,10000,7302,240,48,48,23,EARLY_CONVERGENCE,0,True,0.11107414308935404,480000,1.6790942630947385,1.6987820084407266,0.07619822083423354,0.07619822083423354,1.0,0.9891548006870038,"[5.4840160911681926, 3.896849879702059, 0.0, 2.590006968364096, 0.17814794985058188, 0.0]"
a3train-b09fb10f37a1bbde2ba0,SHOT_1000,task-v2-07632e755d52,g-a529fbde22ed09f4,S1,7,1.630088714928206,O3,0.1,1000,7303,240,36,36,20,EARLY_CONVERGENCE,0,True,0.0672139236703515,36000,0.05232558139534881,1.2373877527038526,0.2530761538121439,0.10240873013093126,0.4046557867595393,1.033339940466956,"[2.250200247560789, 4.270793580028745, 0.5, 3.151499755542524, -0.47765860019613887, 0.0]"
a3train-b0ccdbd5fe6f40e50b8b,SHOT_1000,task-v2-8ea177161d6a,g-4a80ed839b63ddd7,S5,19,4.640388671568018,O0,0.1,1000,7305,240,52,52,25,EARLY_CONVERGENCE,0,True,61.60236110910773,52000,1.5333403715737912,1.5847860276715116,0.00569769153358144,0.0017042048130215396,0.2991044360645328,2.396087604907817,"[4.056708128909791, 3.5597851000786895, -0.00015937795150905033, 3.4119776498328145, -0.8930977871001344, 0.002365417839132535]"
a3train-b0dd10085c3ab82c1e3a,SHOT_1000,task-v2-cb6317a18cf3,g-f6afb3a3727100d3,S4,16,3.816479930623699,O0,0.1,1000,7304,240,50,50,24,EARLY_CONVERGENCE,0,True,2.157916466705501,50000,1.1943162558051195,1.2301806277963387,0.04217169232876523,0.006778244440544614,0.16072972333437013,2.4415009600070032,"[5.9679968705312465, 7.049481612521294, 0.5040075884864187, 2.6211805708584013, -0.239260447590044, 0.0016041989814746527]"
a3train-b23da67469c958ce762a,SHOT_10000,task-v2-693f08fcb4be,g-8c950d2bd101a5de,S2,10,2.4082399653118496,O3,0.1,10000,7303,240,50,50,24,EARLY_CONVERGENCE,0,True,0.16220080573111773,500000,0.10033720930232556,1.4157558570412019,0.15409083127317968,0.04541224060427313,0.2947108548188965,1.5960167633688263,"[6.542431606209117, 4.371955246309704, 0.0, 2.6159270345401393, 0.13090374682834627, 0.0]"
a3train-b36957f98412e07e0699,SHOT_10000,task-v2-8ea177161d6a,g-4a80ed839b63ddd7,S5,19,4.640388671568018,O0,0.1,10000,7304,240,52,52,25,EARLY_CONVERGENCE,0,True,69.45238694921136,520000,1.5572566795408613,1.5698538435418317,0.005312686956315885,0.0014279756097987505,0.2687859498480575,2.36570289795207,"[4.026039172637598, 4.0670801038558775, 0.4881317089122177, 3.393375647509879, -0.9240641826029637, -0.029554851646162207]"
a3train-b36a388e0c149413abe1,SHOT_1000,task-v2-30409dd5a775,g-686fdbb6f8f550f1,S2,10,3.010299956639812,O3,0.1,1000,7303,240,47,47,23,EARLY_CONVERGENCE,0,True,0.11630374379456043,47000,0.9526690839336734,2.251681195457403,0.011456747123285548,0.011456747123285548,1.0,1.0693612839621978,"[1.829918349216003, 4.159400732676629, -0.0354400299165359, 3.746670455946189, -1.0103971300366024, 0.44147537412780924]"
a3train-b57e52368f178fb97fba,SHOT_1000,task-v2-0880cdc8b47d,g-b9a8415aa1799cc5,S5,19,5.719569917615643,O0,0.1,1000,7305,240,46,46,21,EARLY_CONVERGENCE,0,True,57.37598839122802,46000,1.5969036537016303,1.6390923541005156,0.00023963560939255555,0.00023963560939255555,1.0,2.0991212714564638,"[4.267775920941651, 6.694376707880534, 0.0, 0.5974769423783285, -1.061324762688063, 0.0]"
a3train-b951b1bb1dc26e490765,SHOT_10000,task-v2-8ea177161d6a,g-4a80ed839b63ddd7,S5,19,4.640388671568018,O0,0.1,10000,7301,240,54,54,27,EARLY_CONVERGENCE,0,True,74.60418186429888,540000,1.5269879170675809,1.5511575131977975,0.006801038573356751,0.00173214597970297,0.2546884510387425,2.472963909603211,"[4.0972340179286695, 4.101591721507828, 0.4934871705804723, 3.3879730785996465, -0.8942957474864051, -0.07471262483698168]"
a3train-b9cdb1d0074707073074,SHOT_10000,task-v2-00b7b12999ba,g-28cd30a80498cca2,S4,16,4.816479930623699,O3,0.1,10000,7305,240,51,51,24,EARLY_CONVERGENCE,0,True,2.3188132755458355,510000,1.0291805385556916,1.5194265999004344,0.0018965113884276067,0.0018965113884276067,1.0,2.0944353855804714,"[2.574261443816801, 5.1078739391088925, 0.471569657484817, 3.2249468360712963, -0.7600433770923807, -0.0033008402212124895]"
a3train-bb4ead920fad4c37ebb5,SHOT_10000,task-v2-6dd269836f23,g-c45ecbe0242c6377,S1,7,2.1072099696478683,O3,0.1,10000,7305,240,50,50,25,EARLY_CONVERGENCE,0,True,0.13575139828026295,500000,0.1265027417362778,1.7759646489952365,0.09172557153584482,0.09172557153584482,1.0,1.0697003961438867,"[5.528662448970766, 4.370838900876742, -0.0009716483402381231, 2.6553015028710427, 0.16017350677851463, 0.057803079933976466]"
a3train-bb7a09c7dac686a65ace,SHOT_10000,task-v2-0880cdc8b47d,g-b9a8415aa1799cc5,S5,19,5.719569917615643,O3,0.1,10000,7302,240,48,48,23,EARLY_CONVERGENCE,0,True,72.67474721651524,480000,1.036180609878354,1.683144769290524,0.0003892229655300155,0.0003892229655300155,1.0,2.3097683748766773,"[3.7053017887653685, 6.194400440196153, 3.2043036666130186e-05, 0.5979288458378643, -1.054506044647513, -0.02416169541697744]"
a3train-bc0ea7ef40de52ffcabd,SHOT_10000,task-v2-07632e755d52,g-a529fbde22ed09f4,S1,7,1.630088714928206,O0,0.1,10000,7304,240,52,52,26,EARLY_CONVERGENCE,0,True,0.12217895034700632,520000,1.2060295679622894,1.2194819569183308,0.2500382477959042,0.09656183138702058,0.3861882421518166,1.0280951617449725,"[2.182439481360971, 4.259261534883953, 0.4875750299111237, 3.1748026926744486, -0.49957700491234597, -0.09086772837976469]"
a3train-bc8eaedb29452f3c87ba,SHOT_10000,task-v2-8d35df6592f7,g-64377640089a831f,S3,13,3.0682919036174985,O3,0.1,10000,7303,240,52,52,25,EARLY_CONVERGENCE,0,True,0.3610780844464898,520000,0.15962645348837207,1.355249532717604,0.08717907503480854,0.01335629175092838,0.1532052473095812,2.0087041604830405,"[6.024354037466553, 4.736838609253981, 0.4881704405241734, 2.5288608820684417, 0.13838086468060945, 7.703385119978362e-05]"
a3train-c0a4389cd76cfe87cc04,SHOT_1000,task-v2-693f08fcb4be,g-8c950d2bd101a5de,S2,10,2.4082399653118496,O3,0.1,1000,7302,240,47,47,24,EARLY_CONVERGENCE,0,True,0.11298373062163591,47000,0.0984883720930232,1.4571508418529713,0.1521864331413721,0.040695740853539164,0.2674071532758459,1.5906159037223786,"[6.579980873619295, 4.410744329114116, -0.034811533165779195, 2.655258121777631, 0.14395396806907768, 0.04104014104195012]"
a3train-c0ed4db787df3cb55073,SHOT_10000,task-v2-30409dd5a775,g-686fdbb6f8f550f1,S2,10,3.010299956639812,O3,0.1,10000,7304,240,49,49,23,EARLY_CONVERGENCE,0,True,0.1584674222394824,490000,1.1094209482056523,1.7768749725149209,0.0009009837233257973,0.0009009837233257973,1.0,-0.03498309803444441,"[2.389711988245503, 4.121138451289426, 0.5024641405231678, 3.7643856969330725, -1.0334517535414582, 0.00023908893193692307]"
a3train-c3f6342e78368f9535b9,SHOT_10000,task-v2-30409dd5a775,g-686fdbb6f8f550f1,S2,10,3.010299956639812,O3,0.1,10000,7305,240,54,54,28,EARLY_CONVERGENCE,0,True,0.1989911012351513,540000,1.0799843382717698,1.9290407550284552,0.004169919743870015,0.004169919743870015,1.0,0.6304276530692519,"[2.3642777497156278, 4.1625436818052854, 0.34483723356823337, 3.7292469719140597, -0.9066966105947415, 0.034499233557671684]"
a3train-c48b0b6958ff41215727,SHOT_10000,task-v2-693f08fcb4be,g-8c950d2bd101a5de,S2,10,2.4082399653118496,O3,0.1,10000,7304,240,48,48,24,EARLY_CONVERGENCE,0,True,0.17450561840087175,480000,0.10005232558139533,1.4296172516461603,0.16358445318447398,0.04350403168392915,0.2659423364326053,1.6219819919269283,"[6.04394907094269, 4.37478089924422, 0.5242520149220985, 2.667025561701624, 0.154686203074324, -0.04196765257630133]"
a3train-ca357b9a479aefe898fb,SHOT_10000,task-v2-6dd269836f23,g-c45ecbe0242c6377,S1,7,2.1072099696478683,O0,0.1,10000,7301,240,47,47,22,EARLY_CONVERGENCE,0,True,0.11669183149933815,470000,1.6802706472063138,1.69883845019437,0.07779363265482854,0.07779363265482854,1.0,0.998154021444265,"[5.486142993732212, 3.922090740281407, -0.0002383558305345646, 2.595735010160222, 0.17469184782792727, 0.0023004058085354614]"
a3train-cae550d0961aa4d651a3,SHOT_1000,task-v2-07632e755d52,g-a529fbde22ed09f4,S1,7,1.630088714928206,O3,0.1,1000,7301,240,42,42,27,EARLY_CONVERGENCE,0,True,0.06753937341272831,42000,0.05232558139534881,1.3058388982297555,0.21145693562151036,0.09534385991433174,0.45089019962432925,0.9553106491628521,"[2.750200247560789, 4.270793580028745, 0.0, 3.151499755542524, -0.47765860019613887, 0.0]"
a3train-cb49898696840e74462a,SHOT_1000,task-v2-6dd269836f23,g-c45ecbe0242c6377,S1,7,2.1072099696478683,O3,0.1,1000,7305,240,49,49,23,EARLY_CONVERGENCE,0,True,0.08599866647273302,49000,0.11458369867505225,1.7110732429945736,0.08071799487956909,0.08071799487956909,1.0,1.014180334676096,"[5.981520753890627, 3.923136879689779, -0.017046326252101365, 2.607012368160719, 0.17206415344340129, -0.004405546164397352]"
a3train-cb7d43257ea7c5fb7bc9,SHOT_10000,task-v2-8b88de51ba21,g-f0c91af33253395a,S3,13,3.9133899436317554,O0,0.1,10000,7304,240,48,48,22,EARLY_CONVERGENCE,0,True,0.34860694874078035,480000,1.6159139850183921,1.6317387708703324,0.03093757090656818,0.03093757090656818,1.0,2.4038761552805834,"[5.799879129826974, 4.670564834126915, 0.0, 2.3636162353195824, 0.15598673946110303, 0.0]"
a3train-cd6d5351427898d60f8c,SHOT_10000,task-v2-693f08fcb4be,g-8c950d2bd101a5de,S2,10,2.4082399653118496,O0,0.1,10000,7302,240,48,48,22,EARLY_CONVERGENCE,0,True,0.16505583561956882,480000,1.4047607238719426,1.4225578672580936,0.1508101111598351,0.04493258333860477,0.29794145096135677,1.5866704253715507,"[6.604874448755911, 4.371996159217118, 0.5007875447853323, 2.6137609869429093, 0.1305326045122165, 0.0009660198882937748]"
a3train-d03f5028139f82254c88,SHOT_1000,task-v2-cb6317a18cf3,g-f6afb3a3727100d3,S4,16,3.816479930623699,O0,0.1,1000,7302,240,52,52,24,EARLY_CONVERGENCE,0,True,2.42704819701612,52000,1.1842921526473051,1.2088649955857758,0.04645501316525655,0.008106136856299323,0.17449433987808788,2.48351251811436,"[6.467446599410733, 7.049525663741324, 0.5, 2.6235226018942477, -0.23850154577660865, 0.0]"
a3train-d0c46865114fb4e0dbfd,SHOT_1000,task-v2-8ea177161d6a,g-4a80ed839b63ddd7,S5,19,4.640388671568018,O0,0.1,1000,7302,240,51,51,25,EARLY_CONVERGENCE,0,True,42.0381803708151,51000,1.5466960673076138,1.5792296007390505,0.006201984206960585,0.0020211959608822205,0.3258950512343776,2.432919327561779,"[4.034007130099016, 4.086362636760074, 0.526490569121243, 3.409435618649266, -0.8902842582318944, 0.00288123523613396]"
a3train-d29ac42a8a22a832aacf,SHOT_1000,task-v2-8d35df6592f7,g-64377640089a831f,S3,13,3.0682919036174985,O3,0.1,1000,7301,240,47,47,23,EARLY_CONVERGENCE,0,True,0.29815167747437954,47000,0.09499999999999996,1.3471605408498681,0.08510860556192325,0.01309888101376089,0.15390783255437568,1.9982653786151756,"[6.025748389076696, 4.691752224830009, -0.02599764407096172, 2.533831565951172, 0.12256129260523531, 0.004615663220302122]"
a3train-d4d5a84926fbb8139a2f,SHOT_10000,task-v2-8d35df6592f7,g-64377640089a831f,S3,13,3.0682919036174985,O0,0.1,10000,7305,240,52,52,26,EARLY_CONVERGENCE,0,True,0.3824443267658353,520000,1.323898553123117,1.3376688401088688,0.0800403073829488,0.012479421460630769,0.15591421208471387,1.971600651428526,"[6.023949118916634, 4.70306602697418, 0.0007543291573715387, 2.490681834929035, 0.13204536396700334, -0.002396158835068763]"
a3train-d70fed679a4904047565,SHOT_1000,task-v2-30409dd5a775,g-686fdbb6f8f550f1,S2,10,3.010299956639812,O0,0.1,1000,7301,240,53,53,27,EARLY_CONVERGENCE,0,True,0.14690908882766962,53000,1.7382769320710718,1.7820730156509845,0.0007227058877227663,0.0007227058877227663,1.0,-0.1307384505280371,"[1.8649694950735272, 4.121967162830285, 0.0010048995584781009, 3.758902415856587, -1.0355267530961931, -0.0044633269277149805]"
a3train-d9b1a846206628b085dd,SHOT_10000,task-v2-8b88de51ba21,g-f0c91af33253395a,S3,13,3.9133899436317554,O0,0.1,10000,7301,240,52,52,26,EARLY_CONVERGENCE,0,True,0.33352803252637386,520000,1.5916575040681091,1.606255802216938,0.018717897228969084,0.018717897228969084,1.0,2.1856470020750147,"[5.824656160831226, 4.170894299745304, -0.004590181521068868, 2.3617330023541956, 0.15677724548225322, -0.00047158394412604766]"
a3train-da3a665b3adf21148fdf,SHOT_1000,task-v2-6dd269836f23,g-c45ecbe0242c6377,S1,7,2.1072099696478683,O0,0.1,1000,7304,240,50,50,25,EARLY_CONVERGENCE,0,True,0.08849893882870674,50000,1.6407872448086818,1.7022882266765054,0.07866112397140822,0.07866112397140822,1.0,1.0029701173037595,"[5.504345754030735, 3.9234938451534673, -0.0011833759822550834, 2.579712397624523, 0.16003291530205194, 0.04401651388917145]"
a3train-da95d5ba35f5e8e0ef9e,SHOT_1000,task-v2-30409dd5a775,g-686fdbb6f8f550f1,S2,10,3.010299956639812,O0,0.1,1000,7304,240,50,50,24,EARLY_CONVERGENCE,0,True,0.1332403589040041,50000,1.7510883033249476,1.7806712348499203,0.0006854776454994821,0.0006854776454994821,1.0,-0.15370674702754145,"[1.8895394156427372, 4.121214005078079, 0.5000531486324249, 3.7657802001284013, -1.0375011886003471, 6.32957918923469e-06]"
a3train-dc87e76e741b693cb7c1,SHOT_10000,task-v2-693f08fcb4be,g-8c950d2bd101a5de,S2,10,2.4082399653118496,O0,0.1,10000,7304,240,46,46,22,EARLY_CONVERGENCE,0,True,0.16030660178512335,460000,1.4013742915862122,1.4157515483775622,0.15408605015136007,0.04541284939622695,0.29472395036161625,1.5960032878945198,"[6.542447551399373, 4.371921722496185, 0.49999642537867034, 2.615921029413582, 0.13087124174416978, -4.0601570011021554e-06]"
a3train-dcfd1556ca3f5203dec5,SHOT_10000,task-v2-8d35df6592f7,g-64377640089a831f,S3,13,3.0682919036174985,O3,0.1,10000,7305,240,49,49,25,EARLY_CONVERGENCE,0,True,0.3410611441358924,490000,0.18405668604651157,1.4071723787359867,0.0842525736304092,0.013252341539745026,0.1572930175151572,1.9938750795871516,"[5.955949027908956, 4.683480020732558, 0.002312073860284287, 2.4842442537634684, 0.13675886217876762, 0.05024233938951224]"
a3train-dd64a933b8a223448661,SHOT_1000,task-v2-07632e755d52,g-a529fbde22ed09f4,S1,7,1.630088714928206,O3,0.1,1000,7305,240,50,50,23,EARLY_CONVERGENCE,0,True,0.10738596506416798,50000,0.05232558139534881,1.3058388982297555,0.2114569356215104,0.09534385991433174,0.45089019962432914,0.9553106491628524,"[2.750200247560789, 4.270793580028745, 0.5, 3.151499755542524, -0.47765860019613887, 0.0]"
a3train-dd73aa4fc6f5d8ac7946,SHOT_10000,task-v2-8b88de51ba21,g-f0c91af33253395a,S3,13,3.9133899436317554,O3,0.1,10000,7303,240,51,51,26,EARLY_CONVERGENCE,0,True,0.38860523514449596,510000,0.4795099179206566,1.7336530657082696,0.05197541560710305,0.05197541560710305,1.0,2.629187914365418,"[5.365611271178447, 4.641706975619528, 0.5005659915522199, 2.4441889414541262, 0.21534396431465386, -0.017243538734941763]"
a3train-de121a7649783b3d00e8,SHOT_10000,task-v2-cb6317a18cf3,g-f6afb3a3727100d3,S4,16,3.816479930623699,O3,0.1,10000,7305,240,53,53,27,EARLY_CONVERGENCE,0,True,2.492657782509923,530000,0.3794147286821706,1.2714729024229547,0.06503225689928131,0.011893474172111382,0.1828857668361625,2.629608756781314,"[6.47762427635102, 7.553025385017465, 0.484513359127208, 2.681492991044547, -0.2018431733359075, -0.07057824549862542]"
a3train-df95ddc3c9be76a1930b,SHOT_1000,task-v2-6dd269836f23,g-c45ecbe0242c6377,S1,7,2.1072099696478683,O3,0.1,1000,7304,240,48,48,22,EARLY_CONVERGENCE,0,True,0.10078671760857105,48000,0.1642463780968253,1.739782155361184,0.07612339351793138,0.07612339351793138,1.0,0.9887281101832567,"[5.48375336259264, 4.420626544706105, 0.5020832269078237, 2.5902018818843624, 0.17559825907403134, -9.978957908306529e-05]"
a3train-e06bffe2d1cc7b806dd1,SHOT_10000,task-v2-8b88de51ba21,g-f0c91af33253395a,S3,13,3.9133899436317554,O3,0.1,10000,7304,240,56,56,29,EARLY_CONVERGENCE,0,True,0.37988114450126886,560000,0.443875512995896,1.8608616867730476,0.05617409010867781,0.05617409010867781,1.0,2.6629259902061317,"[5.328993216792937, 4.722366913009646, -0.07365794059449965, 2.5057555785015215, 0.20431638845669886, 0.010679660153252809]"
a3train-e0ca358ee8e2ab1324a6,SHOT_10000,task-v2-0880cdc8b47d,g-b9a8415aa1799cc5,S5,19,5.719569917615643,O3,0.1,10000,7305,240,52,52,25,EARLY_CONVERGENCE,0,True,79.07067066431046,520000,1.0369834731205214,1.6798814677168603,0.0004408843354408341,0.0004408843354408341,1.0,2.3638945862934935,"[3.7052296235572184, 6.194383846005853, -4.2303601290917676e-05, 0.5974109296426244, -1.0609236704193632, 3.6496492063987996e-05]"
a3train-e164d1b2487350123d45,SHOT_1000,task-v2-8ea177161d6a,g-4a80ed839b63ddd7,S5,19,4.640388671568018,O0,0.1,1000,7301,240,49,49,24,EARLY_CONVERGENCE,0,True,45.4703118680045,49000,1.5423601502556712,1.5852598273600327,0.00450226244001173,0.00133720909945283,0.2970082524663636,2.2938194782980417,"[4.024207545574299, 4.06489440486661, -0.01674089436328723, 3.3981370638184583, -0.930769297134289, -0.009709118145163342]"
a3train-e1685f4ba7c39b2375de,SHOT_1000,task-v2-693f08fcb4be,g-8c950d2bd101a5de,S2,10,2.4082399653118496,O0,0.1,1000,7304,240,49,49,24,EARLY_CONVERGENCE,0,True,0.1147954510524869,49000,1.3738516248778283,1.4200050139114566,0.15813050823857785,0.0424876303199633,0.2686871166938925,1.607255632090744,"[6.0458066589563, 4.371980094234776, 0.0016235863369943608, 2.611088978018965, 0.14077250304258876, -0.004628523395474409]"
a3train-e5daf14f18530b0357ac,SHOT_10000,task-v2-07632e755d52,g-a529fbde22ed09f4,S1,7,1.630088714928206,O0,0.1,10000,7301,240,51,51,25,EARLY_CONVERGENCE,0,True,0.12633537966758013,510000,1.2237580288469372,1.23790450414047,0.25386768116839953,0.10270204857057105,0.4045495200408953,1.0346961311086909,"[2.258399777457697, 4.272197101558153, 0.0023988907034090583, 3.148206936253344, -0.4698422372324855, 0.004182964865760612]"
a3train-e6726af48073d8b353ce,SHOT_10000,task-v2-8d35df6592f7,g-64377640089a831f,S3,13,3.0682919036174985,O0,0.1,10000,7303,240,50,50,23,EARLY_CONVERGENCE,0,True,0.36323721427470446,500000,1.3256869854994298,1.3359575018396201,0.07846831390913668,0.01223047152074345,0.1558650990628634,1.9629862244078793,"[6.0285804015806566, 4.727721204395804, 0.5250006970016302, 2.481417684379531, 0.12941575299756636, -0.002439679825337725]"
a3train-e7007f910c273ff5d104,SHOT_10000,task-v2-6dd269836f23,g-c45ecbe0242c6377,S1,7,2.1072099696478683,O0,0.1,10000,7303,240,48,48,24,EARLY_CONVERGENCE,0,True,0.11792961228638887,480000,1.6863682390161054,1.7009269334633528,0.0749310176120609,0.0749310176120609,1.0,0.9818716002881663,"[5.460668372512312, 3.924421377039622, -0.0019136350297162905, 2.587688108899513, 0.17461128169369972, -0.002871943433499286]"
a3train-e7d883b7a57781f1d4f9,SHOT_1000,task-v2-00b7b12999ba,g-28cd30a80498cca2,S4,16,4.816479930623699,O0,0.1,1000,7304,240,52,52,25,EARLY_CONVERGENCE,0,True,2.332029419951141,52000,1.4748518187743225,1.5129374000942715,0.0017778034873888655,0.0017778034873888655,1.0,2.066363684412388,"[2.557043293116962, 5.106013071941124, 0.4972461826286678, 3.1878666797290327, -0.7657968118987233, -0.0027486145148628593]"
a3train-e999f3b6aa9912e55176,SHOT_1000,task-v2-00b7b12999ba,g-28cd30a80498cca2,S4,16,4.816479930623699,O0,0.1,1000,7303,240,49,49,24,EARLY_CONVERGENCE,0,True,2.166925184428692,49000,1.4756831500558645,1.5155867600908393,0.0018991372985225146,0.0018991372985225146,1.0,2.0950362939048137,"[3.0881727014498312, 5.117080521396635, -0.01850663639186884, 3.178490320399464, -0.7665229212577641, 0.003266158356397001]"
a3train-e9ff2cf84846da418981,SHOT_10000,task-v2-8ea177161d6a,g-4a80ed839b63ddd7,S5,19,4.640388671568018,O0,0.1,10000,7305,240,53,53,25,EARLY_CONVERGENCE,0,True,70.91430215165019,530000,1.5654837976930016,1.5745568742215132,0.006332310538717812,0.0020720296878098303,0.32721542557661454,2.4419508762334767,"[4.094070148221064, 4.085137058424973, 0.0009550371359133676, 3.410162046524177, -0.8934376253382146, 2.9490379042696357e-05]"
a3train-ea06c60a0d255782e32f,SHOT_10000,task-v2-693f08fcb4be,g-8c950d2bd101a5de,S2,10,2.4082399653118496,O0,0.1,10000,7305,240,47,47,22,EARLY_CONVERGENCE,0,True,0.15801755990833044,470000,1.406277987864224,1.4233155783059517,0.15077943770102614,0.045073701710699646,0.2989379878181685,1.5865820846846943,"[6.611176555999376, 4.346961648015198, -0.025000248804529817, 2.615958383777208, 0.1308044162803824, 0.000607310423062722]"
a3train-eb18134bfdf517b23da4,SHOT_1000,task-v2-07632e755d52,g-a529fbde22ed09f4,S1,7,1.630088714928206,O0,0.1,1000,7305,240,49,49,23,EARLY_CONVERGENCE,0,True,0.08622694201767445,49000,1.231490562642961,1.2943534000739012,0.2220189827118287,0.0935327942119379,0.4212828699127026,0.9764788233182695,"[2.244161574458849, 4.2662041009728435, 0.5023365411514348, 3.0746797186499886, -0.2537140695337988, -0.07990332160094961]"
a3train-ec785cee958b54d44cef,SHOT_10000,task-v2-8b88de51ba21,g-f0c91af33253395a,S3,13,3.9133899436317554,O0,0.1,10000,7302,240,52,52,25,EARLY_CONVERGENCE,0,True,0.3382016457617283,520000,1.5891764018372756,1.606695995541569,0.02018097904990671,0.02018097904990671,1.0,2.218332175188641,"[5.800537029466673, 4.171086599663552, 0.5001251122237989, 2.368034341953545, 0.15823051006970515, 0.0007594134735098466]"
a3train-ecf557acdeacf9663444,SHOT_1000,task-v2-cb6317a18cf3,g-f6afb3a3727100d3,S4,16,3.816479930623699,O3,0.1,1000,7305,240,48,48,22,EARLY_CONVERGENCE,0,True,2.116540306247771,48000,0.42915374677002577,1.2632905341271545,0.049486888409457294,0.008310882931531859,0.16794110922406652,2.5109700781288113,"[5.966755120400315, 7.574501278648904, 0.0030366512505769667, 2.6245897745315445, -0.23686044995685693, -0.000432681200656011]"
a3train-eee718f17b0a6628a2f9,SHOT_1000,task-v2-8b88de51ba21,g-f0c91af33253395a,S3,13,3.9133899436317554,O0,0.1,1000,7302,240,50,50,24,EARLY_CONVERGENCE,0,True,0.24979428481310606,50000,1.5714533750002229,1.6069564784914403,0.019292006464281815,0.019292006464281815,1.0,2.1987673424031353,"[5.799823125189163, 4.17056834935138, 0.002342222642928502, 2.36367252231837, 0.15677921210795018, 0.00036008761775465443]"
a3train-f12c6395e87e70eafb46,SHOT_10000,task-v2-cb6317a18cf3,g-f6afb3a3727100d3,S4,16,3.816479930623699,O0,0.1,10000,7303,240,50,50,24,EARLY_CONVERGENCE,0,True,2.2893824903294444,500000,1.203377183108978,1.2090284691057427,0.04608864285356042,0.008040797048582515,0.17446374097260603,2.480073850510258,"[6.467518325503171, 7.047976841885464, 0.49993695168798175, 2.622370968150076, -0.2384577687470209, 0.0017038044892431431]"
a3train-f1caa4de491de75a5594,SHOT_1000,task-v2-8d35df6592f7,g-64377640089a831f,S3,13,3.0682919036174985,O3,0.1,1000,7305,240,50,50,25,EARLY_CONVERGENCE,0,True,0.28800418227910995,50000,0.17436046511627906,1.3522319352213414,0.06731366882550095,0.011550718336021755,0.17159543577939565,1.8963951653560571,"[5.9817013948539834, 4.213825525736387, -0.0022638005876496462, 2.4894027797199505, 0.1368509822706701, 0.0037774350109070886]"
a3train-f351c5eddf99ca45995a,SHOT_1000,task-v2-cb6317a18cf3,g-f6afb3a3727100d3,S4,16,3.816479930623699,O3,0.1,1000,7302,240,49,49,24,EARLY_CONVERGENCE,0,True,2.150932090356946,49000,0.4172028423772609,1.227893078711081,0.05079136866709509,0.008716184448678768,0.17160759155374958,2.522269846475692,"[6.434017078478612, 7.049284538376694, -0.0024183277349441026, 2.6633077494333763, -0.22529100889348108, 0.0496174333020173]"
a3train-f442f2b12eb99f13db64,SHOT_1000,task-v2-07632e755d52,g-a529fbde22ed09f4,S1,7,1.630088714928206,O0,0.1,1000,7304,240,49,49,24,EARLY_CONVERGENCE,0,True,0.08535579591989517,49000,1.1905697098686914,1.2676590144854483,0.24587625782505146,0.0982053420738121,0.39940961743320585,1.0208053095742846,"[2.2544279956751754, 4.3174158415421715, 0.5024594143947859, 3.142922771135277, -0.4126674049294239, 0.013667945478090696]"
a3train-f4d012c7ea8ffbe9a16b,SHOT_10000,task-v2-0880cdc8b47d,g-b9a8415aa1799cc5,S5,19,5.719569917615643,O0,0.1,10000,7301,240,63,63,33,EARLY_CONVERGENCE,0,True,88.10284326598048,630000,1.5138074198456333,1.5275440083170175,0.0009313537067801548,0.0009313537067801548,1.0,2.688684565009242,"[4.272045534335535, 6.710389283553756, 0.5266212951109883, 0.7425281151955592, -1.0000026068811467, -0.1400979586524404]"
a3train-f53e3f3a6a479c3f9681,SHOT_10000,task-v2-00b7b12999ba,g-28cd30a80498cca2,S4,16,4.816479930623699,O3,0.1,10000,7302,240,52,52,25,EARLY_CONVERGENCE,0,True,2.4311301382258534,520000,1.0263436352509179,1.5302290325294938,0.0019523321192965789,0.0019523321192965789,1.0,2.1070336298707226,"[3.140532007049068, 5.118878189165675, 0.4723209686223012, 3.226539392428728, -0.7695700361757116, -0.008989690443106541]"
a3train-f56428962458ca06926f,SHOT_10000,task-v2-07632e755d52,g-a529fbde22ed09f4,S1,7,1.630088714928206,O3,0.1,10000,7302,240,38,38,28,EARLY_CONVERGENCE,0,True,0.11014274973422289,380000,0.052325581395348826,1.2373877527038526,0.2530761538121439,0.10240873013093126,0.4046557867595393,1.033339940466956,"[2.250200247560789, 4.270793580028745, 0.5, 3.151499755542524, -0.47765860019613887, 0.0]"
a3train-f6bcfbcd086c6b0257c2,SHOT_10000,task-v2-8b88de51ba21,g-f0c91af33253395a,S3,13,3.9133899436317554,O3,0.1,10000,7305,240,59,59,31,EARLY_CONVERGENCE,0,True,0.4130425676703453,590000,0.48154616963064295,1.8055162734591719,0.05353384225161199,0.05353384225161199,1.0,2.642018358485196,"[5.182387465211853, 4.732479368152064, 0.48727861330935046, 2.4998271695772534, 0.2418581809064796, -0.0632195384939898]"
a3train-f6fee5810ca8bd727cd5,SHOT_1000,task-v2-30409dd5a775,g-686fdbb6f8f550f1,S2,10,3.010299956639812,O3,0.1,1000,7302,240,46,46,22,EARLY_CONVERGENCE,0,True,0.1169029213488102,46000,1.0812499999999998,1.7732586655146165,0.0008520178992522568,0.0008520178992522568,1.0,-0.05925132480847485,"[2.3895409153715037, 4.096296428883213, 0.5, 3.765746594549294, -1.0380070775743444, -0.0022623368054932726]"
a3train-fc926679356ef8855003,SHOT_10000,task-v2-8d35df6592f7,g-64377640089a831f,S3,13,3.0682919036174985,O0,0.1,10000,7301,240,53,53,26,EARLY_CONVERGENCE,0,True,0.3431142456829548,530000,1.320869547423484,1.3355858389876758,0.07769643965801512,0.012137466887908187,0.15621651315468088,1.9586930218739553,"[6.030430289360249, 4.702738015511892, -0.027568934129598054, 2.4845103088455915, 0.1313373802370034, -0.00679459647083819]"
a3train-fcfa2870dc13927f6e79,SHOT_1000,task-v2-6dd269836f23,g-c45ecbe0242c6377,S1,7,2.1072099696478683,O3,0.1,1000,7301,240,48,48,23,EARLY_CONVERGENCE,0,True,0.10011314414441586,48000,0.10465116279069762,1.715070237252747,0.09086606700203619,0.09086606700203619,1.0,1.0656117003384598,"[5.981566162128651, 3.8882050566618465, 0.5263929337039334, 2.6404234417109342, 0.17350642824445256, 0.0028348875795055784]"
a3train-fd3a02c2dbf105a6bd9d,SHOT_1000,task-v2-07632e755d52,g-a529fbde22ed09f4,S1,7,1.630088714928206,O3,0.1,1000,7302,240,51,51,24,EARLY_CONVERGENCE,0,True,0.09735376480966806,51000,0.05232558139534881,1.3976266055991895,0.18035014761005735,0.07956792550194808,0.4411858074770487,0.8862052170370217,"[2.7502565095846356, 4.270122454458575, -0.00025317910730948527, 3.091090416795283, -0.5387816629030333, 0.23476406309919645]"
a3train-fe813f733061e9ff63da,SHOT_1000,task-v2-8ea177161d6a,g-4a80ed839b63ddd7,S5,19,4.640388671568018,O3,0.1,1000,7303,240,52,52,25,EARLY_CONVERGENCE,0,True,63.91745413932949,52000,0.9511680761099367,1.6056179458853053,0.005030309662144071,0.0012683956959328453,0.2521506191712692,2.341983392294115,"[3.4985543128635963, 3.6148256816743927, 0.01534940775507874, 3.406912608630254, -0.8729128437125953, 0.0037421387933741185]"
