record_type,scope,objective_id,shots,metric,n_estimates,n_tasks,bias,mae,standard_deviation,rmse,error_p05,error_p50,error_p95,estimate_p05,estimate_p50,estimate_p95,relative_bias,relative_mae,relative_rmse,ordering_agreement_probability,ordering_comparison_count,exact_tie_count
ESTIMATOR_ERROR,ALL,O0,1000,p_feas,1680,84,8.037198567951314e-05,0.004103603696230464,0.006232592053044972,0.006231255187416262,-0.010147297557868855,-0.00010271684952739001,0.010951010824189034,0.0,0.017,0.16704999999999998,-0.013083999372659047,0.27303371166169366,0.5458281273397839,,0,0
ESTIMATOR_ERROR,ALL,O0,1000,p_opt,1680,84,6.165530033550227e-05,0.0026802557492752424,0.00422855815222007,0.004227749063810197,-0.006099766123568058,-7.175315868480654e-05,0.006661490183114797,0.0,0.007,0.096,-0.01681450478876245,0.4098384391787349,0.7239929513554177,,0,0
ESTIMATOR_ERROR,ALL,O0,1000,mean_energy,1680,84,-0.00015050714821713513,0.013679049622371275,0.017644778662956547,0.017640168539469127,-0.028004883747819655,0.00023067319740732728,0.028372900089122098,1.179769688146531,1.3595666444254424,1.6117681197262708,-0.00011399942403683194,0.00997844076752478,0.01278574171421311,,0,0
ESTIMATOR_ERROR,ALL,O0,1000,cvar_0.10,1680,84,0.0024273259741040996,0.02747784407023659,0.04375714283382923,0.04381141136045564,-0.06586358924019238,0.00017624157786529787,0.07723245601109487,0.059988372093023254,0.9005993727050182,1.0670875322997413,0.026457339476856825,0.07779082385712116,0.24274109369017158,,0,0
ESTIMATOR_ERROR,ALL,O0,10000,p_feas,1680,84,6.150293806046563e-05,0.0013325768583475107,0.0019890540870561397,0.001989412931149305,-0.0032699326798482525,3.096679583243153e-05,0.0033744626819281697,0.0008,0.016,0.16182499999999997,0.0033591659770327476,0.09148754709359336,0.1831953855420344,,0,0
ESTIMATOR_ERROR,ALL,O0,10000,p_opt,1680,84,6.088149081169271e-05,0.0009127732013776526,0.0014354383634202664,0.0014363019783284483,-0.0021409704859158703,-6.6298641005263146e-06,0.0023418733728451423,0.0002,0.0071,0.0937099999999999,0.0016068951832358422,0.15107236828216747,0.31763541877682777,,0,0
ESTIMATOR_ERROR,ALL,O0,10000,mean_energy,1680,84,-9.264355471572328e-05,0.004175744714029759,0.005419507334287948,0.005418686169263972,-0.009194901278922796,7.704100082484011e-05,0.008363228294021197,1.1790207657211438,1.3590913555124378,1.6018080605504084,-6.648834252928493e-05,0.0030418493296428197,0.0039268123108258364,,0,0
ESTIMATOR_ERROR,ALL,O0,10000,cvar_0.10,1680,84,-0.0004729048716797476,0.008779905277423415,0.01411606419300318,0.01411978393001715,-0.022906452621471805,-1.3877787807814457e-17,0.02213584241072122,0.05982267441860465,0.9093017135862912,1.0650560400516795,0.000574106699320409,0.020546755159086022,0.05138971669284959,,0,0
ESTIMATOR_ERROR,ALL,O0,100000,p_feas,1680,84,2.597317615570373e-05,0.00043147344592030777,0.0006552594270861054,0.0006555790938625155,-0.0010502369706495262,2.1316047595798136e-05,0.0011068296231252022,0.0007995000000000001,0.015725000000000003,0.160223,0.000691653587101873,0.029913840124293108,0.06028446120039998,,0,0
ESTIMATOR_ERROR,ALL,O0,100000,p_opt,1680,84,1.2762443192645124e-05,0.0002759733192296638,0.00043774542793639993,0.0004378011871625023,-0.0006398850970486254,1.3249380247137062e-06,0.0006977077661818146,0.00021,0.00707,0.09319599999999999,0.0008710476882716763,0.048565032452461215,0.11453278607885264,,0,0
ESTIMATOR_ERROR,ALL,O0,100000,mean_energy,1680,84,-3.126127801873147e-05,0.0013846728484884063,0.0017774364308235948,0.0017771823229918344,-0.00288129647253772,-1.1293632511288898e-05,0.002828846870173818,1.1841287965209126,1.3586866625471605,1.5994289432328224,-1.7651418366671033e-05,0.00101182185474598,0.001299145395589811,,0,0
ESTIMATOR_ERROR,ALL,O0,100000,cvar_0.10,1680,84,-0.000227148494366617,0.0027135754144744437,0.004292710623891785,0.004297440199656175,-0.00761891945909218,-1.3877787807814457e-17,0.006401908192669458,0.05972087209302328,0.9111719410676533,1.0649543509684978,-0.0007314917742988361,0.006185082485424184,0.01481527395926939,,0,0
ESTIMATOR_ERROR,ALL,O3,1000,p_feas,1680,84,-9.649507782944544e-06,0.005562486422269529,0.007614676931755181,0.007612416437381437,-0.012052916473711421,-1.1270183180835374e-05,0.012687617126978612,0.007,0.0455,0.16604999999999998,0.001483408235418137,0.13808921742395447,0.1952756959677643,,0,0
ESTIMATOR_ERROR,ALL,O3,1000,p_opt,1680,84,-0.00011817500857241192,0.0037209546678193517,0.005161695046894004,0.005161511610392005,-0.008688696520060258,-4.8699795080837244e-05,0.008088601533779875,0.003,0.015,0.099,0.001542280302325052,0.210983144514079,0.296357195024335,,0,0
ESTIMATOR_ERROR,ALL,O3,1000,mean_energy,1680,84,0.00032048585961431134,0.015987644087671095,0.020461334180030096,0.020457754068904505,-0.03185304269779086,6.612243234460635e-05,0.0325097660783846,1.2288568981777261,1.5193945466750534,1.8724472274178146,0.00019453293282530097,0.010621313434842732,0.013688126561303221,,0,0
ESTIMATOR_ERROR,ALL,O3,1000,cvar_0.10,1680,84,0.0022575383988755054,0.03522570368324321,0.052331913277087236,0.05236502163148422,-0.0845035093203096,1.734723475976807e-17,0.08783283097350279,0.05545930232558139,0.6358126299637189,0.994169068905023,0.02534185891696337,0.0971804146428462,0.2113103269273728,,0,0
ESTIMATOR_ERROR,ALL,O3,10000,p_feas,1680,84,-2.6375698259135165e-05,0.0017061566302107672,0.0022955397952398927,0.002295008065364683,-0.0038014321134111754,-9.814728607081269e-06,0.0037766827015416793,0.0081,0.045450000000000004,0.16821499999999998,-0.0011661737013281654,0.043193167578962265,0.06213674592131627,,0,0
ESTIMATOR_ERROR,ALL,O3,10000,p_opt,1680,84,-3.9365484762888034e-05,0.0011559702617911312,0.0016103807276508734,0.0016103825889828254,-0.0024894117474036025,-4.883927454419766e-05,0.002583020585500573,0.004,0.0145,0.10160499999999999,-0.005010203276409332,0.06588503371577614,0.09222940383958236,,0,0
ESTIMATOR_ERROR,ALL,O3,10000,mean_energy,1680,84,2.5868281758193288e-05,0.0051789378055941615,0.006527505622530448,0.006525613895962915,-0.010777724948190548,1.5407438443526544e-05,0.010689101166527637,1.2303442429082507,1.5213303223006283,1.8731150023267376,6.177155014982147e-06,0.003426332869523162,0.00431664803576665,,0,0
ESTIMATOR_ERROR,ALL,O3,10000,cvar_0.10,1680,84,0.0005837018750895584,0.010955527656875992,0.016407256482908195,0.016412755290666083,-0.025277334354232045,-1.3877787807814457e-17,0.028796238335884367,0.05419680232558139,0.6381884545793199,0.9846517971813724,0.004045481099056908,0.028193847991094263,0.05949846064313169,,0,0
ESTIMATOR_ERROR,ALL,O3,100000,p_feas,1680,84,1.104692078848389e-05,0.0005350676480958904,0.0007326954020689849,0.0007325606033180576,-0.0012227599877517223,1.1050804982607777e-05,0.0012652837803230127,0.00851,0.044425,0.1659945,9.975960090476367e-05,0.013532678215594422,0.01960098962029626,,0,0
ESTIMATOR_ERROR,ALL,O3,100000,p_opt,1680,84,1.366658094254877e-06,0.00036038400065521053,0.0005103781163847979,0.0005102280258418827,-0.0008119110494075599,6.091853169461897e-07,0.0008032980912769237,0.0042995,0.01417,0.1016565,0.0001197126922194138,0.020955567116736323,0.029802100012492748,,0,0
ESTIMATOR_ERROR,ALL,O3,100000,mean_energy,1680,84,-2.9017512684846525e-05,0.001643714028712093,0.0020926325031468463,0.0020922108392085284,-0.003457211334203958,-8.089211744188862e-05,0.0033211562124836336,1.2344149398014232,1.5199367332669251,1.871204889228791,-2.1263094566767722e-05,0.0010881887129243518,0.0013878777956278772,,0,0
ESTIMATOR_ERROR,ALL,O3,100000,cvar_0.10,1680,84,-2.5153430377436988e-05,0.003427438843054203,0.0052586391313015485,0.00525713400241231,-0.009013105063318311,-6.938893903907228e-18,0.008705477688372251,0.05436145348837209,0.6474530676254591,0.9841453525356413,0.00015894646822049347,0.008807764929469516,0.018864924843236857,,0,0
ESTIMATOR_ERROR,S1,O0,1000,p_feas,180,9,0.00045402936713582884,0.008521443873948441,0.010851978016167432,0.010831311885369184,-0.01647595386113345,0.0002437676981082021,0.01843584881985337,0.07395,0.1165,0.31105,0.0010150581265784683,0.05741995337971321,0.07701395464523816,,0,0
ESTIMATOR_ERROR,S1,O0,1000,p_opt,180,9,0.00012819805335188662,0.007031882444397984,0.009072200017943781,0.009047872619816846,-0.015558671124773257,0.0006052259056281359,0.014698540757003319,0.03695,0.092,0.15114999999999995,-0.00012931874439498758,0.08429306924099335,0.11277123656412608,,0,0
ESTIMATOR_ERROR,S1,O0,1000,mean_energy,180,9,-0.0024069768622201164,0.019618512162565906,0.02494418984062282,0.0249909865294634,-0.04055830870788108,-0.0005574734914371993,0.03617213271967805,1.0170817648485486,1.4044600170498838,1.7594019207245915,-0.0016437498668938708,0.014250742659578514,0.017997415587127936,,0,0
ESTIMATOR_ERROR,S1,O0,1000,cvar_0.10,180,9,0.00972885718408561,0.020898726355653232,0.04820460756326056,0.049045137331068384,-0.050234348072962925,0.0,0.10597299415260183,0.05232558139534881,0.08720930232558141,0.36339372257813507,0.08466176531584665,0.14888224516957452,0.3953372703209588,,0,0
ESTIMATOR_ERROR,S1,O0,10000,p_feas,180,9,0.0003523627004691642,0.0029019279237468922,0.003564311565364518,0.0035718198259634334,-0.005589344381755184,0.00037636691771669034,0.005420848819853363,0.0784,0.11374999999999999,0.3071,0.002440915322862774,0.020165041284000134,0.02630446083270409,,0,0
ESTIMATOR_ERROR,S1,O0,10000,p_opt,180,9,0.00034986472001855316,0.0024683465813118083,0.003137711615739034,0.003148482771176172,-0.0048981895110271805,0.0003102806883383824,0.005710559821192002,0.036289999999999996,0.0924,0.15272,0.0033289440249880614,0.029599645288164358,0.03776141778539126,,0,0
ESTIMATOR_ERROR,S1,O0,10000,mean_energy,180,9,-0.000481571059794545,0.006297806996086704,0.00802306473811361,0.00801522736843056,-0.015101569943486836,0.00041259780632929566,0.011615433093060379,1.0145453822353465,1.4034576214851193,1.76517922969082,-0.0003924562910685505,0.004557488967909478,0.005785621363287595,,0,0
ESTIMATOR_ERROR,S1,O0,10000,cvar_0.10,180,9,-0.0006714904144322367,0.0060668208476533205,0.015229605790659321,0.015202079838017343,-0.03163253705351885,-1.3877787807814457e-17,0.024287639975397624,0.052325581395348826,0.08720930232558138,0.3191939378927573,0.0012950196209293545,0.03408392886885384,0.09234208821297701,,0,0
ESTIMATOR_ERROR,S1,O0,100000,p_feas,180,9,0.00011419603380249797,0.0009452550239442291,0.0011655305184732712,0.001167884889836918,-0.0016281587448632637,0.0001437676981082131,0.0019629777082145784,0.0774875,0.11201,0.3050995,0.0012410616025834021,0.006506209468906732,0.008302377602771345,,0,0
ESTIMATOR_ERROR,S1,O0,100000,p_opt,180,9,0.00011625360890744256,0.0007518264410607326,0.000930976433987981,0.0009356371770672167,-0.00132822131894604,0.0001287822723949339,0.0016882919232217364,0.036601499999999995,0.092725,0.15207500000000002,0.0013283986831563932,0.009255680922151212,0.011687551702633874,,0,0
ESTIMATOR_ERROR,S1,O0,100000,mean_energy,180,9,-0.00011521971694074231,0.002105326292179187,0.0026232841206266008,0.002618523236640914,-0.004700133337420698,-0.00015264797549552345,0.004264213232370672,1.0154231624634755,1.3996575263722277,1.763178856007707,-6.159180759022472e-05,0.0015467387813403676,0.0019417026806079628,,0,0
ESTIMATOR_ERROR,S1,O0,100000,cvar_0.10,180,9,-0.0002916753427875977,0.0017314938201621528,0.004559984306189799,0.004556644837316072,-0.00738193434838093,-6.938893903907228e-18,0.005748575556188129,0.05232558139534883,0.08720930232558141,0.3282573768872308,-0.0013281231815084004,0.00984918417474768,0.026770275129925223,,0,0
ESTIMATOR_ERROR,S1,O3,1000,p_feas,180,9,-0.0020684776840634712,0.010030407406152455,0.012261698299113735,0.012401313298341926,-0.022082276815572087,-0.002298076643292235,0.01742516344703803,0.08685,0.1315,0.282,-0.013479389499189955,0.0676769108495093,0.08605329783828305,,0,0
ESTIMATOR_ERROR,S1,O3,1000,p_opt,180,9,-0.0006419427855417418,0.007733163853171223,0.009578843441684281,0.009573744640060874,-0.017411352466619637,-0.0002853533668141159,0.015598825496801003,0.053,0.098,0.146,-0.00580129628671507,0.08369107608958423,0.10341407201986931,,0,0
ESTIMATOR_ERROR,S1,O3,1000,mean_energy,180,9,0.003237257556949017,0.020622559864053258,0.026084004216489376,0.02621212028454784,-0.03578053688568028,0.0027141134998807104,0.04699718451520768,1.17377016944338,1.5161321620164054,1.8322525769264346,0.00247254603224532,0.014278504093178488,0.01851640886813949,,0,0
ESTIMATOR_ERROR,S1,O3,1000,cvar_0.10,180,9,0.013684116223211735,0.017284397513731037,0.04326533640242815,0.04526306425372312,-0.002016326512834971,6.938893903907228e-18,0.10971112810843729,0.05232558139534881,0.08517441860465116,0.23489402516926478,0.1341517283473059,0.15642953451063252,0.40258491595738993,,0,0
ESTIMATOR_ERROR,S1,O3,10000,p_feas,180,9,5.985564926986104e-05,0.0025830635175310675,0.0032842425066557115,0.003275653818185465,-0.004978980516692349,-2.680787537506779e-05,0.005342723184427913,0.091785,0.12695,0.28304499999999994,3.146851697273939e-05,0.017232644185900724,0.0222548721090812,,0,0
ESTIMATOR_ERROR,S1,O3,10000,p_opt,180,9,7.501658902703229e-06,0.0020687246489405485,0.0026695715511805846,0.00266215631610683,-0.004245537118273832,-0.000132687903113049,0.004476065613228312,0.055689999999999996,0.1012,0.142125,9.019612840079975e-05,0.022767647456178538,0.02995926185961005,,0,0
ESTIMATOR_ERROR,S1,O3,10000,mean_energy,180,9,-0.000367165959529926,0.005796606024894001,0.00745629478927078,0.0074446137787879275,-0.012415033098856786,-0.0006695479034443119,0.012428623442994008,1.181252654851109,1.50723234847502,1.8173821315697587,-0.00028960823058617907,0.003914884749065808,0.005049032885967187,,0,0
ESTIMATOR_ERROR,S1,O3,10000,cvar_0.10,180,9,0.0007697397514332766,0.0033704206306374006,0.010652761648653987,0.010650980151634331,-0.0010773730244628616,-1.3877787807814457e-17,0.012306942075281197,0.052325581395348826,0.08255813953488372,0.17961881499496557,0.008903688218229453,0.024144825886352007,0.07628748310221466,,0,0
ESTIMATOR_ERROR,S1,O3,100000,p_feas,180,9,-3.131101739680652e-05,0.0008337982707908473,0.0010851824921034826,0.0010826167751613442,-0.0019521746843950388,5.79142371552599e-07,0.0018273134846945763,0.09196549999999999,0.12715500000000002,0.2839705,-0.0005486229491367366,0.005546474197708314,0.007434194698444432,,0,0
ESTIMATOR_ERROR,S1,O3,100000,p_opt,180,9,4.111277001381438e-05,0.0007049983071316934,0.0009217280796877477,0.0009200831533703538,-0.0015523524666196378,1.4368154395420774e-05,0.0015346342518634526,0.056186,0.10133,0.1425325,0.0007430867846654139,0.007781771855471916,0.010410226687202546,,0,0
ESTIMATOR_ERROR,S1,O3,100000,mean_energy,180,9,1.1229241085650464e-05,0.0019405387801884597,0.0025436807799094716,0.002536630014144355,-0.004256548577553987,-7.404669455879365e-05,0.004341560612407022,1.1855562704592053,1.505017933805385,1.8203501148609584,-7.617975758424313e-06,0.0013241146340857858,0.0017510150068783684,,0,0
ESTIMATOR_ERROR,S1,O3,100000,cvar_0.10,180,9,0.0002626498063712179,0.000809465661568912,0.002840266424034716,0.0028445177067200917,-0.0004085075993385513,-6.938893903907228e-18,0.0016292799582867175,0.05232558139534883,0.08248691860465115,0.17784388135801837,0.0017275849659493026,0.005065583180270183,0.01701079996145043,,0,0
ESTIMATOR_ERROR,S2,O0,1000,p_feas,240,12,9.370962540400643e-05,0.00525421816708524,0.007214162871942126,0.007199727552394338,-0.011001526914644707,0.00010620928107580793,0.011838280075678132,0.004,0.065,0.156,0.002699915134219124,0.13801526985333912,0.21662454505918843,,0,0
ESTIMATOR_ERROR,S2,O0,1000,p_opt,240,12,0.00012315522324752047,0.00350376113588292,0.004733531576613811,0.004725264936932268,-0.008290036104049518,6.834843435007433e-05,0.0081161670781392,0.003,0.032,0.052,0.0035833161767510075,0.1723810431688983,0.2496969036030994,,0,0
ESTIMATOR_ERROR,S2,O0,1000,mean_energy,240,12,4.1929191601182875e-05,0.014998421680206524,0.019091230028068236,0.01905146125476434,-0.029950177744197358,0.0011099254659868718,0.032418203447688,1.22473946170323,1.5177237828745938,1.8153651804227258,-8.641483335181998e-05,0.010122867674095452,0.012838658095229128,,0,0
ESTIMATOR_ERROR,S2,O0,1000,cvar_0.10,240,12,0.0015860452939278906,0.03140600825637528,0.050301450080320914,0.05022159665280112,-0.1049092218333475,-0.00040785308387150665,0.09752596537107483,0.07707558139534885,0.45855385200696597,1.101460308379036,0.019860862029974165,0.09174203210968614,0.1865606459029816,,0,0
ESTIMATOR_ERROR,S2,O0,10000,p_feas,240,12,-3.629037459599338e-05,0.0018594049487549989,0.002530379429514902,0.0025253630692823183,-0.004515189707088474,9.983131647380798e-06,0.004123302702809309,0.004390000000000001,0.0645,0.15771000000000002,0.003633154355573991,0.048486823675807214,0.06910454946472959,,0,0
ESTIMATOR_ERROR,S2,O0,10000,p_opt,240,12,-3.0947767524795303e-06,0.0012201264348199012,0.0015813801045745292,0.0015780851582875776,-0.0028703030241506596,-8.169103064741218e-05,0.0025488580714387666,0.00419,0.03275,0.0482,0.0020441539058017244,0.060599179367697834,0.08166298511370335,,0,0
ESTIMATOR_ERROR,S2,O0,10000,mean_energy,240,12,0.0002941979590067821,0.0048500967330948695,0.006165922810773703,0.006160092994188602,-0.00949981475496966,0.00045255680629818773,0.011008680300953982,1.2266968876726756,1.5154951338657892,1.8129121963229484,0.0002027442516676553,0.0032978573805439097,0.004193732432677924,,0,0
ESTIMATOR_ERROR,S2,O0,10000,cvar_0.10,240,12,0.00017233427798700693,0.011772794643888692,0.01896312240599419,0.01892435935791007,-0.02772564892105954,-7.3805304932964e-06,0.034185253135154574,0.07662325581395349,0.4619832678896111,1.0907413479618606,0.006243920130873592,0.03552270720342353,0.07545660393271166,,0,0
ESTIMATOR_ERROR,S2,O0,100000,p_feas,240,12,1.904295873733976e-05,0.0006198460231175686,0.0008967847154564357,0.0008951170491687672,-0.001276130984833783,3.699388249660089e-06,0.0014553690151662255,0.00415,0.06415499999999999,0.1588605,-0.0007926155108609426,0.015423832786915122,0.0240260080164917,,0,0
ESTIMATOR_ERROR,S2,O0,100000,p_opt,240,12,1.6863556580853886e-05,0.0003777260419948295,0.0005302071530076944,0.000529370071754938,-0.0008089345391192777,3.279669455525606e-05,0.0007521492354243037,0.00415,0.03248,0.04887,0.0003423481289837868,0.019124093693391995,0.027067758292174175,,0,0
ESTIMATOR_ERROR,S2,O0,100000,mean_energy,240,12,-2.0687509876963588e-05,0.0015537678395729356,0.002018854322353826,0.0020147501982602225,-0.0034807110859679247,8.400018733256687e-05,0.00301188996439079,1.2238004319911773,1.5160751684335536,1.81412674312168,-4.600825979745809e-06,0.0010578925028717425,0.0013838183096915283,,0,0
ESTIMATOR_ERROR,S2,O0,100000,cvar_0.10,240,12,-0.0004347878820579316,0.0033635418316884744,0.005234742126599472,0.005241887870446067,-0.010245499934506151,-2.0643781545932882e-05,0.008390197224768983,0.07664965116279072,0.46039645574378596,1.0939498198622442,-0.0019345374046760215,0.011182149644233337,0.02338213022413368,,0,0
ESTIMATOR_ERROR,S2,O3,1000,p_feas,240,12,0.0006935269989313163,0.0071874614034165155,0.00936692416888103,0.009373082086425703,-0.014803999662484137,0.0008374608594513555,0.01600925110304066,0.03695,0.1045,0.16314999999999996,0.0009475094285069421,0.07595198131386033,0.09871159411804406,,0,0
ESTIMATOR_ERROR,S2,O3,1000,p_opt,240,12,-0.00031516536400133326,0.004992996920406489,0.006061643642076607,0.006057206850934884,-0.010971469264848283,-0.00019245006226197535,0.008645957294265852,0.027,0.048,0.065,-0.006808930275981454,0.10883500681905023,0.13327788478375152,,0,0
ESTIMATOR_ERROR,S2,O3,1000,mean_energy,240,12,-0.0010218759162965432,0.017905468991686997,0.023101868218706637,0.023076325767681274,-0.04050267963055103,-0.001623941301733045,0.03741571819507312,1.246828398479652,1.5630838740222854,1.9433710600546237,-0.0008235502003894516,0.011637681095191239,0.0150904342455534,,0,0
ESTIMATOR_ERROR,S2,O3,1000,cvar_0.10,240,12,0.004774866329013509,0.02695286093108613,0.047847638050278835,0.04798600487126058,-0.07536187206370218,0.00013242597041548954,0.09471507482227987,0.07556976744186049,0.11933139534883724,0.7287282002023504,0.022804279593635995,0.09714549240436518,0.18543823535910195,,0,0
ESTIMATOR_ERROR,S2,O3,10000,p_feas,240,12,-1.9389667735350415e-05,0.0023833150122751193,0.0030362984608726606,0.0030300282756570668,-0.005111697058689447,3.640763245899015e-05,0.004711817536371287,0.036789999999999996,0.10815,0.16133,0.00016373860515489527,0.02557944632904481,0.033734827556614236,,0,0
ESTIMATOR_ERROR,S2,O3,10000,p_opt,240,12,-9.74869733466649e-06,0.0017411224620607999,0.0022077994732338136,0.002203216657670366,-0.003851330765193477,1.765207252977033e-05,0.003478835595253229,0.0287,0.0496,0.0651,0.00011681813007941415,0.03714323278390993,0.04757957188808816,,0,0
ESTIMATOR_ERROR,S2,O3,10000,mean_energy,240,12,0.00017822633821334145,0.006381241959263442,0.007903113891929091,0.007888645454796546,-0.011829032987069953,0.0001575103746905837,0.012392986455500733,1.2458612051517772,1.5567976372538037,1.9467083013381803,6.296556538215748e-05,0.0041127321032403364,0.005092192679540252,,0,0
ESTIMATOR_ERROR,S2,O3,10000,cvar_0.10,240,12,-0.00017977398684172416,0.008518202794030741,0.01576252854784883,0.015730682951867362,-0.02522963348465653,-5.986714861090647e-05,0.028273652860229946,0.07568604651162793,0.11625581395348838,0.7220343128994564,-0.0007582402376234386,0.026145526913225848,0.04663262926643255,,0,0
ESTIMATOR_ERROR,S2,O3,100000,p_feas,240,12,3.4360332264650116e-05,0.0007155112577191865,0.0009163047609569428,0.0009150391543480871,-0.0015569497178292077,1.3687394912063194e-05,0.001644669963437659,0.036,0.108485,0.164572,0.0003108329762332707,0.007933983057718362,0.010904121783059622,,0,0
ESTIMATOR_ERROR,S2,O3,100000,p_opt,240,12,-9.332030667999842e-06,0.0004883103752959583,0.0006335103701113363,0.000632258052576106,-0.0010259888471456375,-1.1726393947152774e-05,0.0009836571705837084,0.028388499999999997,0.04969,0.0656205,-0.0001590614312848275,0.01041948438894086,0.013427430516793579,,0,0
ESTIMATOR_ERROR,S2,O3,100000,mean_energy,240,12,0.0001030416320355082,0.00180954507055259,0.002324615845616795,0.0023220552130605136,-0.003630162666836245,0.0001356921780363285,0.0033958309055228545,1.249967808638153,1.5591872020699875,1.9489728436908231,6.430989489857245e-05,0.0011584976241798331,0.0014743478133247732,,0,0
ESTIMATOR_ERROR,S2,O3,100000,cvar_0.10,240,12,-0.0002605462292938968,0.0028080438936451827,0.005547474891312541,0.005542033473108202,-0.009210490727098342,1.8008866524837908e-05,0.007987150899916322,0.07576941860465118,0.11576802325581395,0.7310098241942062,-0.0009413254081971447,0.008175682785354566,0.01527405672703382,,0,0
ESTIMATOR_ERROR,S3,O0,1000,p_feas,420,21,-0.00011988492377351434,0.005585985336866984,0.007581442089092804,0.007573360121857039,-0.012803139910555957,-0.0003741541617234001,0.01272133616338274,0.012,0.05,0.11604999999999996,0.0008465579640963156,0.12109329497978612,0.17250737905659017,,0,0
ESTIMATOR_ERROR,S3,O0,1000,p_opt,420,21,-9.377971098717175e-05,0.003159312757831362,0.004141749088328295,0.004137878331237086,-0.0065138657632398764,-0.0003741541617234001,0.006665686642954371,0.005,0.014,0.039,-0.011973561172074413,0.20051631740446546,0.262647008791253,,0,0
ESTIMATOR_ERROR,S3,O0,1000,mean_energy,420,21,0.0008784565809333194,0.014468589616567929,0.018216852708426025,0.018216346523222487,-0.028926805283689294,0.00042449172370451205,0.02872026098304195,1.1356931960721783,1.3180359361566834,1.6156660534723501,0.0005776663775375254,0.010981985880882667,0.013774869604706986,,0,0
ESTIMATOR_ERROR,S3,O0,1000,cvar_0.10,420,21,0.006240132960964655,0.041221551700075375,0.05801947150147761,0.05828536205708762,-0.08708422588098937,0.0008753192357405133,0.11302813814443906,0.057999999999999996,0.5731976744186047,0.9464331395348836,0.06026476821694395,0.14879447012183103,0.38225081174199477,,0,0
ESTIMATOR_ERROR,S3,O0,10000,p_feas,420,21,2.5829361940770872e-05,0.0017521004369541288,0.0022627183977008596,0.0022601706745552664,-0.0038788035960406137,0.00022626894603605674,0.0035939607494050113,0.013985000000000001,0.050699999999999995,0.11170499999999998,0.0010233171041662318,0.040463318885583494,0.053940761797007256,,0,0
ESTIMATOR_ERROR,S3,O0,10000,p_opt,420,21,5.6934574727114e-05,0.0011061998251529494,0.0014095245724703822,0.0014089963400898884,-0.0021411135771078147,8.358613838780303e-05,0.0023418733728451423,0.00659,0.0146,0.03621499999999999,0.004337480996723906,0.07212676614065731,0.09203831894992144,,0,0
ESTIMATOR_ERROR,S3,O0,10000,mean_energy,420,21,-0.00017514059619734608,0.004155643792843365,0.005359060967828772,0.005355541881210266,-0.009841918346108702,8.079074509603767e-05,0.008076180630066624,1.1597222339480302,1.3218270126300158,1.6041375805040874,-0.00010442277998549218,0.0031436789527567763,0.004040292651770219,,0,0
ESTIMATOR_ERROR,S3,O0,10000,cvar_0.10,420,21,-0.0007668710492457686,0.013165978853858814,0.018309761986560466,0.01830402325046361,-0.03254774332284981,-5.4170953501818386e-05,0.030389392971255095,0.058620639534883716,0.5579444550594985,0.9292561773255814,-0.00033091168435193794,0.03347799199162392,0.05863768552942054,,0,0
ESTIMATOR_ERROR,S3,O0,100000,p_feas,420,21,3.0519838131247074e-05,0.0005302727042115734,0.0006899845259512105,0.0006898380867898174,-0.0011882155025745916,7.700233696652375e-05,0.0011116170564748021,0.014739,0.0521,0.1135405,0.0004936222685478721,0.011942327420151291,0.01615251213504203,,0,0
ESTIMATOR_ERROR,S3,O0,100000,p_opt,420,21,3.869556794948391e-07,0.0003173399700819648,0.0004158722746472504,0.00041537707380010424,-0.0006699018898244629,6.21450987163541e-07,0.0006985409801373283,0.007579,0.01473,0.0353305,0.0004093912863460361,0.020705887947895497,0.026867386950331043,,0,0
ESTIMATOR_ERROR,S3,O0,100000,mean_energy,420,21,3.762651503242107e-05,0.0014181635929577123,0.0017591627800130289,0.0017574701187085258,-0.0027358784489988183,6.1962223182332465e-06,0.0030135103976932603,1.163833360070145,1.323905980358222,1.6006309740064377,2.7896120785400797e-05,0.0010711528634672722,0.001327645244525268,,0,0
ESTIMATOR_ERROR,S3,O0,100000,cvar_0.10,420,21,-0.000424258734526873,0.003834049203314989,0.005393815253021491,0.0054040696545657055,-0.009365218049387933,-0.00020856106568958518,0.00881224389835879,0.05844543604651163,0.5457922921634888,0.9221795784883721,-0.0011447446074150506,0.009288823265852572,0.015091260581296626,,0,0
ESTIMATOR_ERROR,S3,O3,1000,p_feas,420,21,3.257982249122048e-05,0.006285082162578613,0.008180436605446798,0.008170757140877257,-0.012602924125566772,0.00014767108618530395,0.013408521282765042,0.02585000000000001,0.079,0.13809999999999992,-0.0005746422682653753,0.08914809629101733,0.12300296269888172,,0,0
ESTIMATOR_ERROR,S3,O3,1000,p_opt,420,21,-0.0003178397258866171,0.004021497224337054,0.005277271612682451,0.005280559554085824,-0.008902338466090193,-0.00010420139615538795,0.008104710504427704,0.011,0.022,0.068,-0.006991658797090015,0.15456545748490919,0.19939841794808266,,0,0
ESTIMATOR_ERROR,S3,O3,1000,mean_energy,420,21,0.0012991035225785093,0.015076157770224462,0.01963935161078478,0.019658928212995624,-0.032420800492168424,0.0008202372886376708,0.030775434751923705,1.232198491820026,1.4546326127672995,1.9178303373219125,0.0008268902762109065,0.010373624150060965,0.01358065148376524,,0,0
ESTIMATOR_ERROR,S3,O3,1000,cvar_0.10,420,21,0.0040854697913138855,0.042267142282948436,0.061922905928702365,0.06198393104727921,-0.10161417841327308,-0.0002925263008219242,0.10965642109883961,0.05124127906976744,0.2951824410850845,0.8260782662408693,0.037884952521690586,0.16237725894869548,0.2774590031024467,,0,0
ESTIMATOR_ERROR,S3,O3,10000,p_feas,420,21,-0.00012170589179449353,0.00208460399408094,0.0026295805919464943,0.0026292666004578383,-0.004585460650587686,-8.272228178409641e-05,0.00405905183451008,0.026675000000000004,0.07905000000000001,0.135105,-0.001419954025034448,0.030989120966817822,0.041983498196034925,,0,0
ESTIMATOR_ERROR,S3,O3,10000,p_opt,420,21,-7.236353541042665e-05,0.001292959823609705,0.0016622688516170613,0.001661865011649327,-0.0026684232814373396,-0.00012723934176039637,0.002753947478887655,0.0125,0.019950000000000002,0.06902999999999998,-0.0037162347929104596,0.050830588775408546,0.06535099384118102,,0,0
ESTIMATOR_ERROR,S3,O3,10000,mean_energy,420,21,0.00021479111681231474,0.005157898338241622,0.00648291768885994,0.006478756808966258,-0.010399051281378802,0.00030075233521908995,0.0110071910365475,1.2518668075760966,1.453255087883024,1.9094905124890784,0.00014110495269560627,0.003546650854935668,0.00444723062623059,,0,0
ESTIMATOR_ERROR,S3,O3,10000,cvar_0.10,420,21,0.0020736548252367126,0.014809095001503795,0.021244341867660138,0.021320120294867052,-0.03092050431592497,7.375276894552862e-05,0.039050751202929085,0.053387790697674416,0.29185477972403606,0.8213361281834333,0.012095864416202508,0.05644911745164452,0.09653841631679269,,0,0
ESTIMATOR_ERROR,S3,O3,100000,p_feas,420,21,3.319887011026826e-05,0.0006552993030510435,0.0008403267580501789,0.0008399820938480209,-0.0013655058869792415,4.294452081928749e-05,0.0014700619514936345,0.029088500000000003,0.08043,0.13114449999999997,0.00015414749580300454,0.009323639898854081,0.012320092361924606,,0,0
ESTIMATOR_ERROR,S3,O3,100000,p_opt,420,21,-1.072067826756935e-05,0.00040084000906645973,0.0005275935665591687,0.000527074145149483,-0.0008785836590802354,-3.2600970985414285e-05,0.0008469370656029101,0.013228,0.019605,0.06999899999999999,-0.0012553705594938768,0.015448847925407405,0.020318884400885903,,0,0
ESTIMATOR_ERROR,S3,O3,100000,mean_energy,420,21,-8.441645502044657e-05,0.0017150471976928232,0.002155736082695569,0.002154822368278263,-0.0036742725144352506,-0.00011960392537335718,0.003502480706761162,1.255404676805181,1.4511951480702205,1.9096017733430013,-5.081555149467524e-05,0.001173862438899669,0.001474346473550298,,0,0
ESTIMATOR_ERROR,S3,O3,100000,cvar_0.10,420,21,-5.761385558545395e-05,0.004560574612328149,0.0065847443232563176,0.0065771530150431435,-0.01197992583386099,-4.8117892000022755e-05,0.010687020298604551,0.05417636627906977,0.2882768067573191,0.7960458791899766,0.0005711791107412291,0.018597612557808764,0.03236347659020472,,0,0
ESTIMATOR_ERROR,S4,O0,1000,p_feas,420,21,0.0001410363915327051,0.0025213541775995995,0.00362445946137109,0.003622888319905636,-0.0053410742141026995,-0.00010271684952739001,0.005892560892679324,0.0,0.011,0.04,-0.061074830517982966,0.41754502697947243,0.8805314929357213,,0,0
ESTIMATOR_ERROR,S4,O0,1000,p_opt,420,21,6.023975120172542e-05,0.001456253723939995,0.002074317141564915,0.0020727218070694144,-0.0029979141755925908,-6.834656123880974e-05,0.003414167023293125,0.0,0.003,0.01,-0.06330382017774612,0.5520086086754121,1.0058163199243333,,0,0
ESTIMATOR_ERROR,S4,O0,1000,mean_energy,420,21,-0.0005971433112541298,0.012151603214019186,0.015342323788198811,0.015335678477262074,-0.0254555087537771,-0.000160824983542307,0.0249631594619911,1.2595691755433323,1.3765328683823568,1.5196985817972781,-0.00038829797895702104,0.0087171651121368,0.010918075994267055,,0,0
ESTIMATOR_ERROR,S4,O0,1000,cvar_0.10,420,21,-0.0013486650174737655,0.025244670010040327,0.036244796865529894,0.036226735638343756,-0.05722218172024081,0.0010980167661782114,0.0550975667769882,0.6802939106487151,0.9630921052631576,1.0694043927648578,-0.0017915061830818609,0.029500229025507824,0.046884498786722274,,0,0
ESTIMATOR_ERROR,S4,O0,10000,p_feas,420,21,7.651258200889555e-05,0.0007478623819419653,0.0010531523693879435,0.0010546768712954757,-0.0015746704395478628,-2.7168495273900093e-06,0.0018760083577370448,0.0001,0.0109,0.03290499999999991,0.0014775706635531103,0.146981032842231,0.3052845982890697,,0,0
ESTIMATOR_ERROR,S4,O0,10000,p_opt,420,21,2.4049275011249182e-05,0.0004708716351072975,0.0006455178534696978,0.000645197287559363,-0.0010314763508720395,-1.8836561166786678e-05,0.0012208797738288912,0.0,0.00355,0.0089,-0.012423923631636009,0.2545928252760044,0.5368012423529814,,0,0
ESTIMATOR_ERROR,S4,O0,10000,mean_energy,420,21,-0.0003360645196958773,0.003670098993930578,0.0045687282002926195,0.004575644047574011,-0.00749846592718052,-0.0004247020266502366,0.006849165515798013,1.2677512277189167,1.36994552641898,1.5158419986704819,-0.00025168597100876366,0.0026360578739351,0.003271529452498845,,0,0
ESTIMATOR_ERROR,S4,O0,10000,cvar_0.10,420,21,-0.0008004394559837538,0.0074207158318989695,0.010438899733751702,0.010457144787113576,-0.018397713739835397,-0.00027990156792107035,0.01549019065021413,0.752024495104039,0.9705686964504283,1.0674200457859535,-0.0013736451990474146,0.00855979620322622,0.012887934965634626,,0,0
ESTIMATOR_ERROR,S4,O0,100000,p_feas,420,21,2.2155439151752652e-05,0.00026931223602103286,0.00038799854468025876,0.00038816916254596925,-0.0005589391073206765,3.3701358994736846e-06,0.0007027553316332417,0.0001,0.01151,0.031314999999999996,0.0013625994485789272,0.05015123691896832,0.09938273431417423,,0,0
ESTIMATOR_ERROR,S4,O0,100000,p_opt,420,21,-1.7855486893512725e-05,0.00014492886797272595,0.00019823570467073848,0.0001988030376861871,-0.0003389116638143231,-6.970265804066809e-06,0.00033835603990280474,5e-05,0.00383,0.00865,-0.0027747876546975,0.07899698717477971,0.1949683931754157,,0,0
ESTIMATOR_ERROR,S4,O0,100000,mean_energy,420,21,-4.790544650949281e-05,0.0012361383387887023,0.0015336837391350534,0.00153260572264486,-0.0023491592782259097,-0.00011721342158210746,0.0025937470048837618,1.2699025104583308,1.3684385416968943,1.5074200990513862,-3.562838081003633e-05,0.0008910759381635362,0.0011008674298024531,,0,0
ESTIMATOR_ERROR,S4,O0,100000,cvar_0.10,420,21,-0.0002057733886320539,0.0026788390517835593,0.003857578730036181,0.003858474517097514,-0.006912641135357484,-5.863935165140166e-05,0.005742851211804769,0.7693145348837208,0.9713742333376019,1.0676158393642834,-0.00021523848088953772,0.0031471721987666136,0.005022253522578228,,0,0
ESTIMATOR_ERROR,S4,O3,1000,p_feas,420,21,0.0002645993701104686,0.004341836026081447,0.005606094094205353,0.005605664506147131,-0.00823823520338365,-8.30887438937819e-05,0.009779661162774303,0.007,0.027,0.07004999999999996,0.01103008190853647,0.17881095687495077,0.22871948647876908,,0,0
ESTIMATOR_ERROR,S4,O3,1000,p_opt,420,21,0.0003196253892035472,0.002453070406960166,0.0031113957423428,0.0031240829647195397,-0.004571495713992144,8.476490762594942e-05,0.005738980482501651,0.004,0.009,0.017,0.03163835991300958,0.2666426418572332,0.33872022714555916,,0,0
ESTIMATOR_ERROR,S4,O3,1000,mean_energy,420,21,-4.822464659061903e-05,0.015034247897226335,0.01916487159842265,0.019142103424553903,-0.030000909023163966,-0.0011105990317917813,0.03050684451894785,1.2969845936057494,1.5729825828317385,1.7026541546397846,-0.00013477414877959557,0.009817617495269087,0.012453333711326967,,0,0
ESTIMATOR_ERROR,S4,O3,1000,cvar_0.10,420,21,-0.002374865695586557,0.04362961473229853,0.0563912206063148,0.056374093269579144,-0.0967052328535421,0.0013869592028434852,0.08378409461473706,0.37968217054263576,0.8191503553551129,1.001554134904293,-0.005237457705490092,0.06495919435861122,0.09863231874900275,,0,0
ESTIMATOR_ERROR,S4,O3,10000,p_feas,420,21,-8.897205846096007e-05,0.0012676579659503116,0.0016084535455921903,0.0016089993844947748,-0.0027276921544842746,-3.78207683745628e-05,0.0025181635588958154,0.0084,0.02595,0.05821499999999999,-0.004945730317701476,0.05398080975303082,0.07125245475883463,,0,0
ESTIMATOR_ERROR,S4,O3,10000,p_opt,420,21,-6.537461079645271e-05,0.0007521780656507205,0.0009457483746471348,0.0009468813066404287,-0.001629975505645622,-2.91584695178565e-05,0.00148582820939298,0.0053950000000000005,0.00925,0.0135,-0.007331008366096391,0.08273421122916548,0.1048895905652022,,0,0
ESTIMATOR_ERROR,S4,O3,10000,mean_energy,420,21,0.00017850453537115795,0.004607941784383262,0.005765377064292331,0.005761275442371227,-0.00966315017150936,-0.00013204087299001355,0.009347134806560561,1.3123406206567743,1.5758439590693178,1.6864941157399607,0.00012253655938380297,0.0030214484822984884,0.0037719476969705987,,0,0
ESTIMATOR_ERROR,S4,O3,10000,cvar_0.10,420,21,0.0008719651846822038,0.01267983575150921,0.016127831502725197,0.016132202887520236,-0.025831401843389643,0.0003600749826022098,0.027832506238678095,0.5012615633074935,0.8231693350798084,0.9909321144430844,0.0018727209030786616,0.018884377366795022,0.028761254939736112,,0,0
ESTIMATOR_ERROR,S4,O3,100000,p_feas,420,21,5.75560586659055e-07,0.00040437786975344817,0.0005290798356358386,0.0005284499167624619,-0.0008262671999618629,1.229416247368418e-05,0.0008471635588958184,0.008988,0.025259999999999998,0.05534849999999996,0.0012183516645852305,0.017110884579927977,0.02225467149507804,,0,0
ESTIMATOR_ERROR,S4,O3,100000,p_opt,420,21,1.2149198727356773e-05,0.0002569982431337168,0.00031531278677878545,0.000315171440842616,-0.0004916454338635679,3.063126631150251e-05,0.000518932355120738,0.0055095000000000005,0.00937,0.013614999999999995,0.002027053163396963,0.02852131029764209,0.035272872837888644,,0,0
ESTIMATOR_ERROR,S4,O3,100000,mean_energy,420,21,7.942472295133097e-06,0.0015222041430861127,0.0019086741088606956,0.0019064170685949844,-0.003012864380844227,-8.756308222757081e-05,0.0031711587873192943,1.318049109354677,1.5795462213513196,1.6801064461879232,-4.268962939350765e-06,0.0009977752691775021,0.0012475242974422378,,0,0
ESTIMATOR_ERROR,S4,O3,100000,cvar_0.10,420,21,2.1436375792105576e-05,0.004070488201944496,0.0053184967229062165,0.005312204657272133,-0.008438288326074038,-0.00019468837437336406,0.008562948577983906,0.5302665237786315,0.8210417839657282,0.9870876194328996,-7.937121943099163e-05,0.006018197899709652,0.00950250449721456,,0,0
ESTIMATOR_ERROR,S5,O0,1000,p_feas,420,21,5.220410309836007e-05,0.001652617514714376,0.002223204648056145,0.002221169959198218,-0.0031580393316176262,-0.00017736827394857456,0.004303540438644873,0.0,0.004,0.015,0.005914441503734465,0.45002210475144516,0.5977139647720139,,0,0
ESTIMATOR_ERROR,S5,O0,1000,p_opt,420,21,0.0001548447249780637,0.001089643390083094,0.001488298065453993,0.0014945682108357858,-0.0018285946566813686,-0.00016731635400979246,0.0031733404384854734,0.0,0.002,0.006,0.00602717526993943,0.7521997762924086,0.987388080204452,,0,0
ESTIMATOR_ERROR,S5,O0,1000,mean_energy,420,21,0.00012426011177450115,0.011117545200537439,0.014250728280838149,0.014234295400422235,-0.022086395121360822,-0.000543358588600884,0.02337957560841785,1.2070650784620758,1.32143931875133,1.4668945863762433,0.00010847803871343789,0.008322655123491455,0.010580304955211318,,0,0
ESTIMATOR_ERROR,S5,O0,1000,cvar_0.10,420,21,-0.00025798586535568844,0.016542267129050534,0.022297031479156286,0.02227196580653236,-0.0434374199755604,0.0022897594524363685,0.03301379593876415,0.9227096814964612,1.0158350951374207,1.044033914728682,-0.00027658185035433504,0.016637901431507535,0.02255037029950709,,0,0
ESTIMATOR_ERROR,S5,O0,10000,p_feas,420,21,1.3394579288836214e-05,0.000524144105028139,0.0007066951076403959,0.0007059803818096797,-0.0011583607736747607,1.2743887549799236e-06,0.001170253459795291,0.0008,0.0035,0.012539999999999964,0.00781358137028532,0.1421569197100976,0.18737274111579905,,0,0
ESTIMATOR_ERROR,S5,O0,10000,p_opt,420,21,1.4368534501873151e-05,0.0003189434190767877,0.0004231547605120353,0.00042289487217303046,-0.000690018596823338,-7.451693840126962e-06,0.0007072809508982055,0.0002,0.0019,0.004204999999999995,0.011919245125259607,0.23025621694982468,0.3201882774522394,,0,0
ESTIMATOR_ERROR,S5,O0,10000,mean_energy,420,21,0.00017890537465268833,0.0034066920806822957,0.004315749058136226,0.0043143192029671314,-0.007025643111316648,0.00022700119388530116,0.007166527123695661,1.2199004415456507,1.3201357348892568,1.4699593122680918,0.0001424970760964061,0.002549961002464533,0.003202633729682822,,0,0
ESTIMATOR_ERROR,S5,O0,10000,cvar_0.10,420,21,-0.00013500410558251358,0.005205549121290917,0.007035120440490246,0.007028037096938009,-0.011341085901444108,-0.00018242122003270245,0.011875780688983761,0.9375594578512356,1.0127439860559042,1.0364962807549711,-0.00012197908878792922,0.005243144524314577,0.0071510657675819605,,0,0
ESTIMATOR_ERROR,S5,O0,100000,p_feas,420,21,-8.605420711163813e-06,0.0001670018199767734,0.0002241181643884648,0.00022401654432774648,-0.00039884110378151494,6.936304765505288e-06,0.0003120877632267266,0.0007695,0.00334,0.011512999999999989,0.0008314322363797742,0.04595980193599844,0.06355812860184289,,0,0
ESTIMATOR_ERROR,S5,O0,100000,p_opt,420,21,9.059010692349364e-06,0.00010356965441231948,0.0001388197940607876,0.00013895005476321698,-0.0002304452052548882,6.936304765505288e-06,0.0002371247132991512,0.0002,0.001915,0.00406,0.005084645897808981,0.0796624807528809,0.1151490263917048,,0,0
ESTIMATOR_ERROR,S5,O0,100000,mean_energy,420,21,-5.3564867693556814e-05,0.0010942394286601671,0.001392677885525205,0.0013920498940989717,-0.0023998146882011737,2.3218385385104234e-05,0.002201793060436628,1.2209142076799977,1.3193479162160808,1.4711795028153305,-3.3847881057811855e-05,0.0008176605665662439,0.0010327154177865495,,0,0
ESTIMATOR_ERROR,S5,O0,100000,cvar_0.10,420,21,9.48920823488189e-05,0.0016773207189077475,0.0022767770424638057,0.002276043943535349,-0.003142572883479161,-9.498979210575964e-05,0.0041470532587599565,0.9443314020058414,1.013876937158017,1.036261357431749,0.00010866158585628466,0.0016934557483380627,0.0023349031230184593,,0,0
ESTIMATOR_ERROR,S5,O3,1000,p_feas,420,21,0.00015441207004726813,0.00321716066725757,0.00418507811919241,0.0041829439224769244,-0.006189358885061813,-1.1270183180835374e-05,0.006820013335933063,0.003,0.016,0.04,0.0007136405561931836,0.21199229398642544,0.27630856882553745,,0,0
ESTIMATOR_ERROR,S5,O3,1000,p_opt,420,21,-1.927286723078382e-05,0.0022418968626745257,0.0029485530244865244,0.002945103812279014,-0.004130367775509319,-0.00010008183428527467,0.004870474675769163,0.001,0.008,0.02309999999999991,-0.012100492768894917,0.32466544220775173,0.4267148928611118,,0,0
ESTIMATOR_ERROR,S5,O3,1000,mean_energy,420,21,-0.0007724024383393422,0.014770234174818181,0.017961084971927905,0.017956310375249918,-0.029625716701648284,-0.0003806829677100998,0.027318000158599445,1.359683555521158,1.5440387540833536,1.7623334368219798,-0.0005030468668698432,0.009524549713997967,0.011527112905128938,,0,0
ESTIMATOR_ERROR,S5,O3,1000,cvar_0.10,420,21,-0.0012735667838951977,0.03219682396550623,0.041917299443694,0.041886734043517525,-0.0677278104333423,0.00030823964042037133,0.06491950174603836,0.6591687235991948,0.9105347242384222,1.0208454246713852,-0.001804673922127257,0.0388322662427412,0.05278188314697076,,0,0
ESTIMATOR_ERROR,S5,O3,10000,p_feas,420,21,9.060254623774416e-05,0.0010034430462841477,0.0013104761911449767,0.0013120471582591998,-0.0019315128848007047,8.644367461858697e-05,0.002161956622419074,0.0050700000000000025,0.0153,0.039,0.0015939381129178632,0.06580049418544591,0.08798752188715629,,0,0
ESTIMATOR_ERROR,S5,O3,10000,p_opt,420,21,-1.7368105326021864e-05,0.0006972197586091214,0.0009516708155791732,0.000950695859718438,-0.0015175526991097804,-8.713501827545267e-06,0.0015313136362598678,0.0015950000000000003,0.0068,0.01590999999999999,-0.009098978647419053,0.09899306721507695,0.13066826979604262,,0,0
ESTIMATOR_ERROR,S5,O3,10000,mean_energy,420,21,-0.00023430930718835492,0.00481922739807522,0.005990466162930903,0.005987916465171448,-0.009951211766098332,3.665033417676877e-05,0.00973358632958018,1.3721014532423643,1.5411189440487232,1.7485445403895699,-0.0001507954019866367,0.0031092917608358094,0.003845192830336948,,0,0
ESTIMATOR_ERROR,S5,O3,10000,cvar_0.10,420,21,-0.0008379729819796736,0.010021169436200227,0.013130340433346658,0.013141443928241542,-0.021337067025027575,-0.0007622328907449516,0.0195731267268613,0.6703842379814321,0.9160688854967032,0.9952416656974615,-0.0011692471665099072,0.012153813529943321,0.016630406623367084,,0,0
ESTIMATOR_ERROR,S5,O3,100000,p_feas,420,21,4.197784332982398e-06,0.00031438772768631454,0.0004259095356007355,0.0004254229092193615,-0.0006020207026528238,-3.6324262585275477e-07,0.000730433977213442,0.005739,0.0153,0.03831349999999999,-0.000915955479272448,0.020785423408738717,0.028250864564912666,,0,0
ESTIMATOR_ERROR,S5,O3,100000,p_opt,420,21,-8.249057706974168e-06,0.00020252111862367785,0.0002702945082901666,0.00027009853364332867,-0.00047252757017177,-1.7969359731185436e-06,0.00041373317671189404,0.00176,0.006535,0.014591499999999999,-0.000520405353433564,0.03056307408358448,0.04178703533294622,,0,0
ESTIMATOR_ERROR,S5,O3,100000,mean_energy,420,21,-0.0001032895324996418,0.0014719195422443292,0.0018412915814186859,0.0018419965098395602,-0.0030109555047552966,-8.779305791362102e-05,0.002868129034876587,1.3783092394170602,1.540082295209531,1.7400975694744292,-6.345152845004728e-05,0.0009516408009092809,0.001191077925824126,,0,0
ESTIMATOR_ERROR,S5,O3,100000,cvar_0.10,420,21,-2.811688485040907e-05,0.0031271821923316706,0.0042538263120230815,0.0042488522482626735,-0.007140635831236368,9.254240787143209e-05,0.005954234987329244,0.6746096998651837,0.9154529822482637,0.9889689378934825,-5.851534200816827e-05,0.0037724663057555345,0.005340629429050594,,0,0
ORDERING_AGREEMENT,ALL,O3_vs_O0,1000,p_feas,1680,84,,,,,,,,,,,,,,0.9476190476190476,1680,0
ORDERING_AGREEMENT,ALL,O3_vs_O0,10000,p_feas,1680,84,,,,,,,,,,,,,,0.9928571428571429,1680,0
ORDERING_AGREEMENT,ALL,O3_vs_O0,100000,p_feas,1680,84,,,,,,,,,,,,,,1.0,1680,0
ORDERING_AGREEMENT,S1,O3_vs_O0,1000,p_feas,180,9,,,,,,,,,,,,,,0.8555555555555555,180,0
ORDERING_AGREEMENT,S1,O3_vs_O0,10000,p_feas,180,9,,,,,,,,,,,,,,0.9555555555555556,180,0
ORDERING_AGREEMENT,S1,O3_vs_O0,100000,p_feas,180,9,,,,,,,,,,,,,,1.0,180,0
ORDERING_AGREEMENT,S2,O3_vs_O0,1000,p_feas,240,12,,,,,,,,,,,,,,0.925,240,0
ORDERING_AGREEMENT,S2,O3_vs_O0,10000,p_feas,240,12,,,,,,,,,,,,,,0.9833333333333333,240,0
ORDERING_AGREEMENT,S2,O3_vs_O0,100000,p_feas,240,12,,,,,,,,,,,,,,1.0,240,0
ORDERING_AGREEMENT,S3,O3_vs_O0,1000,p_feas,420,21,,,,,,,,,,,,,,0.9714285714285714,420,0
ORDERING_AGREEMENT,S3,O3_vs_O0,10000,p_feas,420,21,,,,,,,,,,,,,,1.0,420,0
ORDERING_AGREEMENT,S3,O3_vs_O0,100000,p_feas,420,21,,,,,,,,,,,,,,1.0,420,0
ORDERING_AGREEMENT,S4,O3_vs_O0,1000,p_feas,420,21,,,,,,,,,,,,,,0.9642857142857143,420,0
ORDERING_AGREEMENT,S4,O3_vs_O0,10000,p_feas,420,21,,,,,,,,,,,,,,1.0,420,0
ORDERING_AGREEMENT,S4,O3_vs_O0,100000,p_feas,420,21,,,,,,,,,,,,,,1.0,420,0
ORDERING_AGREEMENT,S5,O3_vs_O0,1000,p_feas,420,21,,,,,,,,,,,,,,0.9595238095238096,420,0
ORDERING_AGREEMENT,S5,O3_vs_O0,10000,p_feas,420,21,,,,,,,,,,,,,,1.0,420,0
ORDERING_AGREEMENT,S5,O3_vs_O0,100000,p_feas,420,21,,,,,,,,,,,,,,1.0,420,0
ORDERING_AGREEMENT,ALL,O3_vs_O0,1000,p_opt,1680,84,,,,,,,,,,,,,,0.8690476190476191,1680,0
ORDERING_AGREEMENT,ALL,O3_vs_O0,10000,p_opt,1680,84,,,,,,,,,,,,,,0.9785714285714285,1680,0
ORDERING_AGREEMENT,ALL,O3_vs_O0,100000,p_opt,1680,84,,,,,,,,,,,,,,0.9904761904761905,1680,0
ORDERING_AGREEMENT,S1,O3_vs_O0,1000,p_opt,180,9,,,,,,,,,,,,,,0.8111111111111111,180,0
ORDERING_AGREEMENT,S1,O3_vs_O0,10000,p_opt,180,9,,,,,,,,,,,,,,0.9777777777777777,180,0
ORDERING_AGREEMENT,S1,O3_vs_O0,100000,p_opt,180,9,,,,,,,,,,,,,,1.0,180,0
ORDERING_AGREEMENT,S2,O3_vs_O0,1000,p_opt,240,12,,,,,,,,,,,,,,0.8625,240,0
ORDERING_AGREEMENT,S2,O3_vs_O0,10000,p_opt,240,12,,,,,,,,,,,,,,0.9625,240,0
ORDERING_AGREEMENT,S2,O3_vs_O0,100000,p_opt,240,12,,,,,,,,,,,,,,0.9708333333333333,240,0
ORDERING_AGREEMENT,S3,O3_vs_O0,1000,p_opt,420,21,,,,,,,,,,,,,,0.8761904761904762,420,0
ORDERING_AGREEMENT,S3,O3_vs_O0,10000,p_opt,420,21,,,,,,,,,,,,,,0.9547619047619048,420,0
ORDERING_AGREEMENT,S3,O3_vs_O0,100000,p_opt,420,21,,,,,,,,,,,,,,0.9785714285714285,420,0
ORDERING_AGREEMENT,S4,O3_vs_O0,1000,p_opt,420,21,,,,,,,,,,,,,,0.8928571428571429,420,0
ORDERING_AGREEMENT,S4,O3_vs_O0,10000,p_opt,420,21,,,,,,,,,,,,,,0.9952380952380953,420,0
ORDERING_AGREEMENT,S4,O3_vs_O0,100000,p_opt,420,21,,,,,,,,,,,,,,1.0,420,0
ORDERING_AGREEMENT,S5,O3_vs_O0,1000,p_opt,420,21,,,,,,,,,,,,,,0.8666666666666667,420,0
ORDERING_AGREEMENT,S5,O3_vs_O0,10000,p_opt,420,21,,,,,,,,,,,,,,0.9952380952380953,420,0
ORDERING_AGREEMENT,S5,O3_vs_O0,100000,p_opt,420,21,,,,,,,,,,,,,,1.0,420,0
ORDERING_AGREEMENT,ALL,O3_vs_O0,1000,mean_energy,1680,84,,,,,,,,,,,,,,0.9761904761904762,1680,0
ORDERING_AGREEMENT,ALL,O3_vs_O0,10000,mean_energy,1680,84,,,,,,,,,,,,,,0.9922619047619048,1680,0
ORDERING_AGREEMENT,ALL,O3_vs_O0,100000,mean_energy,1680,84,,,,,,,,,,,,,,0.9994047619047619,1680,0
ORDERING_AGREEMENT,S1,O3_vs_O0,1000,mean_energy,180,9,,,,,,,,,,,,,,0.9611111111111111,180,0
ORDERING_AGREEMENT,S1,O3_vs_O0,10000,mean_energy,180,9,,,,,,,,,,,,,,1.0,180,0
ORDERING_AGREEMENT,S1,O3_vs_O0,100000,mean_energy,180,9,,,,,,,,,,,,,,1.0,180,0
ORDERING_AGREEMENT,S2,O3_vs_O0,1000,mean_energy,240,12,,,,,,,,,,,,,,0.9083333333333333,240,0
ORDERING_AGREEMENT,S2,O3_vs_O0,10000,mean_energy,240,12,,,,,,,,,,,,,,0.95,240,0
ORDERING_AGREEMENT,S2,O3_vs_O0,100000,mean_energy,240,12,,,,,,,,,,,,,,0.9958333333333333,240,0
ORDERING_AGREEMENT,S3,O3_vs_O0,1000,mean_energy,420,21,,,,,,,,,,,,,,0.9976190476190476,420,0
ORDERING_AGREEMENT,S3,O3_vs_O0,10000,mean_energy,420,21,,,,,,,,,,,,,,1.0,420,0
ORDERING_AGREEMENT,S3,O3_vs_O0,100000,mean_energy,420,21,,,,,,,,,,,,,,1.0,420,0
ORDERING_AGREEMENT,S4,O3_vs_O0,1000,mean_energy,420,21,,,,,,,,,,,,,,0.9880952380952381,420,0
ORDERING_AGREEMENT,S4,O3_vs_O0,10000,mean_energy,420,21,,,,,,,,,,,,,,0.9976190476190476,420,0
ORDERING_AGREEMENT,S4,O3_vs_O0,100000,mean_energy,420,21,,,,,,,,,,,,,,1.0,420,0
ORDERING_AGREEMENT,S5,O3_vs_O0,1000,mean_energy,420,21,,,,,,,,,,,,,,0.9880952380952381,420,0
ORDERING_AGREEMENT,S5,O3_vs_O0,10000,mean_energy,420,21,,,,,,,,,,,,,,1.0,420,0
ORDERING_AGREEMENT,S5,O3_vs_O0,100000,mean_energy,420,21,,,,,,,,,,,,,,1.0,420,0
ORDERING_AGREEMENT,ALL,O3_vs_O0,1000,cvar_0.10,1680,84,,,,,,,,,,,,,,0.9425925925925925,1620,60
ORDERING_AGREEMENT,ALL,O3_vs_O0,10000,cvar_0.10,1680,84,,,,,,,,,,,,,,0.991358024691358,1620,60
ORDERING_AGREEMENT,ALL,O3_vs_O0,100000,cvar_0.10,1680,84,,,,,,,,,,,,,,0.9975308641975309,1620,60
ORDERING_AGREEMENT,S1,O3_vs_O0,1000,cvar_0.10,180,9,,,,,,,,,,,,,,0.8416666666666667,120,60
ORDERING_AGREEMENT,S1,O3_vs_O0,10000,cvar_0.10,180,9,,,,,,,,,,,,,,0.9916666666666667,120,60
ORDERING_AGREEMENT,S1,O3_vs_O0,100000,cvar_0.10,180,9,,,,,,,,,,,,,,1.0,120,60
ORDERING_AGREEMENT,S2,O3_vs_O0,1000,cvar_0.10,240,12,,,,,,,,,,,,,,0.9166666666666666,240,0
ORDERING_AGREEMENT,S2,O3_vs_O0,10000,cvar_0.10,240,12,,,,,,,,,,,,,,0.9708333333333333,240,0
ORDERING_AGREEMENT,S2,O3_vs_O0,100000,cvar_0.10,240,12,,,,,,,,,,,,,,0.9833333333333333,240,0
ORDERING_AGREEMENT,S3,O3_vs_O0,1000,cvar_0.10,420,21,,,,,,,,,,,,,,0.9547619047619048,420,0
ORDERING_AGREEMENT,S3,O3_vs_O0,10000,cvar_0.10,420,21,,,,,,,,,,,,,,0.9952380952380953,420,0
ORDERING_AGREEMENT,S3,O3_vs_O0,100000,cvar_0.10,420,21,,,,,,,,,,,,,,1.0,420,0
ORDERING_AGREEMENT,S4,O3_vs_O0,1000,cvar_0.10,420,21,,,,,,,,,,,,,,0.9571428571428572,420,0
ORDERING_AGREEMENT,S4,O3_vs_O0,10000,cvar_0.10,420,21,,,,,,,,,,,,,,0.9976190476190476,420,0
ORDERING_AGREEMENT,S4,O3_vs_O0,100000,cvar_0.10,420,21,,,,,,,,,,,,,,1.0,420,0
ORDERING_AGREEMENT,S5,O3_vs_O0,1000,cvar_0.10,420,21,,,,,,,,,,,,,,0.9595238095238096,420,0
ORDERING_AGREEMENT,S5,O3_vs_O0,10000,cvar_0.10,420,21,,,,,,,,,,,,,,0.9928571428571429,420,0
ORDERING_AGREEMENT,S5,O3_vs_O0,100000,cvar_0.10,420,21,,,,,,,,,,,,,,1.0,420,0
