graph_id,optimizer,objective,depth,n_tasks,objective_value,mean_energy,P_feas,P_opt,P_opt_given_feas,G_feas
g-3ff7063ef9ea5cfb,COBYLA,O0,2,7,1.8049367552549207,1.8049367552549207,0.0035830590055232875,0.0014062032420949998,0.4815567507626067,1.7706820749120398
g-3ff7063ef9ea5cfb,COBYLA,O0,3,7,1.5029430103976886,1.5029430103976886,0.0017714148871307036,0.001012679649582969,0.6709842641547435,1.361475872411552
g-3ff7063ef9ea5cfb,COBYLA,O3,2,7,1.0091442540526536,1.893921725864804,0.007133634604915561,0.0031740950801416134,0.4511018386860302,2.0029214929741945
g-3ff7063ef9ea5cfb,COBYLA,O3,3,7,0.9327584439736689,1.7458242196498794,0.01265909841548853,0.005709205255862192,0.5459081668020102,2.265233723056821
g-3ff7063ef9ea5cfb,Nelder-Mead,O0,2,7,1.6864665778798857,1.6864665778798857,0.006172600785272541,0.002763056789942656,0.4911202026083429,2.0025803514565683
g-3ff7063ef9ea5cfb,Nelder-Mead,O0,3,7,1.5104174264976027,1.5104174264976027,0.0016885055289117775,0.0008586971213529594,0.5463654278785877,1.4125194289650722
g-3ff7063ef9ea5cfb,Nelder-Mead,O3,2,7,0.9913426613145223,1.8615784000224151,0.009713205795092121,0.004502211073225733,0.46967792047789814,2.2194452108243445
g-3ff7063ef9ea5cfb,Nelder-Mead,O3,3,7,0.929553367922115,1.7269151739576396,0.013622105398277098,0.005411174553495769,0.5420304766308367,2.279484472859953
g-3ff7063ef9ea5cfb,SLSQP,O0,2,7,1.4557463249567835,1.4557463249567835,0.006553860399483443,0.003081628237216615,0.606520386725984,1.748336133532579
g-3ff7063ef9ea5cfb,SLSQP,O0,3,7,1.4139999725152197,1.4139999725152197,0.0021034958337767793,0.001326352710954898,0.6536159236580982,1.4120513605783926
g-3ff7063ef9ea5cfb,SLSQP,O3,2,7,0.9187031891672045,1.822153696812484,0.01597295418725121,0.007895527305116038,0.4687612875694288,2.289343425493488
g-3ff7063ef9ea5cfb,SLSQP,O3,3,7,0.9502412590995777,1.6844397056862128,0.010623694417359438,0.004957107202024874,0.5179239789651923,2.183915791387086
g-548c8c6335dd2a2e,COBYLA,O0,2,3,1.5286140297199582,1.5286140297199582,0.12392707244621855,0.0781592602785506,0.6656292564970203,0.9291268329025208
g-548c8c6335dd2a2e,COBYLA,O0,3,3,1.564568068433264,1.564568068433264,0.09168440613771071,0.05411825136057724,0.6467577811663523,0.7514862952033354
g-548c8c6335dd2a2e,COBYLA,O3,2,3,0.4401962026678865,2.030243442000346,0.11725010908360604,0.05315288949620717,0.6117609630150479,0.7433498391553569
g-548c8c6335dd2a2e,COBYLA,O3,3,3,0.1759328026048553,1.7224120891439776,0.13604383021759572,0.07772375770674708,0.6783275180158462,0.9248641341911172
g-548c8c6335dd2a2e,Nelder-Mead,O0,2,3,1.5564633217584174,1.5564633217584174,0.06262713333052917,0.03382801903941167,0.6071665816170251,0.6028913555057765
g-548c8c6335dd2a2e,Nelder-Mead,O0,3,3,1.5504099068311834,1.5504099068311834,0.0468996872827733,0.0296774589752079,0.6852726479971144,0.46459415961977163
g-548c8c6335dd2a2e,Nelder-Mead,O3,2,3,0.5353277139103118,2.2081610832836165,0.05894698850768954,0.031550239467118886,0.5513939183392894,0.6028723835438327
g-548c8c6335dd2a2e,Nelder-Mead,O3,3,3,0.07968626937581692,1.8748781648767687,0.11633287229573369,0.0855445026470318,0.7574362145514669,0.8979172970750405
g-548c8c6335dd2a2e,SLSQP,O0,2,3,1.540526851197167,1.540526851197167,0.10016219181209558,0.053135560895702844,0.6108619707922994,0.8279173577967706
g-548c8c6335dd2a2e,SLSQP,O0,3,3,1.5152498044216873,1.5152498044216873,0.18968896289981285,0.10464307269058666,0.6584520152232188,1.0859635138635666
g-548c8c6335dd2a2e,SLSQP,O3,2,3,0.3749274285137598,2.1301156861206247,0.0951523244913089,0.0443582798230179,0.5928494772296738,0.7539309711593826
g-548c8c6335dd2a2e,SLSQP,O3,3,3,0.023255813953488372,1.7232004651574906,0.16222897080956897,0.10637432395038256,0.7361272653691372,1.0070482334687563
g-553bb3c5ba0f2136,COBYLA,O0,2,3,1.732816039311281,1.732816039311281,0.04255724961576867,0.03618793880093806,0.7373884635299244,0.41180081164801585
g-553bb3c5ba0f2136,COBYLA,O0,3,3,1.5052790902507793,1.5052790902507793,0.11288056250446166,0.06917084597656854,0.7083179567901223,0.6113064824261406
g-553bb3c5ba0f2136,COBYLA,O3,2,3,0.11938400401470023,1.787901916886961,0.12215298215448474,0.06438258273088271,0.6822669895512838,0.9188627332613498
g-553bb3c5ba0f2136,COBYLA,O3,3,3,0.054263565891472874,1.7475044222458802,0.11992997670614709,0.10097616746693615,0.7025054610959311,0.92235668510492
g-553bb3c5ba0f2136,Nelder-Mead,O0,2,3,1.496570782886062,1.496570782886062,0.12363465831120324,0.06501061046898844,0.6101989860587441,0.8848677201253393
g-553bb3c5ba0f2136,Nelder-Mead,O0,3,3,1.4777843343457873,1.4777843343457873,0.08699506589028289,0.0722807435439162,0.7318984207687813,0.5205721196902685
g-553bb3c5ba0f2136,Nelder-Mead,O3,2,3,0.7279007891541321,2.1524738114640383,0.041218576265711813,0.022948741222233417,0.663052277489638,0.39476080870512725
g-553bb3c5ba0f2136,Nelder-Mead,O3,3,3,0.1489901773755258,1.7877287793366754,0.10148790371833492,0.09163768512593144,0.8855484190094511,0.8448376466829192
g-553bb3c5ba0f2136,SLSQP,O0,2,3,1.495895611480172,1.495895611480172,0.10566815842879612,0.060583346929427094,0.5960325635244255,0.8545920297001605
g-553bb3c5ba0f2136,SLSQP,O0,3,3,1.403025428952464,1.403025428952464,0.16937855280037825,0.08167858378492916,0.6322292166189815,0.8872625728395489
g-553bb3c5ba0f2136,SLSQP,O3,2,3,0.5887248726237105,2.1417182503831063,0.0542428471198329,0.0358919320322894,0.6605317991546911,0.5814102807252547
g-553bb3c5ba0f2136,SLSQP,O3,3,3,0.058206510087771245,1.6071696771714716,0.13767371810159904,0.09794088196811607,0.7210512450146749,0.9807192652286766
g-60667963f6db3f1b,COBYLA,O0,2,4,1.696371506737789,1.696371506737789,0.035116048837248684,0.013013468066082525,0.5017959472026825,1.0726185971889837
g-60667963f6db3f1b,COBYLA,O0,3,4,1.695091645768298,1.695091645768298,0.014524424625825615,0.005027478408436543,0.7008762786735795,0.3551023621283227
g-60667963f6db3f1b,COBYLA,O3,2,4,0.6179986147177321,2.02604404616799,0.05426251178005158,0.0276533890989462,0.5641396684541298,1.2487065845440337
g-60667963f6db3f1b,COBYLA,O3,3,4,0.6149186479318656,1.9896100723018837,0.050825148665093606,0.02434527380442327,0.576727056887762,1.3300756030393064
g-60667963f6db3f1b,Nelder-Mead,O0,2,4,1.8015888091289223,1.8015888091289223,0.010038226294574015,0.004168813138194187,0.47703182448037007,0.6342554627787819
g-60667963f6db3f1b,Nelder-Mead,O0,3,4,1.6414731482217915,1.6414731482217915,0.006848683954322475,0.003970997436476746,0.703565221158448,0.18483829599474952
g-60667963f6db3f1b,Nelder-Mead,O3,2,4,0.9281633746182366,2.1180878037500626,0.024420118189300295,0.012811226948233194,0.6375859645865789,0.9905489097500104
g-60667963f6db3f1b,Nelder-Mead,O3,3,4,0.4886722991906224,1.9006558800541569,0.06111721268176417,0.03360845231304711,0.6248755308664177,1.409449439534176
g-60667963f6db3f1b,SLSQP,O0,2,4,1.794038939771479,1.794038939771479,0.012864936706766899,0.006163631325020049,0.5289282591581078,0.7386631072410761
g-60667963f6db3f1b,SLSQP,O0,3,4,1.7246857084097962,1.7246857084097962,0.017109734830024672,0.00776707832311661,0.757731442631995,0.4264429315252616
g-60667963f6db3f1b,SLSQP,O3,2,4,0.8368307532045025,2.1706573877374993,0.039823596944781894,0.016200914238536673,0.7366760962294583,0.8284487252154538
g-60667963f6db3f1b,SLSQP,O3,3,4,0.30625505376562784,1.837724642045972,0.08079644006596268,0.04607194304597156,0.7034695361937575,1.5169750011632679
g-6aa6775bed3bc2cc,COBYLA,O0,2,4,1.5999408273889557,1.5999408273889557,0.014225552268908455,0.00947769508976233,0.7086678270500301,0.7483874964419968
g-6aa6775bed3bc2cc,COBYLA,O0,3,4,1.5538830062721531,1.5538830062721531,0.009432990275897347,0.005745376651320757,0.7639836272649425,0.40457284811745986
g-6aa6775bed3bc2cc,COBYLA,O3,2,4,0.8763861274289597,1.863861464125516,0.025795057902904303,0.01696799961921836,0.6682241237033055,1.034001477972615
g-6aa6775bed3bc2cc,COBYLA,O3,3,4,0.688404771342258,1.8522576213343578,0.04319678530111479,0.02727565173009618,0.6986684635204176,1.2321904358203402
g-6aa6775bed3bc2cc,Nelder-Mead,O0,2,4,1.518590661613751,1.518590661613751,0.03353062030449481,0.022365803449679034,0.7242053703735936,0.9648876163005005
g-6aa6775bed3bc2cc,Nelder-Mead,O0,3,4,1.5391962449602756,1.5391962449602756,0.00884784468819289,0.006223479464610395,0.6683035495389622,0.025789439786751883
g-6aa6775bed3bc2cc,Nelder-Mead,O3,2,4,1.0238886582790194,1.9832617662307972,0.01575533987778581,0.010285129262029426,0.6809512075531341,0.8496709844835625
g-6aa6775bed3bc2cc,Nelder-Mead,O3,3,4,0.647090974174468,1.7995571878821746,0.049850880355309005,0.03504025356709267,0.7382143890708939,1.2338733636769248
g-6aa6775bed3bc2cc,SLSQP,O0,2,4,1.4578633347109655,1.4578633347109655,0.029222575765887025,0.018187284916196457,0.7071092877550799,0.9036426374744657
g-6aa6775bed3bc2cc,SLSQP,O0,3,4,1.459570790948709,1.459570790948709,0.01824789014234902,0.01133623620404384,0.8288227997163584,0.2786479749717868
g-6aa6775bed3bc2cc,SLSQP,O3,2,4,0.8167264312582478,1.9193739492061739,0.03331342472690707,0.021588999321861323,0.691365503194714,1.102150604652365
g-6aa6775bed3bc2cc,SLSQP,O3,3,4,0.5501229420275269,1.7182407541393263,0.06291956691863786,0.044226030586269116,0.7029095189696344,1.2441350351681773
g-8a16a856f5377a40,COBYLA,O0,2,7,1.6623672897407782,1.6623672897407782,0.013125696517848113,0.004273058374656104,0.4282837630366614,1.4316413675723205
g-8a16a856f5377a40,COBYLA,O0,3,7,1.3795135093675266,1.3795135093675266,0.013007841327587037,0.007493104099105254,0.7532057465721731,0.9169429608620211
g-8a16a856f5377a40,COBYLA,O3,2,7,0.8058436014235486,1.8615728802591922,0.027656615281094216,0.011885147961025216,0.5186376155404979,1.7441001292107272
g-8a16a856f5377a40,COBYLA,O3,3,7,0.6358663783583773,1.7870932380984728,0.04352864754511795,0.02409935192619636,0.6192810427351837,1.953364784714788
g-8a16a856f5377a40,Nelder-Mead,O0,2,7,1.5874465992189297,1.5874465992189297,0.013449898561780227,0.005596841334137429,0.4736310530786675,1.4819707310367534
g-8a16a856f5377a40,Nelder-Mead,O0,3,7,1.3955914347293297,1.3955914347293297,0.007930282028258292,0.004531473338149459,0.6555672284641736,0.8690864440413127
g-8a16a856f5377a40,Nelder-Mead,O3,2,7,0.7499666564840093,1.7996501119165185,0.03380956520072292,0.015040659274016642,0.46744002264800766,1.8532667830909642
g-8a16a856f5377a40,Nelder-Mead,O3,3,7,0.5147119756807433,1.7634822878628693,0.055484841783344,0.030147904458893225,0.633984701347,1.9902740439861957
g-8a16a856f5377a40,SLSQP,O0,2,7,1.4196185512189625,1.4196185512189625,0.028943558500314843,0.01283103785207133,0.49934679849557073,1.6499963986391974
g-8a16a856f5377a40,SLSQP,O0,3,7,1.3130826023597721,1.3130826023597721,0.013221582542301493,0.008046603014950951,0.7378960944796419,0.5891135605228518
g-8a16a856f5377a40,SLSQP,O3,2,7,0.6030605823096076,1.728241978353761,0.04747552447130621,0.02339655902873239,0.5265376194101802,1.9893414064711696
g-8a16a856f5377a40,SLSQP,O3,3,7,0.5334637743905238,1.7899522730221837,0.0539227111979902,0.028160641670042865,0.6143447087580636,1.9164937383605634
g-a712031e7959d564,COBYLA,O0,2,7,1.579610635040056,1.579610635040056,0.020942613372296883,0.005280435652758505,0.3756988254910037,1.6328225811020818
g-a712031e7959d564,COBYLA,O0,3,7,1.3770771751546234,1.3770771751546234,0.01656917352187337,0.005893592690568216,0.6671436692072873,1.0081811910514098
g-a712031e7959d564,COBYLA,O3,2,7,0.7454897922043714,1.8262324814627715,0.032874632864056556,0.01041184298865695,0.3899412636957095,1.8788224893039889
g-a712031e7959d564,COBYLA,O3,3,7,0.5650365930336868,1.7895753210534397,0.04891347383304009,0.024783238594397367,0.5429477485179007,2.0410354319675603
g-a712031e7959d564,Nelder-Mead,O0,2,7,1.643202581926469,1.643202581926469,0.01700429696259562,0.0062817701179231755,0.3671863289034071,1.5967751270370185
g-a712031e7959d564,Nelder-Mead,O0,3,7,1.3761305352236788,1.3761305352236788,0.004913123123723086,0.0026430905596028812,0.5853383259081008,0.9019330760488403
g-a712031e7959d564,Nelder-Mead,O3,2,7,0.5007206869178352,1.6547095789751125,0.058114484692488755,0.018844350318360414,0.38805237826154365,2.093139583947258
g-a712031e7959d564,Nelder-Mead,O3,3,7,0.5368679389924685,1.7224851706861946,0.05183600236508231,0.022966422958814733,0.5384357929614949,2.0442153491720574
g-a712031e7959d564,SLSQP,O0,2,7,1.3727662051711336,1.3727662051711336,0.032846236066147436,0.011037244282193022,0.44144756933317414,1.6964153200796435
g-a712031e7959d564,SLSQP,O0,3,7,1.2838280931220702,1.2838280931220702,0.006406088975456306,0.0039025762126919518,0.5352377219264464,0.914169830809923
g-a712031e7959d564,SLSQP,O3,2,7,0.5569361581663399,1.6740238288126983,0.05033410375667974,0.02093232741174122,0.4646650560552814,2.0674794168888746
g-a712031e7959d564,SLSQP,O3,3,7,0.4587047375301544,1.7485388723479967,0.060118570218907104,0.02194811378845673,0.44812027259357334,2.1334534296955705
g-a87f1b9ac089cc45,COBYLA,O0,2,7,1.6928404312263297,1.6928404312263297,0.0025193083458333564,0.00137840579629472,0.5523244885997883,2.5142930557070886
g-a87f1b9ac089cc45,COBYLA,O0,3,7,1.4042685900681602,1.4042685900681602,0.003038132737622675,0.0013852156907805744,0.5943721316930825,2.488582931876909
g-a87f1b9ac089cc45,COBYLA,O3,2,7,1.04562824031222,1.8961233968231268,0.002910409465976416,0.0015879084839697814,0.4899174477551277,2.5208443490996726
g-a87f1b9ac089cc45,COBYLA,O3,3,7,0.9538791105732318,1.6007218691767822,0.00989212572833762,0.005141871227799165,0.5708467834354699,3.119031227361377
g-a87f1b9ac089cc45,Nelder-Mead,O0,2,7,1.4884414040893372,1.4884414040893372,0.004639648026429214,0.0028583392969218397,0.5663198008345588,2.7488104306674104
g-a87f1b9ac089cc45,Nelder-Mead,O0,3,7,1.3455896486534158,1.3455896486534158,0.0027090693963112067,0.001315312958388937,0.613361462258759,2.45248415197236
g-a87f1b9ac089cc45,Nelder-Mead,O3,2,7,0.9525989501850266,1.8410929382404884,0.011142509651124918,0.006237628883668292,0.5436229803368315,2.9990308369559258
g-a87f1b9ac089cc45,Nelder-Mead,O3,3,7,0.934503969801412,1.5484342315816566,0.011154940301555697,0.005825775300111311,0.5606224227884304,3.1600775192614288
g-a87f1b9ac089cc45,SLSQP,O0,2,7,1.3528770966301444,1.3528770966301444,0.0016905461658315614,0.0008010310406680756,0.6134122849524193,2.2101610074797082
g-a87f1b9ac089cc45,SLSQP,O0,3,7,1.260422469742629,1.260422469742629,0.0028100509499569127,0.001256817057852964,0.6203709717235141,2.25218169174645
g-a87f1b9ac089cc45,SLSQP,O3,2,7,0.907706952233409,1.7008787104551253,0.015245407382532748,0.007452283888576794,0.515535611180244,3.095620071608535
g-a87f1b9ac089cc45,SLSQP,O3,3,7,0.9403902854993316,1.6228276811966285,0.010518878789943854,0.005447131209016178,0.5705342390708523,3.104002958029412
g-bd62d2d752385cc7,COBYLA,O0,2,7,1.7417188421334355,1.7417188421334355,0.004770612705086032,0.0015843626721788098,0.38762680079886624,1.8966358240207402
g-bd62d2d752385cc7,COBYLA,O0,3,7,1.4127283740901413,1.4127283740901413,0.0030803053794590733,0.002253211156646625,0.7582605380326949,1.7298073378958085
g-bd62d2d752385cc7,COBYLA,O3,2,7,1.0319990974555868,2.001385789496069,0.005894938774948374,0.0017684871922092735,0.3137075394061913,1.9864960960513558
g-bd62d2d752385cc7,COBYLA,O3,3,7,0.9375233466345032,1.6749765480398762,0.012800414133669422,0.004969750577909342,0.4697486938759767,2.3547167732085943
g-bd62d2d752385cc7,Nelder-Mead,O0,2,7,1.5122177781147041,1.5122177781147041,0.005958750354937851,0.00240893794717368,0.43297763530074346,2.01326257416919
g-bd62d2d752385cc7,Nelder-Mead,O0,3,7,1.420512310345726,1.420512310345726,0.0026535248682662545,0.001421727841306062,0.5678029996481397,1.6459018115024786
g-bd62d2d752385cc7,Nelder-Mead,O3,2,7,1.0154214597134072,1.9927144956051241,0.006556143224394516,0.003064706917622429,0.40237860649776186,1.9778801006077307
g-bd62d2d752385cc7,Nelder-Mead,O3,3,7,0.9153476211348444,1.5783799682292454,0.01534901762089468,0.005645607637765051,0.47307365920480937,2.405682969331899
g-bd62d2d752385cc7,SLSQP,O0,2,7,1.419163334009134,1.419163334009134,0.0052862517513378076,0.002243241610535717,0.5433139802578469,1.7880630552373618
g-bd62d2d752385cc7,SLSQP,O0,3,7,1.3328018557043741,1.3328018557043741,0.004172788850808545,0.0022819771751055825,0.6184915925678104,1.7274650912541536
g-bd62d2d752385cc7,SLSQP,O3,2,7,0.9817961032688993,1.902427060065646,0.009270804952206451,0.004286845662695614,0.41584401527887077,2.0234780928804637
g-bd62d2d752385cc7,SLSQP,O3,3,7,0.9048599275264407,1.57481196982169,0.016047109709893485,0.005946088166007993,0.46374320446165446,2.432297140995416
g-e0c69f84d376b633,COBYLA,O0,2,7,1.6137826362010241,1.6137826362010241,0.004779800747938147,0.0012314627025913638,0.3980880562909831,2.684001025915793
g-e0c69f84d376b633,COBYLA,O0,3,7,1.3988963496048092,1.3988963496048092,0.0011986807617746609,0.0004206757765751359,0.44963507256052704,2.1633256501786713
g-e0c69f84d376b633,COBYLA,O3,2,7,0.9818519505035495,1.8000874985876087,0.008704977589515198,0.0025547869967012353,0.40297501870476715,3.0118327538076093
g-e0c69f84d376b633,COBYLA,O3,3,7,0.9324118843017609,1.7232434878985248,0.012191508891466932,0.0033877423749624673,0.409364033632727,3.1256522402549654
g-e0c69f84d376b633,Nelder-Mead,O0,2,7,1.567055998509222,1.567055998509222,0.012371636679891645,0.0029661033251574755,0.3988372161202643,3.042594145577714
g-e0c69f84d376b633,Nelder-Mead,O0,3,7,1.4406964207408774,1.4406964207408774,0.002414881396185871,0.0007976652084405178,0.4279900352301702,2.4190564319995227
g-e0c69f84d376b633,Nelder-Mead,O3,2,7,0.8569005719786454,1.748621477948475,0.020330514359074573,0.005927955575235636,0.40290693738550415,3.355710670447396
g-e0c69f84d376b633,Nelder-Mead,O3,3,7,0.9204679743872575,1.741988316424394,0.0134520360913163,0.003802525279852388,0.40570681006148074,3.160757407573105
g-e0c69f84d376b633,SLSQP,O0,2,7,1.3220300608815272,1.3220300608815272,0.002016992642949696,0.0004803800869482248,0.525006055197274,1.9795341448714274
g-e0c69f84d376b633,SLSQP,O0,3,7,1.270653709364263,1.270653709364263,0.0013629486214963482,0.00045481710361576196,0.5166577312779791,1.9269612754675542
g-e0c69f84d376b633,SLSQP,O3,2,7,0.8497564036595321,1.7196002846507243,0.020460078274690548,0.005651312281620841,0.4073070855017007,3.3579032894036076
g-e0c69f84d376b633,SLSQP,O3,3,7,0.8999660962965742,1.7545615290746923,0.016047468970753046,0.0042250139945489385,0.40249494615263487,3.236715987001628
