graph_id,size_stratum,objective,depth,budget,n_tasks,objective_value,mean_energy,P_feas,P_opt,P_opt_given_feas,G_feas
g-3ff7063ef9ea5cfb,S4,O0,2,120,3,1.819094793445701,1.819094793445701,0.0037951426836533345,0.001542555575103119,0.5380993961992306,1.8346081109735868
g-3ff7063ef9ea5cfb,S4,O0,2,240,3,1.7613927399016607,1.7613927399016607,0.0051872095755788805,0.00203259776060601,0.5551527631605145,1.9242648389943593
g-3ff7063ef9ea5cfb,S4,O0,2,480,3,1.7357289608234465,1.7357289608234465,0.0058727331002327715,0.002267784796100474,0.550223824005239,1.9556673430070655
g-3ff7063ef9ea5cfb,S4,O0,3,120,3,1.5354791508901922,1.5354791508901922,0.0016927851251999904,0.0009676397006436662,0.670626189855061,1.401907660275364
g-3ff7063ef9ea5cfb,S4,O0,3,240,3,1.5175029591503497,1.5175029591503497,0.0019973533834146974,0.0011851772626098568,0.6998720654928275,1.432437323103474
g-3ff7063ef9ea5cfb,S4,O0,3,480,3,1.4888217874976668,1.4888217874976668,0.00260716906941639,0.0013748689274027902,0.7394892361696348,1.4910606019726877
g-3ff7063ef9ea5cfb,S4,O0,4,120,3,1.4945247410174158,1.4945247410174158,0.012472824333759869,0.005787499564032526,0.5649223493177444,2.321673913460968
g-3ff7063ef9ea5cfb,S4,O0,4,240,3,1.457191040151116,1.457191040151116,0.012993240136745498,0.005882587280640314,0.562355906318409,2.333636064765964
g-3ff7063ef9ea5cfb,S4,O0,4,480,3,1.4387609637879921,1.4387609637879921,0.013559158746786676,0.0060959530733776844,0.5569963565877504,2.3564061621514942
g-3ff7063ef9ea5cfb,S4,O3,2,120,3,1.0515030675050776,2.0647049486356037,0.003763178288531011,0.001795350404123571,0.4347072907938734,1.8629218488054542
g-3ff7063ef9ea5cfb,S4,O3,2,240,3,1.0297490198231498,2.02910141764085,0.005522259741430623,0.002438691099439783,0.45013946833734725,1.9814454072761738
g-3ff7063ef9ea5cfb,S4,O3,2,480,3,0.9991663720449165,1.9745780904160126,0.0074281402278569,0.003538726924630959,0.46745642977271556,2.047297538056951
g-3ff7063ef9ea5cfb,S4,O3,3,120,3,0.9316986913417499,1.765881849904634,0.012863947096248786,0.005649832114798452,0.5821598733928718,2.3324838870800813
g-3ff7063ef9ea5cfb,S4,O3,3,240,3,0.9263739631828978,1.7646146957155275,0.013476731071666434,0.005864068593250465,0.5832112040238936,2.351739012770796
g-3ff7063ef9ea5cfb,S4,O3,3,480,3,0.9101745270400753,1.7365451038413144,0.014908152560982185,0.0064169043101550026,0.5865312786250761,2.388797646939774
g-3ff7063ef9ea5cfb,S4,O3,4,120,3,0.8326927104826597,1.709481525287977,0.02321882254913669,0.009882013555359425,0.5976142345372267,2.579392203469261
g-3ff7063ef9ea5cfb,S4,O3,4,240,3,0.8063060329000683,1.70940390300996,0.02560352500465805,0.011566287390998674,0.5910939899074954,2.646631632568625
g-3ff7063ef9ea5cfb,S4,O3,4,480,3,0.7834083529588978,1.6888972516057315,0.0279614248002809,0.01314517498442886,0.5825693249645022,2.697818956845205
g-548c8c6335dd2a2e,S1,O0,2,120,2,1.5362082943934263,1.5362082943934263,0.11086059754868494,0.06846179917348183,0.6938888289736175,0.902467759120082
g-548c8c6335dd2a2e,S1,O0,2,240,2,1.5229819041270503,1.5229819041270503,0.11541184773741955,0.07287296025828226,0.6931841813037043,0.9242016289964492
g-548c8c6335dd2a2e,S1,O0,2,480,2,1.5183373073556004,1.5183373073556004,0.11504536905943638,0.07249169079078539,0.6953617710222233,0.9225223983244372
g-548c8c6335dd2a2e,S1,O0,3,120,2,1.5390438180078416,1.5390438180078416,0.0815701397690517,0.040026649348857635,0.6727945228755683,0.6996993055016267
g-548c8c6335dd2a2e,S1,O0,3,240,2,1.5238443945103652,1.5238443945103652,0.08513107051387142,0.046275553840917624,0.7040298785461508,0.7334107417022694
g-548c8c6335dd2a2e,S1,O0,3,480,2,1.4390437417556132,1.4390437417556132,0.15486388335650547,0.07121548143768183,0.6884812946489863,0.8906358043626483
g-548c8c6335dd2a2e,S1,O0,4,120,2,1.4188283734789962,1.4188283734789962,0.19466024679818147,0.09065241671802517,0.6841576895308366,1.0881418239391674
g-548c8c6335dd2a2e,S1,O0,4,240,2,1.3707023315243294,1.3707023315243294,0.20792943604067352,0.10373217340556388,0.6868178965821243,1.1011496376902128
g-548c8c6335dd2a2e,S1,O0,4,480,2,1.3520953485398923,1.3520953485398923,0.21401722444765175,0.10938324321678983,0.6847425009250937,1.1152641665679928
g-548c8c6335dd2a2e,S1,O3,2,120,2,0.42636335199816283,1.9103788404865203,0.14401403195782908,0.06556794362860742,0.6954052922814206,0.8097891752409374
g-548c8c6335dd2a2e,S1,O3,2,240,2,0.42634798294276094,1.9101654929749448,0.14400964534449606,0.0655635570152744,0.6954052922814206,0.8097245781836243
g-548c8c6335dd2a2e,S1,O3,2,480,2,0.4263467445465326,1.9083489244795389,0.14400900172271874,0.06556291339349708,0.6954052922814206,0.8097150986234325
g-548c8c6335dd2a2e,S1,O3,3,120,2,0.2414558147790515,1.675176608773162,0.13743538686486312,0.0798732289176621,0.6975957099741197,0.9218551416053065
g-548c8c6335dd2a2e,S1,O3,3,240,2,0.21166871008840074,1.6789096751731964,0.14059939055914514,0.08303723261194412,0.6975957099741197,0.9438879007057684
g-548c8c6335dd2a2e,S1,O3,3,480,2,0.023255813953488372,1.6870594221642117,0.1584130948840004,0.10085093693679939,0.6975957099741197,1.0381035113879546
g-548c8c6335dd2a2e,S1,O3,4,120,2,0.023675935519836655,1.775541697592741,0.1588963313054928,0.09993071714460126,0.7091197021468909,1.0391832429886758
g-548c8c6335dd2a2e,S1,O3,4,240,2,0.023255813953488372,1.7286433975869888,0.17643736363700752,0.10072664627470769,0.699963178792032,1.0717960878890573
g-548c8c6335dd2a2e,S1,O3,4,480,2,0.023255813953488372,1.7286433975869888,0.17643736363700752,0.10072664627470769,0.699963178792032,1.0717960878890573
g-553bb3c5ba0f2136,S1,O0,2,120,2,1.6869516094248134,1.6869516094248134,0.03508078513110994,0.03015739404983977,0.686600183762164,0.33473887237764416
g-553bb3c5ba0f2136,S1,O0,2,240,2,1.6830718777489042,1.6830718777489042,0.036247494645202244,0.030520197035713483,0.6834337245318449,0.3652035215254554
g-553bb3c5ba0f2136,S1,O0,2,480,2,1.4151124236822132,1.4151124236822132,0.1128581257677619,0.06923764571603128,0.6757954508470878,0.9194284278582507
g-553bb3c5ba0f2136,S1,O0,3,120,2,1.475999208818429,1.475999208818429,0.08772420294672897,0.03534809824117884,0.6888741247431924,0.40751859882392105
g-553bb3c5ba0f2136,S1,O0,3,240,2,1.468232167603613,1.468232167603613,0.0969601366900139,0.039430501471565266,0.6700351053414577,0.6351511268576879
g-553bb3c5ba0f2136,S1,O0,3,480,2,1.4581808046789517,1.4581808046789517,0.09740986852171449,0.03976009225619006,0.6687513567130997,0.6478143933402256
g-553bb3c5ba0f2136,S1,O0,4,120,2,1.4132612790206267,1.4132612790206267,0.16501244985797928,0.08751022356355034,0.7011483720835506,0.9752721635874307
g-553bb3c5ba0f2136,S1,O0,4,240,2,1.3761527435407144,1.3761527435407144,0.1853456319589614,0.0889646250991751,0.6895360500691334,1.0091713143620447
g-553bb3c5ba0f2136,S1,O0,4,480,2,1.3568662929452615,1.3568662929452615,0.1917156281065301,0.08955885392821276,0.684060109619623,1.0157048268452253
g-553bb3c5ba0f2136,S1,O3,2,120,2,0.15092436560156428,1.7484557162313425,0.12163745542725107,0.06762592790441423,0.6958905586946319,0.9299268989866356
g-553bb3c5ba0f2136,S1,O3,2,240,2,0.14994164172057123,1.7680338732881848,0.1229519404736105,0.06867646770462688,0.6953061459558534,0.933645806739118
g-553bb3c5ba0f2136,S1,O3,2,480,2,0.14982888109098347,1.7757108117960168,0.12323946751740145,0.06895977068185119,0.6871710137820477,0.934421723843065
g-553bb3c5ba0f2136,S1,O3,3,120,2,0.05813953488372093,1.7471511889582862,0.12135833078319236,0.10089088473440602,0.7849363356364558,0.9462161689004662
g-553bb3c5ba0f2136,S1,O3,3,240,2,0.05813953488372093,1.7451398346475637,0.12425574810626125,0.10089088473440602,0.778984095077091,0.9548894608178385
g-553bb3c5ba0f2136,S1,O3,3,480,2,0.05813953488372093,1.761515447936407,0.12342874561458286,0.10089088473440602,0.7835935182267123,0.9524489907211301
g-553bb3c5ba0f2136,S1,O3,4,120,2,0.05813953488372093,1.7605234233020886,0.1441406898568636,0.10017816625239316,0.7703434093268108,1.0060725812050748
g-553bb3c5ba0f2136,S1,O3,4,240,2,0.05813953488372093,1.7287157974727145,0.1441406898568636,0.10017816625239316,0.7703434093268108,1.0060725812050748
g-553bb3c5ba0f2136,S1,O3,4,480,2,0.05813953488372093,1.7190355032551623,0.1441406898568636,0.10017816625239316,0.7703434093268108,1.0060725812050748
g-60667963f6db3f1b,S2,O0,2,120,2,1.7546439374989102,1.7546439374989102,0.032087337987662036,0.011498160724964184,0.642166086370401,1.0002121702704043
g-60667963f6db3f1b,S2,O0,2,240,2,1.7540450056380346,1.7540450056380346,0.03031782633106097,0.010801756669535542,0.6413858870702133,0.9738676035297025
g-60667963f6db3f1b,S2,O0,2,480,2,1.7539448412994938,1.7539448412994938,0.02232278781234635,0.008377595494698029,0.6391965000637576,0.891748529553759
g-60667963f6db3f1b,S2,O0,3,120,2,1.666217607538807,1.666217607538807,0.019560125166558136,0.0028370283333303014,0.6223306059837825,0.11772529034605239
g-60667963f6db3f1b,S2,O0,3,240,2,1.6527430009889605,1.6527430009889605,0.023999238594463578,0.004420180973753845,0.6236480954118027,0.2057214639816763
g-60667963f6db3f1b,S2,O0,3,480,2,1.5688344367899432,1.5688344367899432,0.037530161128135876,0.024104731004234183,0.6611071626792216,0.17548161817421226
g-60667963f6db3f1b,S2,O0,4,120,2,1.5405089611119462,1.5405089611119462,0.051194751132134314,0.018576898558206725,0.6443638282797863,1.1906321735748493
g-60667963f6db3f1b,S2,O0,4,240,2,1.5175985821702234,1.5175985821702234,0.05754958325202092,0.022975693186985523,0.6526206635216403,1.2879395210425253
g-60667963f6db3f1b,S2,O0,4,480,2,1.4834757744443257,1.4834757744443257,0.07070051850039175,0.03151855914844104,0.6643502578284792,1.40811319723897
g-60667963f6db3f1b,S2,O3,2,120,2,1.0012462248196938,2.0920915723953355,0.01648341919618372,0.011747378398639836,0.6357298444114465,0.9254220405521763
g-60667963f6db3f1b,S2,O3,2,240,2,0.9592676182321028,2.085091002729583,0.01934332302911628,0.014725928259831236,0.6302176312698604,0.9857500529494704
g-60667963f6db3f1b,S2,O3,2,480,2,0.9021185243376569,2.005571379630211,0.022955217959213545,0.019239515377083478,0.6303324244211336,1.044248412384014
g-60667963f6db3f1b,S2,O3,3,120,2,0.7026226502153812,1.9353430608482185,0.04284710504998794,0.019138747625356826,0.6297035117626487,1.2803640610626892
g-60667963f6db3f1b,S2,O3,3,240,2,0.544442786070851,1.9324162576468737,0.05670298576927435,0.025115191647454297,0.640688210799392,1.364268888765188
g-60667963f6db3f1b,S2,O3,3,480,2,0.5383412426282004,1.924213249430296,0.05712128890508517,0.027458335287516723,0.6737449942973677,1.3721976520666643
g-60667963f6db3f1b,S2,O3,4,120,2,0.42703379977518574,1.7986259197330505,0.0960768331774481,0.04124125194162499,0.6401294344979293,1.5829573886114727
g-60667963f6db3f1b,S2,O3,4,240,2,0.36936175272492083,1.683646389417215,0.12974761467059953,0.05418828295993754,0.7002498429436287,1.6926428531906215
g-60667963f6db3f1b,S2,O3,4,480,2,0.32281635191113145,1.6357462371366807,0.13389688973494596,0.06837102951489639,0.6886853703088287,1.7316881746003094
g-6aa6775bed3bc2cc,S2,O0,2,120,3,1.597048963060111,1.597048963060111,0.01472670021775934,0.010070231696136018,0.7431396723565457,0.7265736441076824
g-6aa6775bed3bc2cc,S2,O0,2,240,3,1.5265803124867359,1.5265803124867359,0.012134122740407252,0.00834208236169137,0.7433813087004966,0.5625258821529199
g-6aa6775bed3bc2cc,S2,O0,2,480,3,1.5265174520551208,1.5265174520551208,0.00848221336138003,0.0066993707885488404,0.7461597994205658,0.5114085741007329
g-6aa6775bed3bc2cc,S2,O0,3,120,3,1.531061249001115,1.531061249001115,0.005693895230187688,0.0038951968885939403,0.8203326786226629,0.19803186109036097
g-6aa6775bed3bc2cc,S2,O0,3,240,3,1.523328481931282,1.523328481931282,0.004125843833279647,0.0027283874684070476,0.8428336654890983,0.03994718184318852
g-6aa6775bed3bc2cc,S2,O0,3,480,3,1.5093537416918295,1.5093537416918295,0.011156517261176897,0.005502565773918018,0.8461669819842054,0.0961575142960327
g-6aa6775bed3bc2cc,S2,O0,4,120,3,1.5436135752980904,1.5436135752980904,0.038846040910333605,0.02485671092382885,0.7865951141144664,1.036040452730416
g-6aa6775bed3bc2cc,S2,O0,4,240,3,1.4991113215094787,1.4991113215094787,0.042108153268289206,0.02711433725846901,0.7930628702459197,1.0977759933807316
g-6aa6775bed3bc2cc,S2,O0,4,480,3,1.4389112213725903,1.4389112213725903,0.05079766237269708,0.034142798683330644,0.7861822435182368,1.1951807442762556
g-6aa6775bed3bc2cc,S2,O3,2,120,3,0.8264104212510569,1.7484558983162393,0.03021692829270096,0.020509507970695118,0.7210558966607242,1.1096013522556623
g-6aa6775bed3bc2cc,S2,O3,2,240,3,0.8010772392799076,1.7422069570608791,0.03289694850802198,0.02226411341909291,0.7226278967780568,1.1429766184531962
g-6aa6775bed3bc2cc,S2,O3,2,480,3,0.7997118870383603,1.7388417651881654,0.03317017081985765,0.022467330744114833,0.7223489678470053,1.147100758924526
g-6aa6775bed3bc2cc,S2,O3,3,120,3,0.697510780502408,1.7850001391598325,0.042634630987012256,0.02876904766825919,0.7622634312612321,1.1891358342049234
g-6aa6775bed3bc2cc,S2,O3,3,240,3,0.5514941888952926,1.7456650667507685,0.05580196034642356,0.03816100837330326,0.763676318384161,1.3601157867101465
g-6aa6775bed3bc2cc,S2,O3,3,480,3,0.49175575284568374,1.6379975583957833,0.07743400348285912,0.05513220847562524,0.7639046297368893,1.4494483396164226
g-6aa6775bed3bc2cc,S2,O3,4,120,3,0.3336278506144254,1.7463054836412963,0.07761654927483069,0.053092662369517325,0.7460280349241413,1.5105150366996345
g-6aa6775bed3bc2cc,S2,O3,4,240,3,0.2702729600116846,1.6301493473619004,0.0988861948432882,0.06568614386507864,0.748690233113293,1.603655986035438
g-6aa6775bed3bc2cc,S2,O3,4,480,3,0.24347946168385692,1.574828774601846,0.11159894955242966,0.07351743516412305,0.7417663367119864,1.6531011407771452
g-8a16a856f5377a40,S3,O0,2,120,2,1.701834322353065,1.701834322353065,0.00954717976789599,0.003920836998891978,0.6356627582419248,1.3664486717565838
g-8a16a856f5377a40,S3,O0,2,240,2,1.634728926074764,1.634728926074764,0.011003313469024084,0.005388157335833131,0.6366711440482551,1.4936151717989676
g-8a16a856f5377a40,S3,O0,2,480,2,1.608548564180834,1.608548564180834,0.011780127767210786,0.006178096932219275,0.6365515728367421,1.5402932945462653
g-8a16a856f5377a40,S3,O0,3,120,2,1.3816861559638314,1.3816861559638314,0.018961815287406612,0.0073246809017076,0.8824115936235738,1.00565933978258
g-8a16a856f5377a40,S3,O0,3,240,2,1.3638440332825033,1.3638440332825033,0.015556088351183212,0.00581778659637045,0.8736621007981684,0.787897846016457
g-8a16a856f5377a40,S3,O0,3,480,2,1.3506512879023487,1.3506512879023487,0.013946961048512518,0.005091024064568874,0.8710429928409051,0.5421166149664484
g-8a16a856f5377a40,S3,O0,4,120,2,1.403577262596112,1.403577262596112,0.0157279890495544,0.01178516209223953,0.7479686933550481,1.6476096444748625
g-8a16a856f5377a40,S3,O0,4,240,2,1.3758404973781335,1.3758404973781335,0.01773061419759983,0.014739800288587063,0.769000606350444,1.6841472973866098
g-8a16a856f5377a40,S3,O0,4,480,2,1.325031238260172,1.325031238260172,0.04246189639347894,0.017531441680822234,0.7179377544638599,1.9132045522114547
g-8a16a856f5377a40,S3,O3,2,120,2,0.9694599879261612,1.9584898167364078,0.013423605667601273,0.00407463961111202,0.6320600682952042,1.5268771714877762
g-8a16a856f5377a40,S3,O3,2,240,2,0.9476893248093883,1.9363458277943075,0.015487011186404168,0.005285922660268408,0.637701819916198,1.6078976066091315
g-8a16a856f5377a40,S3,O3,2,480,2,0.9196930953325315,1.86730808679368,0.018271742455975955,0.007850028923146455,0.6255478468729087,1.723922622418733
g-8a16a856f5377a40,S3,O3,3,120,2,0.6400893899125053,1.7465925084463887,0.042988680364654315,0.02290083632643848,0.7353066618649925,1.9328031745088206
g-8a16a856f5377a40,S3,O3,3,240,2,0.6305689357903114,1.729961940401429,0.04392523305344125,0.02366127852998657,0.7379949938045394,1.94582078558548
g-8a16a856f5377a40,S3,O3,3,480,2,0.6267059098159037,1.7195202738335615,0.044302175883495214,0.023762539430120275,0.7369386024564504,1.948221903573387
g-8a16a856f5377a40,S3,O3,4,120,2,0.47172853621260225,1.5978637750508025,0.06232369362513085,0.029291460606480038,0.6727160696906447,2.1528441343322866
g-8a16a856f5377a40,S3,O3,4,240,2,0.4620515817492691,1.6016343888541633,0.06620120121790311,0.03138017349848601,0.671879125252183,2.183225831170953
g-8a16a856f5377a40,S3,O3,4,480,2,0.4582245301559321,1.5853767890144919,0.07030168368956564,0.032808029323384336,0.7233789611181749,2.2042393495092694
g-a712031e7959d564,S3,O0,2,120,2,1.70789584240607,1.70789584240607,0.010866751371867425,0.004103920929859865,0.5508928139154886,1.4919595256852283
g-a712031e7959d564,S3,O0,2,240,2,1.6582301278370282,1.6582301278370282,0.01188905967274738,0.004996826016063169,0.5504065021092179,1.5471765911279678
g-a712031e7959d564,S3,O0,2,480,2,1.6294213076080308,1.6294213076080308,0.013280960992298706,0.006435614789053355,0.5499718850463649,1.6094402862110102
g-a712031e7959d564,S3,O0,3,120,2,1.3367882979619616,1.3367882979619616,0.02099033546857575,0.006521436466529551,0.8404048017714658,0.9495490850121993
g-a712031e7959d564,S3,O0,3,240,2,1.3275251383862279,1.3275251383862279,0.020217318651861185,0.005387513573591384,0.8402401375261779,0.9291457299922479
g-a712031e7959d564,S3,O0,3,480,2,1.3021071426272504,1.3021071426272504,0.01827176296471971,0.006373983185267519,0.8426427011843254,1.1423214233279921
g-a712031e7959d564,S3,O0,4,120,2,1.4009969509316238,1.4009969509316238,0.03486970532003376,0.015564069789883072,0.6791477556210352,1.9230960514844748
g-a712031e7959d564,S3,O0,4,240,2,1.3819199641735738,1.3819199641735738,0.03684239201433188,0.016188846915116323,0.6558254864522517,1.9601957214097432
g-a712031e7959d564,S3,O0,4,480,2,1.3127941234969873,1.3127941234969873,0.04926417022742575,0.014956365123502811,0.6108652920848783,2.0271196156906233
g-a712031e7959d564,S3,O3,2,120,2,0.8340377842785445,1.8970982272515342,0.02461599127284491,0.011768841491132352,0.6454271453125314,1.877756149713607
g-a712031e7959d564,S3,O3,2,240,2,0.8087527078463588,1.9112939371525988,0.027156875703603242,0.01325890016669484,0.6645106883327287,1.9209135685898011
g-a712031e7959d564,S3,O3,2,480,2,0.7971641118018378,1.9422313422671824,0.028498021553474508,0.014486572097987618,0.628193795014479,1.9438663868027453
g-a712031e7959d564,S3,O3,3,120,2,0.6010182707281767,1.8126120742182952,0.045840592978840106,0.02789567227717278,0.7275678623508568,2.1060921945163456
g-a712031e7959d564,S3,O3,3,240,2,0.5213116348125774,1.8179426290536642,0.05361951063536498,0.02974820513173933,0.7160588241871629,2.1559984427124252
g-a712031e7959d564,S3,O3,3,480,2,0.4565755499898482,1.806265661151663,0.060000494726042665,0.029919701408317574,0.7050275341950031,2.189249200515799
g-a712031e7959d564,S3,O3,4,120,2,0.42355413435287054,1.7484701850597901,0.06326256649934515,0.024087122284796557,0.6087395150539989,2.201907688888437
g-a712031e7959d564,S3,O3,4,240,2,0.41818480225310256,1.7045879243023363,0.07237111234465331,0.02892712546732229,0.6317200245067333,2.2406030217769835
g-a712031e7959d564,S3,O3,4,480,2,0.3629639867788318,1.6715156263414928,0.08000089674907736,0.03751891288260527,0.6531521464191914,2.3220146268859843
g-a87f1b9ac089cc45,S5,O0,2,120,3,1.655484557403705,1.655484557403705,0.0022840124123959353,0.001340783742132207,0.5632054337476063,2.496208025868206
g-a87f1b9ac089cc45,S5,O0,2,240,3,1.5598097202815397,1.5598097202815397,0.001591033102772816,0.0009225270995769537,0.5682982732842766,2.370226093723328
g-a87f1b9ac089cc45,S5,O0,2,480,3,1.5011405304469687,1.5011405304469687,0.0008528406807782056,0.0003983207897709547,0.5601630779496772,2.099066603267826
g-a87f1b9ac089cc45,S5,O0,3,120,3,1.4333112471452736,1.4333112471452736,0.0029476042626968087,0.0012136244997084488,0.6050269254589239,2.4742317691131124
g-a87f1b9ac089cc45,S5,O0,3,240,3,1.3447182778880478,1.3447182778880478,0.002448986319068196,0.0009337588477697428,0.6155206204385754,2.2916852183949334
g-a87f1b9ac089cc45,S5,O0,3,480,3,1.281533282663332,1.281533282663332,0.0023143219599876786,0.0008566903121618436,0.5682630802456625,2.0871323041353382
g-a87f1b9ac089cc45,S5,O0,4,120,3,1.4513507158821817,1.4513507158821817,0.005916356185978828,0.002996242500888233,0.5895508116647906,2.891729762889186
g-a87f1b9ac089cc45,S5,O0,4,240,3,1.4305556839274545,1.4305556839274545,0.005652736660548849,0.0030212259948103615,0.6017028717548046,2.9056922089429853
g-a87f1b9ac089cc45,S5,O0,4,480,3,1.4106594111202577,1.4106594111202577,0.008070245356467038,0.004001027019176955,0.6118707954629461,3.0524826342914118
g-a87f1b9ac089cc45,S5,O3,2,120,3,1.0363513188623181,1.8839318285643785,0.003108997234085342,0.0018564414719925324,0.5188553550399638,2.5460373620218943
g-a87f1b9ac089cc45,S5,O3,2,240,3,1.0154261099462014,1.8916145550208274,0.00487533634797517,0.003069888786200398,0.5248158855207917,2.658734183764231
g-a87f1b9ac089cc45,S5,O3,2,480,3,0.9936032026277601,1.8980898071432755,0.0069306716277143104,0.00428760328488732,0.5333945372732104,2.745995148875444
g-a87f1b9ac089cc45,S5,O3,3,120,3,0.9542334549251285,1.621833462198038,0.009785944563202443,0.005343228134618471,0.6055171751329393,3.1585834490397624
g-a87f1b9ac089cc45,S5,O3,3,240,3,0.929148374593875,1.6214126279893357,0.011998070615261772,0.005899176187372475,0.6083847673565106,3.238531549982753
g-a87f1b9ac089cc45,S5,O3,3,480,3,0.9119300487821631,1.6142619772888624,0.013471488991189218,0.00663015613895382,0.6112150116984352,3.2836316667446805
g-a87f1b9ac089cc45,S5,O3,4,120,3,0.9301746891980556,1.7313130301564972,0.01197719193259599,0.006379982372818615,0.5922841946494053,3.239668748782797
g-a87f1b9ac089cc45,S5,O3,4,240,3,0.8994940061631235,1.648754714416419,0.014751727727791855,0.008060597572026824,0.5966418984671003,3.33404453599877
g-a87f1b9ac089cc45,S5,O3,4,480,3,0.8834085192212333,1.5832414664318393,0.016375059259637757,0.008411213831845938,0.5839793237813747,3.373439582955946
g-bd62d2d752385cc7,S4,O0,2,120,3,1.6653216187517834,1.6653216187517834,0.00588083368320935,0.0022062219698684776,0.5322835147057886,1.9728912115520796
g-bd62d2d752385cc7,S4,O0,2,240,3,1.5464480572633816,1.5464480572633816,0.007131640043504192,0.0027618184293003293,0.5304410958583237,2.050722482579101
g-bd62d2d752385cc7,S4,O0,2,480,3,1.464387757692726,1.464387757692726,0.007818388520273056,0.002958374858781686,0.5276217113487465,2.075438135697464
g-bd62d2d752385cc7,S4,O0,3,120,3,1.4423599270692078,1.4423599270692078,0.0033911909043286372,0.002348320450565863,0.7766798307934826,1.7908863409988456
g-bd62d2d752385cc7,S4,O0,3,240,3,1.4150192520188725,1.4150192520188725,0.003600368578653238,0.00246192610146156,0.7130933282465253,1.825637969021818
g-bd62d2d752385cc7,S4,O0,3,480,3,1.3986048553348367,1.3986048553348367,0.003903779193016778,0.0020640974733880982,0.6655010182567239,1.681869622494852
g-bd62d2d752385cc7,S4,O0,4,120,3,1.4232374459727524,1.4232374459727524,0.010924696001168285,0.003946656071950627,0.5044840966091355,2.2991611800702487
g-bd62d2d752385cc7,S4,O0,4,240,3,1.4018972903063116,1.4018972903063116,0.011525297748724544,0.00439463324101298,0.5166748440303248,2.324051992153958
g-bd62d2d752385cc7,S4,O0,4,480,3,1.3838112846961483,1.3838112846961483,0.012097798374010205,0.00456718647694255,0.5306343868190121,2.321935798470713
g-bd62d2d752385cc7,S4,O3,2,120,3,1.0044716468011046,1.8766564122801963,0.008037345788821069,0.002899676730603295,0.505897869657367,2.1376693657116443
g-bd62d2d752385cc7,S4,O3,2,240,3,0.9924718767010763,1.8146795346102902,0.008795419039199864,0.0033176516390782417,0.5145961482218744,2.1940102078270716
g-bd62d2d752385cc7,S4,O3,2,480,3,0.9803039471182456,1.7585042848860357,0.009802659895533309,0.004075167690987879,0.5315150072799898,2.265916014876534
g-bd62d2d752385cc7,S4,O3,3,120,3,0.9436233001130324,1.6729215977275775,0.012190989124367344,0.004667859456205618,0.5416392910874238,2.334743408305227
g-bd62d2d752385cc7,S4,O3,3,240,3,0.9350658992911645,1.6599178299235808,0.013572404054587928,0.004724957134364349,0.5406776444277211,2.367024618256494
g-bd62d2d752385cc7,S4,O3,3,480,3,0.9127411048716265,1.6591123041497626,0.016778913975093457,0.005287597944983981,0.5332073250688926,2.43590624285422
g-bd62d2d752385cc7,S4,O3,4,120,3,0.84946266068847,1.6555273361776948,0.023621513614864392,0.009181479758363318,0.5547613024563449,2.6159170147076085
g-bd62d2d752385cc7,S4,O3,4,240,3,0.8296776209155591,1.6259366298771785,0.025678626777735136,0.010228219660026993,0.5596371617775678,2.659867544690614
g-bd62d2d752385cc7,S4,O3,4,480,3,0.7932910725756342,1.5991228508611677,0.02871082335396738,0.011330830073435954,0.565750520463694,2.71569374614584
g-e0c69f84d376b633,S5,O0,2,120,2,1.7284469833255605,1.7284469833255605,0.005454604397410921,0.0012878385110746127,0.572927095529817,2.7043085667185514
g-e0c69f84d376b633,S5,O0,2,240,2,1.5510542769435012,1.5510542769435012,0.008247628597663072,0.001631247318313518,0.5726156821293596,2.777931943710074
g-e0c69f84d376b633,S5,O0,2,480,2,1.4447005601712206,1.4447005601712206,0.011592188992487583,0.0021854726811012266,0.5772186733182552,2.8338984763237516
g-e0c69f84d376b633,S5,O0,3,120,2,1.4274007651127842,1.4274007651127842,0.0012877293192027615,0.0005217556713926841,0.6233403418864808,2.1889438950575886
g-e0c69f84d376b633,S5,O0,3,240,2,1.3826001010303206,1.3826001010303206,0.0011768360898182122,0.0005472751880632586,0.6463238020052131,2.059090719301757
g-e0c69f84d376b633,S5,O0,3,480,2,1.3450296781360556,1.3450296781360556,0.0012916512904872272,0.000617463431270195,0.6900303311279523,2.034144375035564
g-e0c69f84d376b633,S5,O0,4,120,2,1.4497563894099286,1.4497563894099286,0.014740079174247508,0.0033778326377603795,0.582674156421316,3.067137326105441
g-e0c69f84d376b633,S5,O0,4,240,2,1.415485107787637,1.415485107787637,0.013588629737853256,0.003306634841165023,0.5824193211711679,3.079299463669136
g-e0c69f84d376b633,S5,O0,4,480,2,1.3868666058884838,1.3868666058884838,0.014076816189635242,0.0031291768795397995,0.5808676376783688,3.0662745136040823
g-e0c69f84d376b633,S5,O3,2,120,2,1.0385370430425884,1.9126703966314191,0.00555156069557644,0.001964651857096841,0.5727566095628658,2.852097489096607
g-e0c69f84d376b633,S5,O3,2,240,2,1.0238753382827865,1.869551538799783,0.006825364421486601,0.00243384726358345,0.5757557862440855,2.942768617399289
g-e0c69f84d376b633,S5,O3,2,480,2,0.9217461416211772,1.692164074177743,0.015578300818815364,0.0039047962809908195,0.5791453508274207,3.162579692825468
g-e0c69f84d376b633,S5,O3,3,120,2,0.940032839909394,1.6707507099701644,0.011449935846135401,0.0031213642321363103,0.5842368992557734,3.062411587226735
g-e0c69f84d376b633,S5,O3,3,240,2,0.9391532016855841,1.6700367437486217,0.011642573290930172,0.003283101757530986,0.5841615003211653,3.0854819523964525
g-e0c69f84d376b633,S5,O3,3,480,2,0.8624269434968486,1.6302635772752703,0.019199142423057917,0.004957014481103366,0.5841376152114145,3.256372007095123
g-e0c69f84d376b633,S5,O3,4,120,2,0.850367534532152,1.6334651092706194,0.02087118363883435,0.006222370871085302,0.5856783613786164,3.3568339757348786
g-e0c69f84d376b633,S5,O3,4,240,2,0.8182552814976003,1.6256340477484583,0.024112991667320924,0.0068203744029781115,0.5858790599898706,3.402718536272665
g-e0c69f84d376b633,S5,O3,4,480,2,0.7823374266947142,1.5813551638059598,0.02697502963774685,0.008699005934734261,0.586730256191542,3.5084368643518102
