task_id,graph_id,base_instance_id,size_stratum,tightness_level,target_n_edges,actual_n_edges,budget,generation_seed,duplicate_budget,duplicate_feasible_set,task_path
task-b9af4e74fe83,g-030e22a4b8e64e77,S1-b000-g-030e22a4b8e64e77,S1,T1,7,7,13.0,855259900,False,False,data/tasks/phase0/task-b9af4e74fe83.json
task-e9bc7d00dd7f,g-030e22a4b8e64e77,S1-b000-g-030e22a4b8e64e77,S1,T2,7,7,10.0,855259900,False,False,data/tasks/phase0/task-e9bc7d00dd7f.json
task-5044d9505a72,g-030e22a4b8e64e77,S1-b000-g-030e22a4b8e64e77,S1,T3,7,7,10.0,855259900,True,True,data/tasks/phase0/task-5044d9505a72.json
task-994084fbcff0,g-030e22a4b8e64e77,S1-b000-g-030e22a4b8e64e77,S1,T4,7,7,10.0,855259900,True,True,data/tasks/phase0/task-994084fbcff0.json
task-297320212e97,g-030e22a4b8e64e77,S1-b000-g-030e22a4b8e64e77,S1,T5,7,7,10.0,855259900,True,True,data/tasks/phase0/task-297320212e97.json
task-2a52c803293b,g-030e22a4b8e64e77,S1-b000-g-030e22a4b8e64e77,S1,T6,7,7,10.0,855259900,True,True,data/tasks/phase0/task-2a52c803293b.json
task-bb1ce826122e,g-030e22a4b8e64e77,S1-b000-g-030e22a4b8e64e77,S1,T7,7,7,10.0,855259900,True,True,data/tasks/phase0/task-bb1ce826122e.json
task-7b49bba79406,g-c6bcaa76a703859c,S1-b001-g-c6bcaa76a703859c,S1,T1,7,7,20.0,4286309960,False,False,data/tasks/phase0/task-7b49bba79406.json
task-a3d73fa49603,g-c6bcaa76a703859c,S1-b001-g-c6bcaa76a703859c,S1,T2,7,7,13.0,4286309960,False,False,data/tasks/phase0/task-a3d73fa49603.json
task-9d202796b122,g-c6bcaa76a703859c,S1-b001-g-c6bcaa76a703859c,S1,T3,7,7,13.0,4286309960,True,True,data/tasks/phase0/task-9d202796b122.json
task-b7456ec5dd73,g-c6bcaa76a703859c,S1-b001-g-c6bcaa76a703859c,S1,T4,7,7,13.0,4286309960,True,True,data/tasks/phase0/task-b7456ec5dd73.json
task-30f431210fe5,g-c6bcaa76a703859c,S1-b001-g-c6bcaa76a703859c,S1,T5,7,7,9.0,4286309960,False,False,data/tasks/phase0/task-30f431210fe5.json
task-76f1d884eb1e,g-c6bcaa76a703859c,S1-b001-g-c6bcaa76a703859c,S1,T6,7,7,9.0,4286309960,True,True,data/tasks/phase0/task-76f1d884eb1e.json
task-873e9cfcf181,g-c6bcaa76a703859c,S1-b001-g-c6bcaa76a703859c,S1,T7,7,7,9.0,4286309960,True,True,data/tasks/phase0/task-873e9cfcf181.json
task-88583c1e45fa,g-d4602cd1b1dba4b7,S1-b002-g-d4602cd1b1dba4b7,S1,T1,7,7,17.0,4110562342,False,False,data/tasks/phase0/task-88583c1e45fa.json
task-dcc158caa269,g-d4602cd1b1dba4b7,S1-b002-g-d4602cd1b1dba4b7,S1,T2,7,7,12.0,4110562342,False,False,data/tasks/phase0/task-dcc158caa269.json
task-862146077326,g-d4602cd1b1dba4b7,S1-b002-g-d4602cd1b1dba4b7,S1,T3,7,7,12.0,4110562342,True,True,data/tasks/phase0/task-862146077326.json
task-3a029ce260fe,g-d4602cd1b1dba4b7,S1-b002-g-d4602cd1b1dba4b7,S1,T4,7,7,12.0,4110562342,True,True,data/tasks/phase0/task-3a029ce260fe.json
task-b83a352bddbe,g-d4602cd1b1dba4b7,S1-b002-g-d4602cd1b1dba4b7,S1,T5,7,7,5.0,4110562342,False,False,data/tasks/phase0/task-b83a352bddbe.json
task-0bd69551397f,g-d4602cd1b1dba4b7,S1-b002-g-d4602cd1b1dba4b7,S1,T6,7,7,5.0,4110562342,True,True,data/tasks/phase0/task-0bd69551397f.json
task-9d7f6360fe6f,g-d4602cd1b1dba4b7,S1-b002-g-d4602cd1b1dba4b7,S1,T7,7,7,5.0,4110562342,True,True,data/tasks/phase0/task-9d7f6360fe6f.json
task-050dc4a3706b,g-f318c6a9c544d080,S1-b003-g-f318c6a9c544d080,S1,T1,7,7,20.0,3955322011,False,False,data/tasks/phase0/task-050dc4a3706b.json
task-5ff86e3ec5c3,g-f318c6a9c544d080,S1-b003-g-f318c6a9c544d080,S1,T2,7,7,13.0,3955322011,False,False,data/tasks/phase0/task-5ff86e3ec5c3.json
task-a0ada81b516c,g-f318c6a9c544d080,S1-b003-g-f318c6a9c544d080,S1,T3,7,7,13.0,3955322011,True,True,data/tasks/phase0/task-a0ada81b516c.json
task-5bf0f1402257,g-f318c6a9c544d080,S1-b003-g-f318c6a9c544d080,S1,T4,7,7,13.0,3955322011,True,True,data/tasks/phase0/task-5bf0f1402257.json
task-e1a31e22e9a4,g-f318c6a9c544d080,S1-b003-g-f318c6a9c544d080,S1,T5,7,7,10.0,3955322011,False,False,data/tasks/phase0/task-e1a31e22e9a4.json
task-1adca36e6b67,g-f318c6a9c544d080,S1-b003-g-f318c6a9c544d080,S1,T6,7,7,10.0,3955322011,True,True,data/tasks/phase0/task-1adca36e6b67.json
task-f8ef881c807b,g-f318c6a9c544d080,S1-b003-g-f318c6a9c544d080,S1,T7,7,7,10.0,3955322011,True,True,data/tasks/phase0/task-f8ef881c807b.json
task-c7ecf483369a,g-9df77dbccff877f5,S1-b004-g-9df77dbccff877f5,S1,T1,7,7,20.0,3998669866,False,False,data/tasks/phase0/task-c7ecf483369a.json
task-6be829250e7e,g-9df77dbccff877f5,S1-b004-g-9df77dbccff877f5,S1,T2,7,7,14.0,3998669866,False,False,data/tasks/phase0/task-6be829250e7e.json
task-4d62d76be924,g-9df77dbccff877f5,S1-b004-g-9df77dbccff877f5,S1,T3,7,7,14.0,3998669866,True,True,data/tasks/phase0/task-4d62d76be924.json
task-63cff6b637db,g-9df77dbccff877f5,S1-b004-g-9df77dbccff877f5,S1,T4,7,7,14.0,3998669866,True,True,data/tasks/phase0/task-63cff6b637db.json
task-53f01218dac9,g-9df77dbccff877f5,S1-b004-g-9df77dbccff877f5,S1,T5,7,7,10.0,3998669866,False,False,data/tasks/phase0/task-53f01218dac9.json
task-01aa93a292dc,g-9df77dbccff877f5,S1-b004-g-9df77dbccff877f5,S1,T6,7,7,10.0,3998669866,True,True,data/tasks/phase0/task-01aa93a292dc.json
task-6b0021056900,g-9df77dbccff877f5,S1-b004-g-9df77dbccff877f5,S1,T7,7,7,10.0,3998669866,True,True,data/tasks/phase0/task-6b0021056900.json
task-ee5e2ea8e960,g-c0608305feeffbb0,S2-b000-g-c0608305feeffbb0,S2,T1,10,10,27.0,2869898689,False,False,data/tasks/phase0/task-ee5e2ea8e960.json
task-ebbfbcdd78dd,g-c0608305feeffbb0,S2-b000-g-c0608305feeffbb0,S2,T2,10,10,18.0,2869898689,False,False,data/tasks/phase0/task-ebbfbcdd78dd.json
task-f1a71f28abbe,g-c0608305feeffbb0,S2-b000-g-c0608305feeffbb0,S2,T3,10,10,18.0,2869898689,True,True,data/tasks/phase0/task-f1a71f28abbe.json
task-3055188b40aa,g-c0608305feeffbb0,S2-b000-g-c0608305feeffbb0,S2,T4,10,10,18.0,2869898689,True,True,data/tasks/phase0/task-3055188b40aa.json
task-6f5b63878384,g-c0608305feeffbb0,S2-b000-g-c0608305feeffbb0,S2,T5,10,10,18.0,2869898689,True,True,data/tasks/phase0/task-6f5b63878384.json
task-6582de85d802,g-c0608305feeffbb0,S2-b000-g-c0608305feeffbb0,S2,T6,10,10,17.0,2869898689,False,False,data/tasks/phase0/task-6582de85d802.json
task-f81feb5c73a8,g-c0608305feeffbb0,S2-b000-g-c0608305feeffbb0,S2,T7,10,10,17.0,2869898689,True,True,data/tasks/phase0/task-f81feb5c73a8.json
task-da525fcc95dc,g-43af4a2bb7f827f7,S2-b001-g-43af4a2bb7f827f7,S2,T1,10,10,26.0,2964847996,False,False,data/tasks/phase0/task-da525fcc95dc.json
task-52f024109520,g-43af4a2bb7f827f7,S2-b001-g-43af4a2bb7f827f7,S2,T2,10,10,23.0,2964847996,False,False,data/tasks/phase0/task-52f024109520.json
task-9b88e16215ea,g-43af4a2bb7f827f7,S2-b001-g-43af4a2bb7f827f7,S2,T3,10,10,23.0,2964847996,True,True,data/tasks/phase0/task-9b88e16215ea.json
task-8c3c093f9a2e,g-43af4a2bb7f827f7,S2-b001-g-43af4a2bb7f827f7,S2,T4,10,10,15.0,2964847996,False,False,data/tasks/phase0/task-8c3c093f9a2e.json
task-9841f59546c6,g-43af4a2bb7f827f7,S2-b001-g-43af4a2bb7f827f7,S2,T5,10,10,15.0,2964847996,True,True,data/tasks/phase0/task-9841f59546c6.json
task-e84a7c9189f6,g-43af4a2bb7f827f7,S2-b001-g-43af4a2bb7f827f7,S2,T6,10,10,13.0,2964847996,False,False,data/tasks/phase0/task-e84a7c9189f6.json
task-52c1f8aedc9f,g-43af4a2bb7f827f7,S2-b001-g-43af4a2bb7f827f7,S2,T7,10,10,13.0,2964847996,True,True,data/tasks/phase0/task-52c1f8aedc9f.json
task-914163536124,g-dcee0d154a6a56e8,S2-b002-g-dcee0d154a6a56e8,S2,T1,10,10,28.0,591840880,False,False,data/tasks/phase0/task-914163536124.json
task-71553fba9095,g-dcee0d154a6a56e8,S2-b002-g-dcee0d154a6a56e8,S2,T2,10,10,27.0,591840880,False,False,data/tasks/phase0/task-71553fba9095.json
task-63edffcea6a6,g-dcee0d154a6a56e8,S2-b002-g-dcee0d154a6a56e8,S2,T3,10,10,27.0,591840880,True,True,data/tasks/phase0/task-63edffcea6a6.json
task-ea4bec6fe8a7,g-dcee0d154a6a56e8,S2-b002-g-dcee0d154a6a56e8,S2,T4,10,10,20.0,591840880,False,False,data/tasks/phase0/task-ea4bec6fe8a7.json
task-38bc946f1860,g-dcee0d154a6a56e8,S2-b002-g-dcee0d154a6a56e8,S2,T5,10,10,20.0,591840880,True,True,data/tasks/phase0/task-38bc946f1860.json
task-2aaeeb72eba4,g-dcee0d154a6a56e8,S2-b002-g-dcee0d154a6a56e8,S2,T6,10,10,19.0,591840880,False,False,data/tasks/phase0/task-2aaeeb72eba4.json
task-0b722f0689b8,g-dcee0d154a6a56e8,S2-b002-g-dcee0d154a6a56e8,S2,T7,10,10,19.0,591840880,True,True,data/tasks/phase0/task-0b722f0689b8.json
task-b5ca8a15143a,g-1aeebbf57e1fc02e,S2-b003-g-1aeebbf57e1fc02e,S2,T1,10,10,18.0,4278703920,False,False,data/tasks/phase0/task-b5ca8a15143a.json
task-9ea7f849c3b0,g-1aeebbf57e1fc02e,S2-b003-g-1aeebbf57e1fc02e,S2,T2,10,10,16.0,4278703920,False,False,data/tasks/phase0/task-9ea7f849c3b0.json
task-7c8ef260f515,g-1aeebbf57e1fc02e,S2-b003-g-1aeebbf57e1fc02e,S2,T3,10,10,16.0,4278703920,True,True,data/tasks/phase0/task-7c8ef260f515.json
task-97c4300f4ecb,g-1aeebbf57e1fc02e,S2-b003-g-1aeebbf57e1fc02e,S2,T4,10,10,8.0,4278703920,False,False,data/tasks/phase0/task-97c4300f4ecb.json
task-270410330ec3,g-1aeebbf57e1fc02e,S2-b003-g-1aeebbf57e1fc02e,S2,T5,10,10,8.0,4278703920,True,True,data/tasks/phase0/task-270410330ec3.json
task-24f57792cdb2,g-1aeebbf57e1fc02e,S2-b003-g-1aeebbf57e1fc02e,S2,T6,10,10,5.0,4278703920,False,False,data/tasks/phase0/task-24f57792cdb2.json
task-c75cc09b0a57,g-1aeebbf57e1fc02e,S2-b003-g-1aeebbf57e1fc02e,S2,T7,10,10,5.0,4278703920,True,True,data/tasks/phase0/task-c75cc09b0a57.json
task-e17134f44028,g-09b1133f6e4fd993,S2-b004-g-09b1133f6e4fd993,S2,T1,10,10,17.0,1587405029,False,False,data/tasks/phase0/task-e17134f44028.json
task-11bd43193b3d,g-09b1133f6e4fd993,S2-b004-g-09b1133f6e4fd993,S2,T2,10,10,17.0,1587405029,True,True,data/tasks/phase0/task-11bd43193b3d.json
task-20b889f4a9a5,g-09b1133f6e4fd993,S2-b004-g-09b1133f6e4fd993,S2,T3,10,10,17.0,1587405029,True,True,data/tasks/phase0/task-20b889f4a9a5.json
task-cddedc018822,g-09b1133f6e4fd993,S2-b004-g-09b1133f6e4fd993,S2,T4,10,10,11.0,1587405029,False,False,data/tasks/phase0/task-cddedc018822.json
task-67219ee99f49,g-09b1133f6e4fd993,S2-b004-g-09b1133f6e4fd993,S2,T5,10,10,11.0,1587405029,True,True,data/tasks/phase0/task-67219ee99f49.json
task-794af57359d6,g-09b1133f6e4fd993,S2-b004-g-09b1133f6e4fd993,S2,T6,10,10,9.0,1587405029,False,False,data/tasks/phase0/task-794af57359d6.json
task-6bac1dc34486,g-09b1133f6e4fd993,S2-b004-g-09b1133f6e4fd993,S2,T7,10,10,9.0,1587405029,True,True,data/tasks/phase0/task-6bac1dc34486.json
task-b4787dfa5301,g-3201b1f700a594cf,S3-b000-g-3201b1f700a594cf,S3,T1,13,13,18.0,930364260,False,False,data/tasks/phase0/task-b4787dfa5301.json
task-49f671a90c02,g-3201b1f700a594cf,S3-b000-g-3201b1f700a594cf,S3,T2,13,13,14.0,930364260,False,False,data/tasks/phase0/task-49f671a90c02.json
task-c3589615ff13,g-3201b1f700a594cf,S3-b000-g-3201b1f700a594cf,S3,T3,13,13,13.0,930364260,False,False,data/tasks/phase0/task-c3589615ff13.json
task-ba628c9391ae,g-3201b1f700a594cf,S3-b000-g-3201b1f700a594cf,S3,T4,13,13,12.0,930364260,False,False,data/tasks/phase0/task-ba628c9391ae.json
task-076a65d1635c,g-3201b1f700a594cf,S3-b000-g-3201b1f700a594cf,S3,T5,13,13,10.0,930364260,False,False,data/tasks/phase0/task-076a65d1635c.json
task-e5a701efbf9d,g-3201b1f700a594cf,S3-b000-g-3201b1f700a594cf,S3,T6,13,13,10.0,930364260,True,True,data/tasks/phase0/task-e5a701efbf9d.json
task-b7b9286ab261,g-3201b1f700a594cf,S3-b000-g-3201b1f700a594cf,S3,T7,13,13,9.0,930364260,False,False,data/tasks/phase0/task-b7b9286ab261.json
task-5f34474fe250,g-6312121f837a016a,S3-b001-g-6312121f837a016a,S3,T1,13,13,17.0,338975890,False,False,data/tasks/phase0/task-5f34474fe250.json
task-ee90ab1de708,g-6312121f837a016a,S3-b001-g-6312121f837a016a,S3,T2,13,13,16.0,338975890,False,False,data/tasks/phase0/task-ee90ab1de708.json
task-4ec53f46431c,g-6312121f837a016a,S3-b001-g-6312121f837a016a,S3,T3,13,13,13.0,338975890,False,False,data/tasks/phase0/task-4ec53f46431c.json
task-be312d5000ed,g-6312121f837a016a,S3-b001-g-6312121f837a016a,S3,T4,13,13,11.0,338975890,False,False,data/tasks/phase0/task-be312d5000ed.json
task-bb6ddf8dbd0d,g-6312121f837a016a,S3-b001-g-6312121f837a016a,S3,T5,13,13,10.0,338975890,False,False,data/tasks/phase0/task-bb6ddf8dbd0d.json
task-4257f4fc9d97,g-6312121f837a016a,S3-b001-g-6312121f837a016a,S3,T6,13,13,9.0,338975890,False,False,data/tasks/phase0/task-4257f4fc9d97.json
task-7cbbcfbc41d0,g-6312121f837a016a,S3-b001-g-6312121f837a016a,S3,T7,13,13,7.0,338975890,False,False,data/tasks/phase0/task-7cbbcfbc41d0.json
task-6fea0366a895,g-ccccfea2344eea34,S3-b002-g-ccccfea2344eea34,S3,T1,13,13,15.0,930615381,False,False,data/tasks/phase0/task-6fea0366a895.json
task-3ef036e3311a,g-ccccfea2344eea34,S3-b002-g-ccccfea2344eea34,S3,T2,13,13,12.0,930615381,False,False,data/tasks/phase0/task-3ef036e3311a.json
task-616c8c9fef47,g-ccccfea2344eea34,S3-b002-g-ccccfea2344eea34,S3,T3,13,13,11.0,930615381,False,False,data/tasks/phase0/task-616c8c9fef47.json
task-e60c3874ee42,g-ccccfea2344eea34,S3-b002-g-ccccfea2344eea34,S3,T4,13,13,10.0,930615381,False,False,data/tasks/phase0/task-e60c3874ee42.json
task-2bab834e7cbb,g-ccccfea2344eea34,S3-b002-g-ccccfea2344eea34,S3,T5,13,13,10.0,930615381,True,True,data/tasks/phase0/task-2bab834e7cbb.json
task-93a11dfb8047,g-ccccfea2344eea34,S3-b002-g-ccccfea2344eea34,S3,T6,13,13,8.0,930615381,False,False,data/tasks/phase0/task-93a11dfb8047.json
task-2d13bcd2af3d,g-ccccfea2344eea34,S3-b002-g-ccccfea2344eea34,S3,T7,13,13,3.0,930615381,False,False,data/tasks/phase0/task-2d13bcd2af3d.json
task-d70a6a067908,g-14c0fab60fb67c6a,S3-b003-g-14c0fab60fb67c6a,S3,T1,13,13,17.0,277758620,False,False,data/tasks/phase0/task-d70a6a067908.json
task-823016d66e8b,g-14c0fab60fb67c6a,S3-b003-g-14c0fab60fb67c6a,S3,T2,13,13,13.0,277758620,False,False,data/tasks/phase0/task-823016d66e8b.json
task-0048ea61bd04,g-14c0fab60fb67c6a,S3-b003-g-14c0fab60fb67c6a,S3,T3,13,13,12.0,277758620,False,False,data/tasks/phase0/task-0048ea61bd04.json
task-5fdd8e2eb8a7,g-14c0fab60fb67c6a,S3-b003-g-14c0fab60fb67c6a,S3,T4,13,13,12.0,277758620,True,True,data/tasks/phase0/task-5fdd8e2eb8a7.json
task-6910bd8bafb7,g-14c0fab60fb67c6a,S3-b003-g-14c0fab60fb67c6a,S3,T5,13,13,9.0,277758620,False,False,data/tasks/phase0/task-6910bd8bafb7.json
task-594739ec5f88,g-14c0fab60fb67c6a,S3-b003-g-14c0fab60fb67c6a,S3,T6,13,13,8.0,277758620,False,False,data/tasks/phase0/task-594739ec5f88.json
task-69c26eb6f9c2,g-14c0fab60fb67c6a,S3-b003-g-14c0fab60fb67c6a,S3,T7,13,13,3.0,277758620,False,False,data/tasks/phase0/task-69c26eb6f9c2.json
task-ac5da24a7304,g-d0c2be481b1e7235,S3-b004-g-d0c2be481b1e7235,S3,T1,13,13,17.0,2504664671,False,False,data/tasks/phase0/task-ac5da24a7304.json
task-9658e4b46449,g-d0c2be481b1e7235,S3-b004-g-d0c2be481b1e7235,S3,T2,13,13,17.0,2504664671,True,True,data/tasks/phase0/task-9658e4b46449.json
task-cd3cc7340a49,g-d0c2be481b1e7235,S3-b004-g-d0c2be481b1e7235,S3,T3,13,13,15.0,2504664671,False,False,data/tasks/phase0/task-cd3cc7340a49.json
task-16c545296405,g-d0c2be481b1e7235,S3-b004-g-d0c2be481b1e7235,S3,T4,13,13,15.0,2504664671,True,True,data/tasks/phase0/task-16c545296405.json
task-b6ea1899434e,g-d0c2be481b1e7235,S3-b004-g-d0c2be481b1e7235,S3,T5,13,13,15.0,2504664671,True,True,data/tasks/phase0/task-b6ea1899434e.json
task-712218eee882,g-d0c2be481b1e7235,S3-b004-g-d0c2be481b1e7235,S3,T6,13,13,14.0,2504664671,False,False,data/tasks/phase0/task-712218eee882.json
task-a76ddb128442,g-d0c2be481b1e7235,S3-b004-g-d0c2be481b1e7235,S3,T7,13,13,13.0,2504664671,False,False,data/tasks/phase0/task-a76ddb128442.json
task-1895af52a989,g-5862e3c4d7860c94,S4-b000-g-5862e3c4d7860c94,S4,T1,16,16,25.0,924433764,False,False,data/tasks/phase0/task-1895af52a989.json
task-fcd01acf4f29,g-5862e3c4d7860c94,S4-b000-g-5862e3c4d7860c94,S4,T2,16,16,25.0,924433764,True,True,data/tasks/phase0/task-fcd01acf4f29.json
task-9bd18c60584a,g-5862e3c4d7860c94,S4-b000-g-5862e3c4d7860c94,S4,T3,16,16,22.0,924433764,False,False,data/tasks/phase0/task-9bd18c60584a.json
task-791f82666548,g-5862e3c4d7860c94,S4-b000-g-5862e3c4d7860c94,S4,T4,16,16,18.0,924433764,False,False,data/tasks/phase0/task-791f82666548.json
task-9f9624caf915,g-5862e3c4d7860c94,S4-b000-g-5862e3c4d7860c94,S4,T5,16,16,16.0,924433764,False,False,data/tasks/phase0/task-9f9624caf915.json
task-48d9d0749b6b,g-5862e3c4d7860c94,S4-b000-g-5862e3c4d7860c94,S4,T6,16,16,16.0,924433764,True,True,data/tasks/phase0/task-48d9d0749b6b.json
task-e4871154e2ba,g-5862e3c4d7860c94,S4-b000-g-5862e3c4d7860c94,S4,T7,16,16,9.0,924433764,False,False,data/tasks/phase0/task-e4871154e2ba.json
task-6769c4d8737b,g-0b2888c172349795,S4-b001-g-0b2888c172349795,S4,T1,16,16,30.0,2274039142,False,False,data/tasks/phase0/task-6769c4d8737b.json
task-2b23b69975c2,g-0b2888c172349795,S4-b001-g-0b2888c172349795,S4,T2,16,16,27.0,2274039142,False,False,data/tasks/phase0/task-2b23b69975c2.json
task-7a6a740b7e01,g-0b2888c172349795,S4-b001-g-0b2888c172349795,S4,T3,16,16,26.0,2274039142,False,False,data/tasks/phase0/task-7a6a740b7e01.json
task-849e6de1f919,g-0b2888c172349795,S4-b001-g-0b2888c172349795,S4,T4,16,16,26.0,2274039142,True,True,data/tasks/phase0/task-849e6de1f919.json
task-0f8f9d41daf9,g-0b2888c172349795,S4-b001-g-0b2888c172349795,S4,T5,16,16,21.0,2274039142,False,False,data/tasks/phase0/task-0f8f9d41daf9.json
task-3b0e7d55687c,g-0b2888c172349795,S4-b001-g-0b2888c172349795,S4,T6,16,16,20.0,2274039142,False,False,data/tasks/phase0/task-3b0e7d55687c.json
task-fbea03384652,g-0b2888c172349795,S4-b001-g-0b2888c172349795,S4,T7,16,16,14.0,2274039142,False,False,data/tasks/phase0/task-fbea03384652.json
task-6b7bc9bf4bf9,g-e13c6faa15e11202,S4-b002-g-e13c6faa15e11202,S4,T1,16,16,23.0,3026777652,False,False,data/tasks/phase0/task-6b7bc9bf4bf9.json
task-353201fc7950,g-e13c6faa15e11202,S4-b002-g-e13c6faa15e11202,S4,T2,16,16,21.0,3026777652,False,False,data/tasks/phase0/task-353201fc7950.json
task-9462edaa463f,g-e13c6faa15e11202,S4-b002-g-e13c6faa15e11202,S4,T3,16,16,18.0,3026777652,False,False,data/tasks/phase0/task-9462edaa463f.json
task-0a446dc561e8,g-e13c6faa15e11202,S4-b002-g-e13c6faa15e11202,S4,T4,16,16,18.0,3026777652,True,True,data/tasks/phase0/task-0a446dc561e8.json
task-8a80748c9cc0,g-e13c6faa15e11202,S4-b002-g-e13c6faa15e11202,S4,T5,16,16,16.0,3026777652,False,False,data/tasks/phase0/task-8a80748c9cc0.json
task-dbeefd42d960,g-e13c6faa15e11202,S4-b002-g-e13c6faa15e11202,S4,T6,16,16,16.0,3026777652,True,True,data/tasks/phase0/task-dbeefd42d960.json
task-10a4d8da4127,g-e13c6faa15e11202,S4-b002-g-e13c6faa15e11202,S4,T7,16,16,13.0,3026777652,False,False,data/tasks/phase0/task-10a4d8da4127.json
task-3bc1d4c2abfa,g-b7bfa4b08047a3d1,S4-b003-g-b7bfa4b08047a3d1,S4,T1,16,16,20.0,1606064772,False,False,data/tasks/phase0/task-3bc1d4c2abfa.json
task-97df6ee72525,g-b7bfa4b08047a3d1,S4-b003-g-b7bfa4b08047a3d1,S4,T2,16,16,13.0,1606064772,False,False,data/tasks/phase0/task-97df6ee72525.json
task-3b61ef163609,g-b7bfa4b08047a3d1,S4-b003-g-b7bfa4b08047a3d1,S4,T3,16,16,12.0,1606064772,False,False,data/tasks/phase0/task-3b61ef163609.json
task-bc1b61792f39,g-b7bfa4b08047a3d1,S4-b003-g-b7bfa4b08047a3d1,S4,T4,16,16,10.0,1606064772,False,False,data/tasks/phase0/task-bc1b61792f39.json
task-63512107f5d2,g-b7bfa4b08047a3d1,S4-b003-g-b7bfa4b08047a3d1,S4,T5,16,16,9.0,1606064772,False,False,data/tasks/phase0/task-63512107f5d2.json
task-695606112ff1,g-b7bfa4b08047a3d1,S4-b003-g-b7bfa4b08047a3d1,S4,T6,16,16,8.0,1606064772,False,False,data/tasks/phase0/task-695606112ff1.json
task-559d635b7419,g-b7bfa4b08047a3d1,S4-b003-g-b7bfa4b08047a3d1,S4,T7,16,16,7.0,1606064772,False,False,data/tasks/phase0/task-559d635b7419.json
task-22338bb043f6,g-50bfea5134a5b688,S4-b004-g-50bfea5134a5b688,S4,T1,16,16,24.0,3233024341,False,False,data/tasks/phase0/task-22338bb043f6.json
task-aaac4ed8bc32,g-50bfea5134a5b688,S4-b004-g-50bfea5134a5b688,S4,T2,16,16,19.0,3233024341,False,False,data/tasks/phase0/task-aaac4ed8bc32.json
task-6bad334863d7,g-50bfea5134a5b688,S4-b004-g-50bfea5134a5b688,S4,T3,16,16,18.0,3233024341,False,False,data/tasks/phase0/task-6bad334863d7.json
task-3f17853c44b2,g-50bfea5134a5b688,S4-b004-g-50bfea5134a5b688,S4,T4,16,16,15.0,3233024341,False,False,data/tasks/phase0/task-3f17853c44b2.json
task-fd4a98f4b2c1,g-50bfea5134a5b688,S4-b004-g-50bfea5134a5b688,S4,T5,16,16,13.0,3233024341,False,False,data/tasks/phase0/task-fd4a98f4b2c1.json
task-a04ac9b321c0,g-50bfea5134a5b688,S4-b004-g-50bfea5134a5b688,S4,T6,16,16,13.0,3233024341,True,True,data/tasks/phase0/task-a04ac9b321c0.json
task-a8252e85e02d,g-50bfea5134a5b688,S4-b004-g-50bfea5134a5b688,S4,T7,16,16,12.0,3233024341,False,False,data/tasks/phase0/task-a8252e85e02d.json
task-72005c52d829,g-e15079b273b4594e,S5-b000-g-e15079b273b4594e,S5,T1,19,19,27.0,1427685053,False,False,data/tasks/phase0/task-72005c52d829.json
task-adb27c6f7bd8,g-e15079b273b4594e,S5-b000-g-e15079b273b4594e,S5,T2,19,19,24.0,1427685053,False,False,data/tasks/phase0/task-adb27c6f7bd8.json
task-671bc97d2e16,g-e15079b273b4594e,S5-b000-g-e15079b273b4594e,S5,T3,19,19,22.0,1427685053,False,False,data/tasks/phase0/task-671bc97d2e16.json
task-d282a08a32dd,g-e15079b273b4594e,S5-b000-g-e15079b273b4594e,S5,T4,19,19,17.0,1427685053,False,False,data/tasks/phase0/task-d282a08a32dd.json
task-27d977c8a97a,g-e15079b273b4594e,S5-b000-g-e15079b273b4594e,S5,T5,19,19,13.0,1427685053,False,False,data/tasks/phase0/task-27d977c8a97a.json
task-3af44a1b4814,g-e15079b273b4594e,S5-b000-g-e15079b273b4594e,S5,T6,19,19,12.0,1427685053,False,False,data/tasks/phase0/task-3af44a1b4814.json
task-c2226a3770a7,g-e15079b273b4594e,S5-b000-g-e15079b273b4594e,S5,T7,19,19,11.0,1427685053,False,False,data/tasks/phase0/task-c2226a3770a7.json
task-d921f468b227,g-0621bd668b23ad3e,S5-b001-g-0621bd668b23ad3e,S5,T1,19,19,17.0,3478783585,False,False,data/tasks/phase0/task-d921f468b227.json
task-cb6b00cf4433,g-0621bd668b23ad3e,S5-b001-g-0621bd668b23ad3e,S5,T2,19,19,15.0,3478783585,False,False,data/tasks/phase0/task-cb6b00cf4433.json
task-33b416ceadaa,g-0621bd668b23ad3e,S5-b001-g-0621bd668b23ad3e,S5,T3,19,19,10.0,3478783585,False,False,data/tasks/phase0/task-33b416ceadaa.json
task-c00f658260a4,g-0621bd668b23ad3e,S5-b001-g-0621bd668b23ad3e,S5,T4,19,19,9.0,3478783585,False,False,data/tasks/phase0/task-c00f658260a4.json
task-92fe5dc68ff4,g-0621bd668b23ad3e,S5-b001-g-0621bd668b23ad3e,S5,T5,19,19,7.0,3478783585,False,False,data/tasks/phase0/task-92fe5dc68ff4.json
task-92e111b0f97d,g-0621bd668b23ad3e,S5-b001-g-0621bd668b23ad3e,S5,T6,19,19,7.0,3478783585,True,True,data/tasks/phase0/task-92e111b0f97d.json
task-e89bd869c02f,g-0621bd668b23ad3e,S5-b001-g-0621bd668b23ad3e,S5,T7,19,19,5.0,3478783585,False,False,data/tasks/phase0/task-e89bd869c02f.json
task-77d61535b35d,g-e3ffd0a86ed87aaa,S5-b002-g-e3ffd0a86ed87aaa,S5,T1,19,19,28.0,1496510765,False,False,data/tasks/phase0/task-77d61535b35d.json
task-b116f31c993f,g-e3ffd0a86ed87aaa,S5-b002-g-e3ffd0a86ed87aaa,S5,T2,19,19,24.0,1496510765,False,False,data/tasks/phase0/task-b116f31c993f.json
task-49e9d0c5915c,g-e3ffd0a86ed87aaa,S5-b002-g-e3ffd0a86ed87aaa,S5,T3,19,19,19.0,1496510765,False,False,data/tasks/phase0/task-49e9d0c5915c.json
task-c9686eac5a2a,g-e3ffd0a86ed87aaa,S5-b002-g-e3ffd0a86ed87aaa,S5,T4,19,19,18.0,1496510765,False,False,data/tasks/phase0/task-c9686eac5a2a.json
task-ab2a3c6221b9,g-e3ffd0a86ed87aaa,S5-b002-g-e3ffd0a86ed87aaa,S5,T5,19,19,17.0,1496510765,False,False,data/tasks/phase0/task-ab2a3c6221b9.json
task-e4dc92139087,g-e3ffd0a86ed87aaa,S5-b002-g-e3ffd0a86ed87aaa,S5,T6,19,19,13.0,1496510765,False,False,data/tasks/phase0/task-e4dc92139087.json
task-27876fc9fffb,g-e3ffd0a86ed87aaa,S5-b002-g-e3ffd0a86ed87aaa,S5,T7,19,19,9.0,1496510765,False,False,data/tasks/phase0/task-27876fc9fffb.json
task-216a03667f73,g-88f05556b4300cce,S5-b003-g-88f05556b4300cce,S5,T1,19,19,22.0,3046953553,False,False,data/tasks/phase0/task-216a03667f73.json
task-a8e371e41cd0,g-88f05556b4300cce,S5-b003-g-88f05556b4300cce,S5,T2,19,19,20.0,3046953553,False,False,data/tasks/phase0/task-a8e371e41cd0.json
task-4880b9134d1f,g-88f05556b4300cce,S5-b003-g-88f05556b4300cce,S5,T3,19,19,20.0,3046953553,True,True,data/tasks/phase0/task-4880b9134d1f.json
task-a9411565bc6c,g-88f05556b4300cce,S5-b003-g-88f05556b4300cce,S5,T4,19,19,17.0,3046953553,False,False,data/tasks/phase0/task-a9411565bc6c.json
task-8bc1a34275d8,g-88f05556b4300cce,S5-b003-g-88f05556b4300cce,S5,T5,19,19,12.0,3046953553,False,False,data/tasks/phase0/task-8bc1a34275d8.json
task-3c63b2af65ac,g-88f05556b4300cce,S5-b003-g-88f05556b4300cce,S5,T6,19,19,8.0,3046953553,False,False,data/tasks/phase0/task-3c63b2af65ac.json
task-c71a7c1e534b,g-88f05556b4300cce,S5-b003-g-88f05556b4300cce,S5,T7,19,19,6.0,3046953553,False,False,data/tasks/phase0/task-c71a7c1e534b.json
task-61edaab7c71e,g-97c4d57eb951f3b8,S5-b004-g-97c4d57eb951f3b8,S5,T1,19,19,26.0,1195189866,False,False,data/tasks/phase0/task-61edaab7c71e.json
task-de2635629d27,g-97c4d57eb951f3b8,S5-b004-g-97c4d57eb951f3b8,S5,T2,19,19,20.0,1195189866,False,False,data/tasks/phase0/task-de2635629d27.json
task-a34461871cb2,g-97c4d57eb951f3b8,S5-b004-g-97c4d57eb951f3b8,S5,T3,19,19,18.0,1195189866,False,False,data/tasks/phase0/task-a34461871cb2.json
task-a9182beb835c,g-97c4d57eb951f3b8,S5-b004-g-97c4d57eb951f3b8,S5,T4,19,19,18.0,1195189866,True,True,data/tasks/phase0/task-a9182beb835c.json
task-dd61d7947946,g-97c4d57eb951f3b8,S5-b004-g-97c4d57eb951f3b8,S5,T5,19,19,14.0,1195189866,False,False,data/tasks/phase0/task-dd61d7947946.json
task-559fb17ada1f,g-97c4d57eb951f3b8,S5-b004-g-97c4d57eb951f3b8,S5,T6,19,19,13.0,1195189866,False,False,data/tasks/phase0/task-559fb17ada1f.json
task-0e2629dce20b,g-97c4d57eb951f3b8,S5-b004-g-97c4d57eb951f3b8,S5,T7,19,19,9.0,1195189866,False,False,data/tasks/phase0/task-0e2629dce20b.json
