gate_id,gate,status,evidence,remaining_action
G1,Proof consistency,PASS_WITH_LIMITATIONS,T1-T11 pass the machine reconstruction; nine require explicit scope clarifications.,Independent human proof review remains mandatory.
G2,Prior-art positioning,PASS_WITH_LIMITATIONS,No central empirical contribution depends on priority; theory novelty remains unresolved.,Independent forward/backward literature review required.
G3,Empirical integrity,PASS,Every headline number is mapped to frozen canonical evidence and hashes.,None within synthesis.
G4,Claim scope,PASS,Membership-only results are not applied as explicit rich-RCSP runtime bounds.,Maintain model labels during drafting.
G5,Held-out result,PASS,Phase-2 preregistered confirmation is separate from discovery and has zero overlap.,Do not pool Phase1.2 and Phase2 inferentially.
G6,Scaling language,PASS,Phase 3 is labeled heterogeneous scaling response and resource-censored.,m=22 remains unresolved.
G7,Cost relocation,PASS,Advice/effective bits are not equated with runtime or gates.,Implementation costs for many structure methods remain unknown.
G8,Reproducibility,PASS,Protected roots are hash-frozen and a release/validation plan exists.,Archive/DOI not yet executed.
G9,External review readiness,PASS_WITH_LIMITATIONS,A compact theorem/prior-art/claim-boundary review package is prepared.,Actual external review has not occurred.
