venue,fit,theory_novelty_expectation,empirical_evidence_expectation,benchmark_artifact_fit,length,open_access,rcsp_scope_risk,lack_of_hardware,known_theory_core_effect,official_sources,confidence
INFORMS Journal on Computing,PRIMARY_FIT,High if framed as computational OR and reproducible optimization study,Strong computational experiment and artifact expectation,Strong for RCSP and algorithmic evidence,25 pages plus documented appendices in current author guidance,Hybrid/subscription options depend on publisher policy,Synthetic RCSP narrowness must be tied to OR methodology,Not fatal if simulation methodology is central,"Known search core is acceptable as boundary, not claimed main novelty",https://pubsonline.informs.org/page/ijoc/submission-guidelines;https://pubsonline.informs.org/page/ijoc/editorial-statement,HIGH
Quantum Science and Technology,SECONDARY_FIT,Requires a significant quantum-science advance,Theory or experimental evidence accepted; controlled simulation possible,Good benchmark/methodology fit,Article type guidance is flexible; verify at submission,Hybrid open access,RCSP case study must support a broader quantum-method lesson,No hardware is a reviewer risk but not a categorical bar,Unresolved theory novelty weakens a theory-led pitch,https://publishingsupport.iopscience.iop.org/journals/quantum-science-technology/about-quantum-science-technology/,HIGH
Physical Review A,SECONDARY_FIT,Technical quantum-information contribution expected,Analytical and numerical work both in scope,Artifacts useful but not the journal's sole organizing principle,Regular Articles have no fixed length limit; Letters are constrained,Hybrid open access,An RCSP-only narrative may appear narrow,No hardware is acceptable for theory/numerics but limits empirical breadth,Use theory as scoped framework unless priority strengthens,https://journals.aps.org/pra/authors,HIGH
Quantum,SECONDARY_FIT,Rigorous technical contribution required,Open quantum-science journal; numerical studies possible,Reproducibility strongly aligned with community expectations,No fixed assessment inferred here; verify current author instructions,Fully open access,Needs a broad lesson beyond one routing family,No hardware can be acceptable but raises significance burden,Known theory core increases contribution-definition risk,https://quantum-journal.org/about/,MODERATE
ACM Transactions on Quantum Computing,POSSIBLE,High-impact original quantum computing research,Theory/practice both within scope,Software and algorithm artifacts fit,Verify current article-format rules before submission,ACM open-access terms depend on author/institution agreements,RCSP must be connected to general quantum algorithms,No hardware not automatically disqualifying,Theory-led version needs resolved novelty,https://acm-stoc.org/stoc2020/acm-journals/tqc-new-announcement-06-2020.pdf,MODERATE
IEEE Transactions on Quantum Engineering,POSSIBLE_LOW,Engineering contribution and deployability emphasized,"Resource, compilation or systems evidence would strengthen fit",Artifact detail is useful,Verify current author instructions,Fully open access,"Controlled RCSP is relevant, but implementation engineering is limited",Lack of hardware and deployment cost data is material,Known search theory is secondary,https://tqe.ieee.org/,HIGH
Quantum Information Processing,POSSIBLE,Broad quantum-information originality standard,"Algorithms, theory and computational studies in scope",Benchmark artifacts fit but are not sufficient alone,Verify current article-type limits,Hybrid open access,"Broad scope tolerates applications, but impact must be clear",No hardware is not a categorical issue,Conservative novelty positioning needed,https://link.springer.com/journal/11128/aims-and-scope,HIGH
PRX Quantum,HIGH_RISK,"Exceptional advance, connection, capability or insight expected",Very high evidence/significance bar,Artifact quality helps but cannot replace significance,Flexible length,Fully open access with APC,RCSP case study likely too narrow without broader breakthrough,No hardware raises the burden for a primarily empirical paper,Unresolved and likely preexisting theoretical core is a major weakness,https://journals.aps.org/prxquantum/scope;https://journals.aps.org/prxquantum/about,HIGH
IEEE QCE,FUTURE_CONFERENCE_OPTION,Track-specific technical novelty expected,Shorter conference evidence package,Artifact/demo alignment possible,Full papers 8-10 pages plus references in 2026 call,Proceedings access follows IEEE policy,RCSP fits applications/algorithms tracks,No hardware may be acceptable in algorithms track,Could present scoped empirical story,https://qce.quantum.ieee.org/2026/call-for-technical-papers/,HIGH; 2026 deadline already passed as of audit date
